time,monomer,product,memory,water_activity,scenario
0.0,1.0,0.01,0.01,1.0,steady_wet
0.01350623046488276,0.9978457635237211,0.011035591173796794,0.010019293906013105,0.9999718690751109,steady_wet
0.14856853511371035,0.9769330559263908,0.02097045836793611,0.01039683770085734,0.9965999865368289,steady_wet
0.3267295423937642,0.950467933777546,0.03324607629837976,0.011377149369276106,0.9836276101998532,steady_wet
0.5190353496508352,0.9222853590701466,0.04600636204679223,0.013010760453633495,0.9590276276215974,steady_wet
0.7190353496508353,0.8924113544394086,0.059278853135102644,0.01532312966764675,0.922366822031488,steady_wet
0.9190353496508352,0.8612644028642413,0.07294773540455658,0.018265348504716675,0.8753059435278472,steady_wet
1.1190353496508352,0.828476758967758,0.08724270046128128,0.021860511107660064,0.8190037871255356,steady_wet
1.3190353496508351,0.7939889606403538,0.10224296405485243,0.02614274376404689,0.7548466987713225,steady_wet
1.519035349650835,0.7579977381294671,0.1179057051149706,0.031150626282567425,0.6844144389056573,steady_wet
1.719035349650835,0.7208889902456748,0.13409983554447108,0.0369220792691532,0.6094412835177017,steady_wet
1.919035349650835,0.683163922085002,0.15064112430288426,0.04349077695906222,0.5317733205147441,steady_wet
2.119035349650835,0.645368515945528,0.16732403578382313,0.05088393892395652,0.45332299291110845,steady_wet
2.3190353496508354,0.6080351327933631,0.18394654064874436,0.059121173063908766,0.37602200813410636,steady_wet
2.5190353496508355,0.5716414100450622,0.2003259978536801,0.06821394204331546,0.30177377297620755,steady_wet
2.7190353496508357,0.5365874385437364,0.2163061810856984,0.07816522393591564,0.2324065254027644,steady_wet
2.919035349650836,0.5031888648731443,0.23175701074482824,0.08896901950012,0.16962831726573102,steady_wet
3.119035349650836,0.4716817238471636,0.24656930323153595,0.10060948905761852,0.1149849563983687,steady_wet
3.3190353496508362,0.4422344000094226,0.26064693771016073,0.11305964610164448,0.06982194369614925,steady_wet
3.5190353496508364,0.4149626883946175,0.2738985063324529,0.12627966681829692,0.03525134241924727,steady_wet
3.7190353496508366,0.38994494422290865,0.28623000616531863,0.1402149810859926,0.012124395504347685,steady_wet
3.9190353496508368,0.36723537546739804,0.2975396220742125,0.15479438677439863,0.0010105651384316183,steady_wet
4.1190353496508365,0.3468744213375438,0.3077152180423558,0.16992847525285346,0.002183510709796277,steady_wet
4.319035349650837,0.3288958061853134,0.3166348076905338,0.18550867253148084,0.01561435040569148,steady_wet
4.519035349650837,0.31333028687982994,0.324169985361352,0.20140718687640613,0.04097237237840279,steady_wet
4.719035349650837,0.3002063841594528,0.3301920341798194,0.21747810864443298,0.07763317796851227,steady_wet
4.919035349650837,0.2895485665497879,0.3345801690198914,0.23355983070435604,0.12469405647215337,steady_wet
5.119035349650837,0.2813734808994367,0.33723112641605246,0.2494788501418665,0.18099621287446482,steady_wet
5.319035349650838,0.2756849119089386,0.3380691099847733,0.26505488060948224,0.2451533012286784,steady_wet
5.519035349650838,0.27246819675219197,0.33705498373599124,0.28010706188828477,0.31558556109434366,steady_wet
5.719035349650838,0.2716848000133987,0.3341936217620292,0.29446091623076204,0.39055871648229945,steady_wet
5.919035349650838,0.27326765065699143,0.32953849870940066,0.30795558994302347,0.468226679485257,steady_wet
6.119035349650838,0.2771176548889972,0.3231929362327988,0.32045085271388346,0.5466770070888926,steady_wet
6.3190353496508385,0.28310155002887183,0.31530786240155845,0.33183332056616394,0.6239779918658946,steady_wet
6.519035349650839,0.2910510028443621,0.30607641669429314,0.3420214262455839,0.6982262270237938,steady_wet
6.719035349650839,0.3007626427523959,0.2957261500724417,0.35096877764278894,0.7675934745972367,steady_wet
6.919035349650839,0.31199861390261213,0.2845098432814396,0.3586657041667696,0.83037168273427,steady_wet
7.119035349650839,0.3244872684060001,0.27269604298310257,0.3651389689565563,0.8850150436016322,steady_wet
7.319035349650839,0.3379238134151817,0.26056028379854823,0.3704497946951841,0.9301780563038513,steady_wet
7.5190353496508395,0.35197104216939334,0.24837765785143956,0.37469048826346407,0.9647486575807531,steady_wet
7.71903534965084,0.3662606683043734,0.23641697911972784,0.3779800370971403,0.9878756044956525,steady_wet
7.91903534965084,0.3803961625142654,0.2249363546702672,0.3804590800033248,0.9989894348615684,steady_wet
8.11903534965084,0.3939582574550553,0.21417961084551024,0.3822846296551409,0.9978164892902036,steady_wet
8.31903534965084,0.4065143220111759,0.20437281477760214,0.383624854335087,0.9843856495943084,steady_wet
8.519035349650839,0.4176324962827811,0.19572014537910246,0.38465413058807585,0.9590276276215969,steady_wet
8.719035349650838,0.42690075647496944,0.18839863144931124,0.3855484773271867,0.9223668220314876,steady_wet
8.919035349650837,0.4339499812469222,0.18255175782359437,0.3864813959598185,0.8753059435278467,steady_wet
9.119035349650837,0.438478811600286,0.17828253856885667,0.3876200857109963,0.8190037871255351,steady_wet
9.319035349650836,0.4402769886663843,0.17564719373832124,0.3891219851925468,0.7548466987713225,steady_wet
9.519035349650835,0.43924334616542626,0.17465084033473308,0.39113160609893277,0.6844144389056576,steady_wet
9.719035349650834,0.43539505780490545,0.175246467798107,0.39377765838853923,0.6094412835177019,steady_wet
9.919035349650834,0.42886613920872424,0.17733789738472633,0.39717049900640206,0.5317733205147448,steady_wet
10.119035349650833,0.41989524869840206,0.18078657743808382,0.4013999511858649,0.45332299291110967,steady_wet
10.319035349650832,0.40880491095578725,0.18542121891846544,0.40653353124749564,0.376022008134108,steady_wet
10.519035349650832,0.39597576497982867,0.19104870838680746,0.41261508963076643,0.3017737729762088,steady_wet
10.71903534965083,0.38181992210764487,0.19746461211898017,0.4196638371884344,0.23240652540276602,steady_wet
10.91903534965083,0.3667570056328334,0.20446189345571264,0.4276737035529896,0.1696283172657328,steady_wet
11.11903534965083,0.3511952521760904,0.21183705138271083,0.436612973801592,0.11498495639837047,steady_wet
11.319035349650829,0.3355186442024885,0.2193935435074642,0.44642417582608035,0.06982194369615102,steady_wet
11.519035349650828,0.32007980874072955,0.22694290733159675,0.4570242379433558,0.03525134241924838,steady_wet
11.719035349650827,0.3051975816154221,0.23430434678540912,0.4683049927119686,0.012124395504348462,steady_wet
11.919035349650827,0.29115774156701413,0.24130369195621085,0.48013415511975416,0.0010105651384318959,steady_wet
12.119035349650826,0.27821538703683535,0.2477726035720187,0.49235693897216354,0.002183510709795833,steady_wet
12.319035349650825,0.2665976374260025,0.25354873117696053,0.5047984851104703,0.015614350405690203,steady_wet
12.519035349650824,0.25650567622226567,0.2584772913548832,0.5172672533511723,0.04097237237840062,steady_wet
12.719035349650824,0.24811553346243034,0.26241424518814205,0.529559474994143,0.0776331779685096,steady_wet
12.919035349650823,0.24157737892214193,0.2652309510481919,0.5414646767700972,0.12469405647214965,steady_wet
13.119035349650822,0.23701343365914768,0.26681987943030955,0.5527721770040216,0.18099621287446033,steady_wet
13.319035349650822,0.2345148805294156,0.2671007364337242,0.5632783319327649,0.24515330122867257,steady_wet
13.51903534965082,0.234138337700834,0.2660261917901768,0.5727941899607893,0.315585561094337,steady_wet
13.71903534965082,0.2359025280839974,0.2635863824194206,0.5811531121620144,0.39055871648229284,steady_wet
13.91903534965082,0.2397857180336903,0.25981148318566233,0.5882178564883817,0.46822667948524976,steady_wet
14.119035349650819,0.24572431920364066,0.2547718942893725,0.5938866153994383,0.546677007088885,steady_wet
14.319035349650818,0.2536127856570494,0.24857594759209478,0.5980975494493075,0.6239779918658868,steady_wet
14.519035349650817,0.2633046571438682,0.24136541265829659,0.6008314706232738,0.6982262270237855,steady_wet
14.719035349650817,0.2746143726180114,0.2333094067364038,0.6021124864595885,0.7675934745972295,steady_wet
14.919035349650816,0.28731937024817383,0.2245975108496185,0.6020065981351427,0.8303716827342632,steady_wet
15.119035349650815,0.30116203945928216,0.21543292505946476,0.6006184268132816,0.8850150436016261,steady_wet
15.319035349650814,0.31585129965779246,0.20602635649995144,0.5980863968844576,0.9301780563038462,steady_wet
15.519035349650814,0.331063917492346,0.19659105710617528,0.5945768115399773,0.9647486575807493,steady_wet
15.719035349650813,0.34644607991746573,0.1873390736370125,0.5902773032499309,0.9878756044956502,steady_wet
15.919035349650812,0.3616161322546435,0.1784784138400388,0.5853901271572066,0.9989894348615678,steady_wet
16.11903534965081,0.3761696692454349,0.1702105453210509,0.5801256968457539,0.9978164892902046,steady_wet
16.31903534965081,0.3896882207635296,0.16272749792573712,0.5746966548320899,0.9843856495943111,steady_wet
16.51903534965081,0.40175249454796474,0.15620789124470846,0.5693126447901287,0.9590276276216014,steady_wet
16.71903534965081,0.41196045862027403,0.15081148182681725,0.5641758308779912,0.9223668220314938,steady_wet
16.91903534965081,0.41994949358968275,0.14667229574815357,0.5594771115982868,0.875305943527854,steady_wet
17.119035349650808,0.4254205945207302,0.14389098925493068,0.5553929158313266,0.8190037871255438,steady_wet
17.319035349650807,0.42816148434619455,0.14252760364503858,0.5520824525900071,0.754846698771332,steady_wet
17.519035349650807,0.42806492945516905,0.14259615939812967,0.5496853084139672,0.684414438905668,steady_wet
17.719035349650806,0.42513885941459234,0.14406241919441343,0.5483193320400301,0.6094412835177133,steady_wet
17.919035349650805,0.41950616171535043,0.14684561265216228,0.5480787946641771,0.5317733205147565,steady_wet
18.119035349650805,0.41139396366912806,0.1508240926898642,0.5490328473445807,0.45332299291112044,steady_wet
18.319035349650804,0.40111425546248414,0.15584404395559026,0.5512243054789571,0.37602200813411846,steady_wet
18.519035349650803,0.38903922579925415,0.16172976361792749,0.5546687766357026,0.3017737729762195,steady_wet
18.719035349650802,0.37557526378388123,0.16829385650324002,0.5593541250213258,0.23240652540277584,steady_wet
18.9190353496508,0.3611391820811742,0.17534593623021008,0.5652402495243035,0.1696283172657415,steady_wet
19.1190353496508,0.346139119270487,0.1826989640163388,0.5722591546478147,0.11498495639837736,steady_wet
19.3190353496508,0.33096121946010654,0.19017298794176957,0.5803153183952643,0.06982194369615652,steady_wet
19.5190353496508,0.31596195942386707,0.19759659363101761,0.5892864032371743,0.03525134241925271,steady_wet
19.7190353496508,0.3014651332733177,0.204806743201984,0.5990244046758452,0.012124395504351015,steady_wet
19.919035349650798,0.28776207178621516,0.21164784119194802,0.6093573736065119,0.0010105651384326175,steady_wet
20.119035349650797,0.27511360475555996,0.21797085346479175,0.620091871841236,0.0021835107097948336,steady_wet
20.319035349650797,0.2637524553220318,0.22363316646542428,0.6310163161797979,0.015614350405687538,steady_wet
20.519035349650796,0.25388507335317734,0.22849965549136278,0.6419053306674856,0.040972372378396016,steady_wet
20.719035349650795,0.24569228712307978,0.2324451674030044,0.6525251588524303,0.07763317796850333,steady_wet
20.919035349650795,0.23932852537136784,0.23535834353623267,0.6626400920239218,0.12469405647214249,steady_wet
21.119035349650794,0.2349197008266352,0.23714644035263852,0.672019754095359,0.18099621287445133,steady_wet
21.319035349650793,0.2325601235490674,0.23774058119443287,0.6804469617209696,0.2451533012286633,steady_wet
21.519035349650792,0.23230899998612936,0.23710072914806488,0.6877257655122788,0.3155855610943261,steady_wet
21.71903534965079,0.2341871455591368,0.23521964198948483,0.693689192599046,0.39055871648228146,steady_wet
21.91903534965079,0.2381744805951093,0.23212517409061256,0.6982061689636052,0.468226679485239,steady_wet
22.11903534965079,0.24420870017897212,0.2278805195337986,0.7011871143109313,0.5466770070888733,steady_wet
22.31903534965079,0.2521852461142447,0.22258230710403482,0.7025877774936614,0.6239779918658763,steady_wet
22.51903534965079,0.26195842718984275,0.2163567973505175,0.7024110117499824,0.6982262270237747,steady_wet
22.719035349650788,0.2733433066906054,0.20935472024381718,0.700706361350637,0.7675934745972196,steady_wet
22.919035349650787,0.28611786852867666,0.20174546449533126,0.6975675219456838,0.8303716827342551,steady_wet
23.119035349650787,0.30002502356968286,0.1937113487381876,0.6931279193948456,0.8850150436016186,steady_wet
23.319035349650786,0.31477422812899714,0.18544256840329498,0.6875548008100998,0.9301780563038408,steady_wet
23.519035349650785,0.33004282510296584,0.1771331517321843,0.6810423274953891,0.964748657580745,steady_wet
23.719035349650785,0.3454776246508521,0.16897792952160015,0.6738041921412256,0.9878756044956478,steady_wet
23.919035349650784,0.36069763400884924,0.16117019390604304,0.6660662520683176,0.9989894348615671,steady_wet
24.119035349650783,0.37529912545957933,0.15389946245706426,0.6580595861249616,0.9978164892902057,steady_wet
24.319035349650783,0.3888642860389391,0.1473486410622329,0.6500142619903287,0.9843856495943137,steady_wet
24.519035349650782,0.4009744146892446,0.1416899450667364,0.6421539644468409,0.9590276276216061,steady_wet
24.71903534965078,0.41122795488151737,0.13707921809503085,0.634691506051044,0.9223668220314996,steady_wet
24.91903534965078,0.41926260044883223,0.1336487588215772,0.6278251395622705,0.8753059435278623,steady_wet
25.11903534965078,0.4247794632948831,0.1314993378119281,0.6217355305887412,0.8190037871255529,steady_wet
25.31903534965078,0.42756617357906845,0.13069260232911817,0.6165832342077096,0.7548466987713414,steady_wet
25.51903534965078,0.42751520867985643,0.13124533795544213,0.6125065449631806,0.6844144389056789,steady_wet
25.719035349650778,0.42463405324590225,0.1331269337737083,0.6096196399353712,0.6094412835177239,steady_wet
25.919035349650777,0.41904505528096536,0.13626085575873964,0.6080109885702718,0.5317733205147681,steady_wet
26.119035349650776,0.4109747793306062,0.14053010574651828,0.6077420417650272,0.45332299291113204,steady_wet
26.319035349650775,0.4007346976989369,0.14578578966623965,0.6088462264938929,0.3760220081341289,steady_wet
26.519035349650775,0.3886965797908451,0.1518573140400139,0.6113282634861,0.3017737729762302,steady_wet
26.719035349650774,0.3752665265116824,0.15856254673369283,0.6151638065438034,0.23240652540278495,steady_wet
26.919035349650773,0.36086120362633506,0.16571652328000067,0.6202993888083733,0.16962831726575028,steady_wet
27.119035349650773,0.3458887355112413,0.17313781678208762,0.6266526655672866,0.1149849563983848,steady_wet
27.319035349650772,0.33073536347560617,0.18065231852228003,0.6341129686124416,0.06982194369616201,steady_wet
27.51903534965077,0.3157577454615019,0.1880947239627898,0.6425422285858817,0.03525134241925698,steady_wet
27.71903534965077,0.30127991257626513,0.19530838535476175,0.6517763681651301,0.012124395504353347,steady_wet
27.91903534965077,0.2875934632109862,0.20214435582689413,0.6616273073568292,0.0010105651384333947,steady_wet
28.11903534965077,0.27495950493723154,0.20846044009064998,0.6718857409175052,0.002183510709793779,steady_wet
28.31903534965077,0.2636110335710553,0.21412093251382883,0.6823248386569432,0.015614350405684874,steady_wet
28.519035349650768,0.25375475601787056,0.21899751019845887,0.6927049779440323,0.04097237237839174,steady_wet
28.719035349650767,0.24557173529560136,0.22297149217355328,0.7027795444151067,0.07763317796849756,steady_wet
28.919035349650766,0.2392166088885372,0.2259374034820499,0.7123017364692078,0.12469405647213422,steady_wet
29.119035349650765,0.2348154707154168,0.2278075217242269,0.7210321908576113,0.180996212874443,steady_wet
29.319035349650765,0.2324627844682315,0.22851686495317095,0.7287471238694394,0.24515330122865403,steady_wet
29.519035349650764,0.2322178838166142,0.2280279392053726,0.7352465717538986,0.3155855610943161,steady_wet
29.719035349650763,0.23410168704336187,0.22633453394000616,0.7403622328791475,0.3905587164822709,steady_wet
29.919035349650763,0.23809419574846538,0.22346395245418796,0.743964379052748,0.46822667948522645,steady_wet
30.119035349650762,0.24413316802964619,0.21947728484012416,0.7459673260449023,0.5466770070888626,steady_wet
30.31903534965076,0.25211409412929725,0.214467636040334,0.7463330374603999,0.6239779918658659,steady_wet
30.51903534965076,0.2618913205069817,0.2085565488959993,0.7450725756765798,0.6982262270237649,steady_wet
30.71903534965076,0.2732799410156172,0.2018891395432572,0.742245292717489,0.7675934745972105,steady_wet
30.91903534965076,0.2860579663123113,0.19462862732329114,0.7379558491630464,0.8303716827342457,steady_wet
31.11903534965076,0.29996833287782937,0.18695095711792284,0.7323493335303956,0.8850150436016118,steady_wet
31.319035349650758,0.3147205234848538,0.1790400769200809,0.7256049026502089,0.9301780563038344,steady_wet
31.519035349650757,0.32999190950985346,0.17108417837237647,0.7179284562968031,0.964748657580741,steady_wet
31.719035349650756,0.3454293319863824,0.16327288723912334,0.709544887031745,0.9878756044956454,steady_wet
31.919035349650756,0.36065183100037596,0.15579507070359538,0.7006904096814967,0.9989894348615662,steady_wet
32.11903534965076,0.37525571250217427,0.14883667812994364,0.6916053844609712,0.9978164892902066,steady_wet
32.31903534965076,0.38882319621256684,0.14257791623153257,0.6825279211029346,0.984385649594316,steady_wet
32.519035349650764,0.40093561049847753,0.13718913038127542,0.6736884102823494,0.959027627621609,steady_wet
32.71903534965077,0.4111914225080127,0.13282504602116904,0.6653049958277538,0.9223668220315024,steady_wet
32.91903534965077,0.4192283416821805,0.12961749508013545,0.6575798968081087,0.8753059435278647,steady_wet
33.11903534965077,0.4247474857552968,0.12766732264739036,0.6506964266324748,0.8190037871255542,steady_wet
33.319035349650775,0.4275364802749931,0.12703668245841993,0.6448165416667163,0.7548466987713429,steady_wet
33.51903534965078,0.42748778822667516,0.1277431978980338,0.6400787784832591,0.684414438905679,steady_wet
33.71903534965078,0.42460887209006687,0.12975734041648132,0.6365964907606981,0.6094412835177222,steady_wet
33.919035349650784,0.41902205297827305,0.13300383282097514,0.634456352857313,0.5317733205147647,steady_wet
34.11903534965079,0.4109538673766386,0.13736705572885705,0.633717138090416,0.4533229929111286,steady_wet
34.31903534965079,0.4007157617578335,0.14269958031286098,0.634408795749953,0.37602200813412384,steady_wet
34.51903534965079,0.38867948460311,0.14883234465677123,0.6365318441705576,0.30177377297622376,steady_wet
34.719035349650795,0.3752511224259649,0.15558480715126485,0.6400570800787967,0.23240652540277756,steady_wet
34.9190353496508,0.3608473336428039,0.16277365503728458,0.6449255926214952,0.1696283172657424,steady_wet
35.1190353496508,0.34587624189877525,0.17021918240344405,0.6510490758085272,0.11498495639837808,steady_wet
35.319035349650804,0.3307240933292805,0.1777490807312981,0.6583104590704401,0.06982194369615574,steady_wet
35.51903534965081,0.31574755489319384,0.18519993248366287,0.6665649170501354,0.03525134241925182,steady_wet
35.71903534965081,0.30127066950254133,0.19241706480912948,0.6756413655607516,0.012124395504350294,steady_wet
35.91903534965081,0.28758504888378056,0.19925358441838284,0.685344587846934,0.001010565138432229,steady_wet
36.119035349650815,0.27495181445418976,0.2055694056473625,0.6954581522546893,0.0021835107097953887,steady_wet
36.31903534965082,0.2636039756238635,0.21123095047144955,0.7057482709017391,0.015614350405689703,steady_wet
36.51903534965082,0.25374825211459273,0.2161119877182443,0.7159687049653487,0.040972372378400124,steady_wet
36.719035349650824,0.24556571865043533,0.2200958241997925,0.7258667463082494,0.07763317796850888,steady_wet
36.91903534965083,0.23921102312624656,0.2230787903717539,0.7351902024415584,0.12469405647215054,steady_wet
37.11903534965083,0.23481026849774422,0.22497470405173042,0.7436951918384206,0.18099621287446205,steady_wet
37.31903534965083,0.23245792611976848,0.22571977875278423,0.751154432994864,0.2451533012286753,steady_wet
37.519035349650835,0.23221333600770283,0.2252773034302187,0.7573656000719621,0.31558556109434244,steady_wet
37.71903534965084,0.23409742157501773,0.22364139014781337,0.7621592383035526,0.39055871648229856,steady_wet
37.91903534965084,0.23809018847547334,0.2208391834203374,0.7654056998787953,0.46822667948525826,steady_wet
38.119035349650844,0.24412939794963737,0.21693114280061232,0.7670205870861365,0.5466770070888943,steady_wet
38.31903534965085,0.2521105426557119,0.2120093118032939,0.7669682775468056,0.6239779918658968,steady_wet
38.51903534965085,0.2618879709319118,0.2061938099046125,0.7652632498855197,0.6982262270237973,steady_wet
38.71903534965085,0.27327677815556123,0.1996280585265733,0.7619691108288558,0.7675934745972404,steady_wet
38.919035349650855,0.28605497631758003,0.19247341439335156,0.7571954225827054,0.8303716827342735,steady_wet
39.11903534965086,0.29996550317635384,0.18490389838127766,0.7510926151852296,0.8850150436016366,steady_wet
39.31903534965086,0.31471784282439796,0.17710157327849224,0.74384541689561,0.9301780563038551,steady_wet
39.51903534965086,0.32998936805913476,0.16925287041598197,0.7356653275307351,0.9647486575807567,steady_wet
39.719035349650866,0.34542692145470766,0.16154584681739498,0.7267826855237921,0.9878756044956547,steady_wet
39.91903534965087,0.36064954473635824,0.15416803723413397,0.7174388404489677,0.9989894348615691,steady_wet
40.11903534965087,0.37525354553465856,0.14730431783601836,0.7078788495479493,0.9978164892902024,steady_wet
40.319035349650875,0.3888211452016556,0.1411340847845342,0.6983449873616197,0.9843856495943051,steady_wet
40.51903534965088,0.4009336735728649,0.13582712315683337,0.6890712140118395,0.9590276276215908,steady_wet
40.71903534965088,0.41118959897815766,0.13153782460862012,0.680278612878874,0.9223668220314787,steady_wet
40.91903534965088,0.41922663163758533,0.1283978831543278,0.6721717026033421,0.8753059435278354,steady_wet
41.119035349650886,0.42474588957651055,0.12650816832794154,0.6649354655886971,0.8190037871255216,steady_wet
41.31903534965089,0.42753499811240414,0.12593098754800774,0.6587329203127837,0.7548466987713034,steady_wet
41.51903534965089,0.42748641951228783,0.12668421679063044,0.6537030916139311,0.6844144389056361,steady_wet
41.719035349650895,0.42460761514936446,0.12873865301826956,0.649959285631004,0.609441283517679,steady_wet
41.9190353496509,0.4190209047945182,0.13201939663629647,0.6475876329489869,0.5317733205147205,steady_wet
42.1190353496509,0.41095282353247264,0.13641124247415065,0.6466459055171496,0.4533229929110845,steady_wet
42.3190353496509,0.4007148165465025,0.14176720217812452,0.6471626299592627,0.37602200813408265,steady_wet
42.519035349650906,0.388678631273418,0.14791867476137824,0.6491365142173307,0.30177377297618146,steady_wet
42.71903534965091,0.3752503535082942,0.1546855979345235,0.6525361882960805,0.23240652540274015,steady_wet
42.91903534965091,0.3608466413006792,0.16188515735090853,0.6573002488523972,0.16962831726570915,steady_wet
43.119035349650915,0.34587561825916135,0.16933816697877835,0.6633376032983427,0.11498495639834982,steady_wet
43.31903534965092,0.3307235307599903,0.1768728625141848,0.6705281354183001,0.06982194369613404,steady_wet
43.51903534965092,0.3157470462120716,0.1843263971027314,0.6787237560158264,0.03525134241923483,steady_wet
43.71903534965092,0.30127020811663013,0.1915446952235749,0.6877499477171122,0.01212439550434019,steady_wet
43.919035349650926,0.2875846288657359,0.1983814846596481,0.6974079497487915,0.0010105651384294534,steady_wet
44.11903534965093,0.27495143056776206,0.2046973176363866,0.7074777446569939,0.002183510709799552,steady_wet
44.31903534965093,0.26360362331134296,0.21035925929474572,0.7177219963373292,0.015614350405700195,steady_wet
44.519035349650935,0.2537479274579974,0.21524171062527284,0.7278910434991238,0.04097237237841839,steady_wet
44.71903534965094,0.2455654183160969,0.21922857906397591,0.7377289754486299,0.07763317796853358,steady_wet
44.91903534965094,0.23921074430014427,0.22221674050592316,0.7469807130906223,0.12469405647217979,steady_wet
45.11903534965094,0.2348100088169432,0.2241204780638058,0.7553998970446707,0.1809962128744962,steady_wet
45.319035349650946,0.23245768360383026,0.22487636643335487,0.7627572605447255,0.24515330122871343,steady_wet
45.51903534965095,0.23221310899294179,0.22444793122823198,0.7688490541547538,0.31558556109438196,steady_wet
45.71903534965095,0.23409720865384953,0.22282938227069776,0.7735050102171585,0.39055871648234347,steady_wet
45.919035349650954,0.23808998844266055,0.22004781661006514,0.7765953036087785,0.46822667948530244,steady_wet
46.11903534965096,0.2441292097568195,0.21616350404223209,0.7780359930947335,0.5466770070889384,steady_wet
46.31903534965096,0.2521103653751148,0.21126816838228957,0.7777925175836707,0.6239779918659396,steady_wet
46.51903534965096,0.2618878037295345,0.20548150027620857,0.7758809671870998,0.6982262270238364,steady_wet
46.719035349650966,0.27327662027349403,0.19894641051503867,0.7723670335705769,0.7675934745972792,steady_wet
46.91903534965097,0.2860548270644909,0.19182369459177084,0.767362743524829,0.8303716827343082,steady_wet
47.11903534965097,0.2999653619246841,0.1842867936702055,0.7610212665753325,0.8850150436016648,steady_wet
47.319035349650974,0.3147177090124696,0.17651720255025458,0.7535302362321593,0.9301780563038777,steady_wet
47.51903534965098,0.32998924119619877,0.16870082224923935,0.7451041161231596,0.9647486575807724,steady_wet
47.71903534965098,0.3454268011269161,0.16102523724445128,0.7359761673522596,0.9878756044956649,steady_wet
47.91903534965098,0.3606494306116924,0.15367758098332238,0.7263905332184165,0.998989434861572,steady_wet
48.119035349650986,0.375253437364972,0.1468424064720246,0.7165948628059798,0.9978164892901983,steady_wet
48.31903534965099,0.3888210428202298,0.14069886585945476,0.706833764047549,0.9843856495942941,steady_wet
48.51903534965099,0.40093357688628917,0.13541657561110282,0.6973432319222682,0.9590276276215739,steady_wet
48.719035349650994,0.4111895079520122,0.13114982699809202,0.6883460614923513,0.922366822031454,steady_wet
48.919035349651,0.4192265462763381,0.128030272628904,0.6800481487971096,0.875305943527805,steady_wet
49.119035349651,0.42474580989915794,0.1261587894999096,0.6726355193271605,0.819003787125486,steady_wet
49.319035349651,0.42753492412645366,0.12559773137483457,0.6662719087034731,0.7548466987712668,steady_wet
49.519035349651006,0.4274863511893871,0.12636505032130446,0.661096747086872,0.6844144389055966,steady_wet
49.71903534965101,0.4246075524059266,0.12843164131969023,0.6572234516208284,0.6094412835176375,steady_wet
49.91903534965101,0.4190208474799561,0.13172271845820396,0.6547379885031814,0.5317733205146745,steady_wet
50.119035349651014,0.4109527714262836,0.13612320127122016,0.6536977088158633,0.45332299291103867,steady_wet
50.31903534965102,0.40071476936382044,0.14148623403072225,0.6541304798557463,0.376022008134038,steady_wet
50.51903534965102,0.38867858867724076,0.1476433545607505,0.6560341285917964,0.3017737729761425,steady_wet
50.71903534965102,0.37525031512575774,0.1544146449534308,0.6593761982207309,0.23240652540270423,steady_wet
50.919035349651026,0.36084660674060665,0.16161744102732933,0.6640940082216708,0.16962831726567457,steady_wet
51.11903534965103,0.3458755871285507,0.16907271341172825,0.6700950145890684,0.11498495639832046,steady_wet
51.31903534965103,0.330723502677862,0.17660886181700436,0.6772574934878614,0.06982194369611056,steady_wet
51.519035349651034,0.31574702081991046,0.1840632113913666,0.6854316131786408,0.03525134241921912,steady_wet
51.71903534965104,0.30127018508533204,0.19128186665140812,0.6944410045982189,0.01212439550433092,steady_wet
51.91903534965104,0.28758460789942253,0.19811874257047102,0.7040849774241223,0.0010105651384265113,steady_wet
52.11903534965104,0.2749514114050528,0.20443458362654307,0.7141415441793753,0.0021835107098038264,steady_wet
52.319035349651045,0.2636036057247282,0.2100966487952526,0.7243714017589614,0.01561435040571163,steady_wet
52.51903534965105,0.25374791125190105,0.2149795295781509,0.734522973816746,0.04097237237843526,steady_wet
52.71903534965105,0.24556540332411048,0.2189673144113056,0.7443385394586444,0.07763317796855629,steady_wet
52.919035349651054,0.23921073038179871,0.22195704355581491,0.753561368969998,0.12469405647220788,steady_wet
53.11903534965106,0.23480999585428658,0.22386314033796773,0.7619436656839609,0.18099621287453166,steady_wet
53.31903534965106,0.2324576714980039,0.22462228829538242,0.769254988459756,0.24515330122875306,steady_wet
53.51903534965106,0.2322130976608985,0.2241980843641639,0.7752907184803652,0.31558556109442476,steady_wet
53.719035349651065,0.23409719802532622,0.2225847678404034,0.779880055176385,0.39055871648238494,steady_wet
53.91903534965107,0.2380899784574946,0.21980942149500596,0.7828929952984838,0.4682266794853449,steady_wet
54.11903534965107,0.2441292003626792,0.215932257978063,0.784245777738298,0.5466770070889843,steady_wet
54.319035349651074,0.25211035652568775,0.2110449048128249,0.7839043677910736,0.6239779918659842,steady_wet
54.51903534965108,0.26188779538318935,0.20526692347803122,0.7818857013298344,0.6982262270238787,steady_wet
54.71903534965108,0.2732766123923977,0.19874107095601518,0.7782565950824577,0.7675934745973152,steady_wet
54.91903534965108,0.2860548196141336,0.19162797368911536,0.7731304296058932,0.83037168273434,steady_wet
55.119035349651085,0.2999653548737393,0.18410089822443018,0.7666618991233175,0.8850150436016943,steady_wet
55.31903534965109,0.3147177023328996,0.17634116827834587,0.7590402715074653,0.9301780563039012,steady_wet
55.51903534965109,0.3299892348635063,0.168534525134887,0.750481693305841,0.9647486575807893,steady_wet
55.719035349651094,0.34542679512044266,0.16086841094058413,0.7412210994430056,0.9878756044956741,steady_wet
55.9190353496511,0.36064942491486424,0.15352983827327438,0.7315042464108282,0.9989894348615747,steady_wet
56.1190353496511,0.375253431965402,0.14670326280791682,0.7215802923516776,0.997816489290194,steady_wet
56.3190353496511,0.3888210377095955,0.140567763204266,0.7116952156889136,0.9843856495942827,steady_wet
56.519035349651105,0.4009335720599276,0.13529290515025202,0.7020862182152176,0.9590276276215557,steady_wet
56.71903534965111,0.4111895034082049,0.13103294968922685,0.6929771218943607,0.9223668220314314,steady_wet
56.91903534965111,0.41922654201530796,0.12791953696508288,0.6845746614142554,0.8753059435277768,steady_wet
57.119035349651114,0.4247458059218531,0.12605354622679812,0.6770655108816739,0.8190037871254534,steady_wet
57.31903534965112,0.4275349204332488,0.12549734519983005,0.6706138677824438,0.7548466987712272,steady_wet
57.51903534965112,0.4274863477788669,0.12626890887075326,0.6653594442266735,0.6844144389055539,steady_wet
57.71903534965112,0.42460754927391864,0.1283391617411441,0.6614157684036173,0.6094412835175925,steady_wet
57.919035349651125,0.4190208446189434,0.13163335213745528,0.6588687566894241,0.5317733205146321,steady_wet
58.11903534965113,0.41095276882525944,0.13603643715180264,0.6577755596732118,0.4533229929109963,steady_wet
58.31903534965113,0.4007147670085652,0.14140160100014385,0.6581637033009223,0.37602200813399345,steady_wet
58.51903534965113,0.38867858655093224,0.1475604233146353,0.6600305415425469,0.3017737729761002,steady_wet
58.719035349651136,0.3752503132097837,0.15433302967493434,0.6633430216409817,0.23240652540266532,steady_wet
58.91903534965114,0.36084660501544064,0.16153680113081223,0.6680377526974759,0.16962831726564265,steady_wet
59.11903534965114,0.3458755855745752,0.1689927555007574,0.6740213748421506,0.11498495639829331,steady_wet
59.319035349651145,0.3307235012760596,0.1765293419003072,0.6811712529488153,0.06982194369608707,steady_wet
59.51903534965115,0.3157470195523851,0.18398393728966278,0.6893365605208783,0.035251342419202136,steady_wet
59.71903534965115,0.3012701839356558,0.19120270041788712,0.6983398648824506,0.012124395504320817,steady_wet
59.91903534965115,0.287584606852826,0.1980396026453318,0.7079793611198272,0.0010105651384237913,steady_wet
60.119035349651156,0.2749514104484886,0.20435544636152672,0.7180319177113724,0.0021835107098078232,steady_wet
60.31903534965116,0.26360360484683965,0.2100175489298184,0.7282570832793394,0.015614350405722177,steady_wet
60.51903534965116,0.2537479104429256,0.21490055923792004,0.7384021575510017,0.040972372378453525,steady_wet
60.719035349651165,0.2455654025757415,0.21888862024284175,0.7482083511796147,0.07763317796858099,steady_wet
60.91903534965117,0.2392107296870244,0.22187882171591364,0.7574179539195145,0.12469405647223836,steady_wet
61.11903534965117,0.23480999520721915,0.22378562921841338,0.7657823086496446,0.18099621287456436,steady_wet
61.31903534965117,0.23245767089370858,0.2245457590732892,0.7730702638381727,0.2451533012287896,steady_wet
61.519035349651176,0.23221309709522978,0.2241228297006654,0.7790766661817279,0.31558556109446756,steady_wet
61.71903534965118,0.2340971974947767,0.22251108927545504,0.7836303763465815,0.3905587164824299,steady_wet
61.91903534965118,0.23808997795906106,0.21973761626888352,0.7866012602566298,0.4682266794853909,steady_wet
62.119035349651185,0.24412919989374943,0.2158626061194495,0.7879056374380877,0.5466770070890266,steady_wet
62.31903534965119,0.2521103560839498,0.21097765734784918,0.7875097596505218,0.6239779918660254,steady_wet
62.51903534965119,0.261887794966565,0.20520229252809827,0.7854310405058799,0.698226227023921,steady_wet
62.71903534965119,0.2732766119989982,0.19867922231575433,0.7817369431823652,0.767593474597354,steady_wet
62.919035349651196,0.28605481924223625,0.1915690222355253,0.7765416343340072,0.8303716827343746,steady_wet
63.1190353496512,0.29996535452178025,0.18404490624043837,0.7700007003001418,0.8850150436017215,steady_wet
63.3190353496512,0.31471770199947907,0.1762881465170749,0.7623043710657024,0.9301780563039228,steady_wet
63.519035349651205,0.3299892345474013,0.16848443623842102,0.7536697890484596,0.9647486575808064,steady_wet
63.71903534965121,0.3454267948206218,0.16082117468167947,0.7443328843405932,0.9878756044956842,steady_wet
63.91903534965121,0.3606494246304999,0.15348533801950684,0.7345403768583291,0.9989894348615777,steady_wet
64.11903534965121,0.37525343169587566,0.14666135261145433,0.7245423299928112,0.99781648929019,steady_wet
64.31903534965122,0.3888210374544915,0.1405282749830735,0.7145855481064343,0.9843856495942721,steady_wet
64.51903534965122,0.40093357181901296,0.13525565552875154,0.7049079639909813,0.9590276276215388,steady_wet
64.71903534965122,0.4111895031813937,0.1309977461877843,0.6957340253261046,0.9223668220314067,steady_wet
64.91903534965122,0.4192265418026111,0.12788618335013358,0.6872709816290201,0.8753059435277464,steady_wet
65.11903534965123,0.42474580572331777,0.1260218469434983,0.6797059093173514,0.8190037871254179,steady_wet
65.31903534965123,0.42753492024889356,0.12546710889867002,0.6732032971283954,0.7548466987711906,steady_wet
65.51903534965123,0.42748634760862114,0.1262399511053092,0.6679030410208031,0.6844144389055143,steady_wet
65.71903534965124,0.42460754911757415,0.12831130695654738,0.6639187506582801,0.6094412835175477,steady_wet
65.91903534965124,0.41902084447612503,0.13160643509107867,0.6613363272228973,0.5317733205145861,steady_wet
66.11903534965124,0.41095276869541786,0.13601030391306035,0.6602128152969252,0.45332299291095046,steady_wet
66.31903534965124,0.4007147668909907,0.14137610966923825,0.6605755496758202,0.37602200813395226,steady_wet
66.51903534965125,0.3886785864447855,0.14753544458408546,0.6624216133748736,0.30177377297606117,steady_wet
66.71903534965125,0.37525031311413576,0.1543084473354849,0.6657176079287698,0.2324065254026264,steady_wet
66.91903534965125,0.360846604929317,0.16151251259670024,0.6703997269428089,0.16962831726560806,steady_wet
67.11903534965126,0.3458755854969968,0.16896867239952587,0.6763741304795681,0.11498495639826395,steady_wet
67.31903534965126,0.3307235012060773,0.17650539074029686,0.6835176446665309,0.06982194369606542,steady_wet
67.51903534965126,0.3157470194891057,0.18396006018497624,0.6916788526198632,0.03525134241918648,steady_wet
67.71903534965126,0.3012701838782595,0.19117885581744426,0.7006796882726877,0.012124395504311491,steady_wet
67.91903534965127,0.2875846068005757,0.19801576598180998,0.7103176809319655,0.0010105651384209047,steady_wet
68.11903534965127,0.27495141040073307,0.20433161051053336,0.7203690137432671,0.0021835107098120976,steady_wet
68.31903534965127,0.26360360480301215,0.20999372435329502,0.7305925455427523,0.015614350405733612,steady_wet
68.51903534965128,0.2537479104025389,0.21487677368245514,0.7407348989880305,0.0409723723784704,steady_wet
68.71903534965128,0.24556540253838105,0.21886491787665427,0.7505366391549679,0.0776331779686037,steady_wet
68.91903534965128,0.23921072965234022,0.2218552616196242,0.7597394613645215,0.12469405647226878,steady_wet
69.11903534965128,0.23480999517491738,0.2237622831937498,0.7680941847702997,0.18099621287459983,steady_wet
69.31903534965129,0.23245767086354296,0.22452270879686972,0.7753692231698059,0.24515330122882922,steady_wet
69.51903534965129,0.23221309706699345,0.22410016332007607,0.781359093574348,0.3155855610945071,steady_wet
69.71903534965129,0.23409719746829452,0.2224888976126053,0.7858924443155367,0.39055871648247137,steady_wet
69.9190353496513,0.2380899779341831,0.2197159888506888,0.7888390541575965,0.46822667948543684,steady_wet
70.1190353496513,0.24412919987034518,0.2158416272888128,0.7901152832377331,0.5466770070890725,steady_wet
70.3190353496513,0.25211035606190385,0.21095740271227156,0.7896875487513488,0.6239779918660701,steady_wet
70.5190353496513,0.2618877949457736,0.20518282597718807,0.7875735461913899,0.69822622702396,steady_wet
70.7190353496513,0.2732766119793669,0.19866059378573925,0.7838411237733712,0.76759347459739,steady_wet
70.91903534965131,0.286054819223679,0.19155126632650987,0.7786049190360843,0.8303716827344092,steady_wet
71.11903534965131,0.29996535450421874,0.1840280417114708,0.7720210548816571,0.8850150436017508,steady_wet
71.31903534965132,0.3147177019828433,0.17627217660670255,0.7642803418139464,0.9301780563039463,steady_wet
71.51903534965132,0.3299892345316301,0.16846934969441033,0.7556005247765922,0.964748657580822,steady_wet
71.71903534965132,0.34542679480566346,0.16080694733979708,0.746218137437083,0.9878756044956936,steady_wet
71.91903534965132,0.36064942461631294,0.1534719347504919,0.7363804853833286,0.9989894348615804,steady_wet
72.11903534965133,0.3752534316824289,0.1466487294564242,0.7263381835659893,0.9978164892901857,steady_wet
72.31903534965133,0.388821037441764,0.14051638131646685,0.7163385407691483,0.9843856495942607,steady_wet
72.51903534965133,0.40093357180699285,0.13524443611869863,0.7066199373688583,0.9590276276215205,steady_wet
72.71903534965134,0.41118950317007646,0.13098714306034492,0.6974072053017633,0.922366822031384,steady_wet
72.91903534965134,0.41922654179199714,0.12787613740072198,0.6889079114143659,0.8753059435277184,steady_wet
73.11903534965134,0.42474580571340936,0.1260122992719679,0.6813093813562314,0.8190037871253824,steady_wet
73.31903534965134,0.42753492023969153,0.12545800187150358,0.6747762857300436,0.754846698771151,steady_wet
73.51903534965135,0.42748634760012183,0.12623122916816057,0.6694486370831394,0.6844144389054715,steady_wet
73.71903534965135,0.42460754910976717,0.12830291723315226,0.6654400993380104,0.6094412835175061,steady_wet
73.91903534965135,0.4190208444689919,0.1315983278111542,0.6628365689841454,0.5317733205145437,steady_wet
74.11903534965136,0.4109527686889313,0.1360024327134384,0.6616950304466994,0.4533229929109046,steady_wet
74.31903534965136,0.40071476688511554,0.14136843181034925,0.66204270628606,0.3760220081339076,steady_wet
74.51903534965136,0.3886785864394799,0.14752792111909047,0.6638765184001282,0.3017737729760189,steady_wet
74.71903534965136,0.37525031310935353,0.15430104326265634,0.6671628613502203,0.2324065254025905,steady_wet
74.91903534965137,0.36084660492500975,0.1615051970176333,0.6718376788907717,0.16962831726557615,steady_wet
75.11903534965137,0.3458755854931159,0.1689614186967907,0.6778068414889943,0.1149849563982368,steady_wet
75.31903534965137,0.33072350120257565,0.17649817677848623,0.6849468494789023,0.06982194369604194,steady_wet
75.51903534965138,0.3157470194859389,0.18395286852906254,0.6931059282305935,0.035251342419169496,steady_wet
75.71903534965138,0.30127018387538673,0.19117167395236784,0.7021056272015032,0.012124395504301444,steady_wet
75.91903534965138,0.2875846067979603,0.1980085865079364,0.7117430709274102,0.0010105651384181846,steady_wet
76.11903534965138,0.2749514103983427,0.20432443128195324,0.7217940252832974,0.0021835107098160944,steady_wet
76.31903534965139,0.2636036048008186,0.20998654852101553,0.7320169285257903,0.015614350405745048,steady_wet
76.51903534965139,0.253747910400518,0.21486960960353238,0.7421579898942945,0.04097237237848861,steady_wet
76.71903534965139,0.24556540253651213,0.2188577788542563,0.7519573796797523,0.07763317796862834,steady_wet
76.9190353496514,0.23921072965060597,0.22184816544845848,0.761156429083221,0.12469405647229687,steady_wet
77.1190353496514,0.23480999517330314,0.22375525150005626,0.7695056358090265,0.18099621287463258,steady_wet
77.3190353496514,0.23245767086203642,0.22451576618115515,0.7767731461658177,0.24515330122886886,steady_wet
77.5190353496514,0.2322130970655843,0.2240933363318705,0.7827532734761448,0.3155855610945499,steady_wet
77.7190353496514,0.23409719746697405,0.22248221360693318,0.7872745338653426,0.39055871648251633,steady_wet
77.91903534965141,0.2380899779329439,0.2197094747925321,0.7902066502953924,0.46822667948547925,steady_wet
78.11903534965141,0.2441291998691807,0.21583530858175995,0.7914660052365092,0.5466770070891148,steady_wet
78.31903534965141,0.25211035606080817,0.21095130212885854,0.7910191146918568,0.6239779918661147,steady_wet
78.51903534965142,0.2618877949447414,0.2051769627605887,0.7888838444404752,0.6982262270240023,steady_wet
78.71903534965142,0.2732766119783935,0.19865498297644857,0.7851282764420564,0.7675934745974289,steady_wet
78.91903534965142,0.2860548192227598,0.19154591834587004,0.779867334930781,0.8303716827344412,steady_wet
79.11903534965143,0.2999653545033499,0.18402296220958816,0.773257470167287,0.8850150436017779,steady_wet
79.31903534965143,0.31471770198202104,0.17626736655899738,0.765489847407159,0.930178056303968,steady_wet
79.51903534965143,0.3299892345308511,0.16846480571176284,0.7567825803000392,0.964748657580839,steady_wet
79.71903534965143,0.345426794804925,0.16080266214406755,0.7473725723158359,0.9878756044957036,steady_wet
79.91903534965144,0.3606494246156128,0.15346789776093783,0.737507488290065,0.9989894348615833,steady_wet
80.11903534965144,0.3752534316817653,0.14664492743287275,0.7274382818809786,0.9978164892901817,steady_wet
80.31903534965144,0.3888210374411356,0.14051279901078073,0.717412571995778,0.9843856495942501,steady_wet
80.51903534965145,0.40093357180639894,0.13524105689534807,0.7076690145388166,0.9590276276215022,steady_wet
80.71903534965145,0.4111895031695166,0.1309839494579054,0.6984326783374138,0.9223668220313592,steady_wet
80.91903534965145,0.419226541791471,0.12787311161722584,0.6899113262231316,0.875305943527688,steady_wet
81.11903534965145,0.424745805712917,0.12600942356702396,0.6822924381530736,0.8190037871253497,steady_wet
81.31903534965146,0.4275349202392329,0.12545525888622244,0.6757407977603193,0.7548466987711144,steady_wet
81.51903534965146,0.42748634759969684,0.12622860216988713,0.6703964905866096,0.684414438905432,steady_wet
81.71903534965146,0.4246075491093752,0.1283003902958541,0.6663732152865941,0.6094412835174612,steady_wet
81.91903534965147,0.4190208444686322,0.13159588594430216,0.6637568668644807,0.5317733205145013,steady_wet
82.11903534965147,0.4109527686886026,0.1360000619527063,0.6626043941591508,0.4533229929108623,steady_wet
82.31903534965147,0.4007147668848162,0.14136611928281742,0.6629429521027271,0.376022008133863,steady_wet
82.51903534965147,0.3886785864392081,0.1475256550941877,0.6647693648676327,0.30177377297597985,steady_wet
82.71903534965148,0.3752503131091072,0.15429881319805616,0.6680499010353429,0.23240652540255158,steady_wet
82.91903534965148,0.3608466049247868,0.16150299360690662,0.6727203519407325,0.16962831726554428,steady_wet
83.11903534965148,0.34587558549291403,0.16895923392291384,0.6786864111018681,0.11498495639820744,steady_wet
83.31903534965149,0.33072350120239274,0.17649600397439533,0.6858243795383697,0.06982194369601846,steady_wet
83.51903534965149,0.3157470194857729,0.18395070244342165,0.6939822635347888,0.035251342419153786,steady_wet
83.71903534965149,0.3012701838752357,0.19116951081570766,0.7029813768871409,0.012124395504291341,steady_wet
83.9190353496515,0.2875846067978226,0.19800642409152486,0.7126185958347292,0.0010105651384154646,steady_wet
84.1190353496515,0.27495141039821686,0.20432226893945063,0.7226694301011429,0.0021835107098203688,steady_wet
84.3190353496515,0.26360360480070333,0.2099843872014835,0.7328920595774355,0.015614350405756428,steady_wet
84.5190353496515,0.25374791040041217,0.214867451824065,0.7430324393556927,0.040972372378505484,steady_wet
84.7190353496515,0.24556540253641487,0.21885562862168859,0.7528304968523954,0.07763317796865304,steady_wet
84.91903534965151,0.23921072965051643,0.2218460281224516,0.7620273390733623,0.12469405647232495,steady_wet
85.11903534965151,0.2348099951732207,0.2237531335943072,0.7703732656055526,0.18099621287466805,steady_wet
85.31903534965151,0.23245767086196045,0.2245136751051933,0.7776362576851606,0.2451533012289085,steady_wet
85.51903534965152,0.2322130970655144,0.22409128008225995,0.783610502690406,0.3155855610945894,steady_wet
85.71903534965152,0.23409719746690985,0.22248020042284847,0.7881244346934658,0.39055871648256124,steady_wet
85.91903534965152,0.2380899779328848,0.2197075127956695,0.791047741563802,0.46822667948552166,steady_wet
86.11903534965153,0.24412919986912643,0.21583340542353296,0.7922968187486654,0.5466770070891607,steady_wet
86.31903534965153,0.25211035606075827,0.21094946466822304,0.7918382423192126,0.6239779918661593,steady_wet
86.51903534965153,0.26188779494469566,0.20517519679347684,0.7896899821785933,0.6982262270240414,steady_wet
86.71903534965153,0.27327661197835146,0.19865329303297016,0.7859202635649724,0.7675934745974679,steady_wet
86.91903534965154,0.28605481922272114,0.19154430756487262,0.7806441867052017,0.830371682734473,steady_wet
87.11903534965154,0.2999653545033143,0.1840214322928506,0.7740184030210758,0.8850150436018073,steady_wet
87.31903534965154,0.3147177019819881,0.17626591780031012,0.7662342959382037,0.9301780563039932,steady_wet
87.51903534965155,0.3299892345308206,0.16846343709034203,0.7575102060123496,0.9647486575808547,steady_wet
87.71903534965155,0.34542679480489646,0.16080137146777912,0.748083264432636,0.9878756044957138,steady_wet
87.91903534965155,0.3606494246155859,0.15346668184292286,0.73820135738037,0.998989434861586,steady_wet
88.11903534965155,0.3752534316817398,0.14664378228526725,0.7281156473208625,0.9978164892901775,steady_wet
88.31903534965156,0.3888210374411112,0.14051172004093354,0.7180739444565626,0.9843856495942396,steady_wet
88.51903534965156,0.4009335718063753,0.13524003909273347,0.7083150747536294,0.9590276276214853,steady_wet
88.71903534965156,0.41118950316949354,0.13098298756324292,0.6990642533579956,0.9223668220313346,steady_wet
88.91903534965157,0.41922654179144847,0.12787220026866547,0.6905293642611674,0.8753059435276598,steady_wet
89.11903534965157,0.42474580571289466,0.12600855742126227,0.6828979829293809,0.8190037871253142,steady_wet
89.31903534965157,0.4275349202392108,0.12545443271486198,0.6763349630861727,0.7548466987710778,steady_wet
89.51903534965157,0.4274863475996748,0.12622781093314872,0.6709804356974043,0.6844144389053892,steady_wet
89.71903534965158,0.42460754910935344,0.12829962919690846,0.6669481212581075,0.6094412835174162,steady_wet
89.91903534965158,0.4190208444686106,0.13159515046808834,0.6643239142806404,0.5317733205144554,steady_wet
90.11903534965158,0.4109527686885812,0.1359993478932496,0.6631647420770311,0.4533229929108164,steady_wet
90.31903534965159,0.40071476688479524,0.14136542276286845,0.6634977182806093,0.37602200813382525,steady_wet
90.51903534965159,0.3886785864391876,0.14752497258056582,0.6653196071866365,0.30177377297593755,steady_wet
90.71903534965159,0.3752503131090876,0.15429814151547305,0.6685966000524055,0.23240652540251266,steady_wet
90.9190353496516,0.36084660492476783,0.16150232995231933,0.673264394555909,0.1696283172655097,steady_wet
91.1190353496516,0.3458755854928959,0.1689585758816408,0.6792285753990023,0.11498495639817802,steady_wet
91.3190353496516,0.3307235012023755,0.17649534953835505,0.6863653209559515,0.06982194369599859,steady_wet
91.5190353496516,0.3157470194857566,0.18395005003094173,0.6945225026320693,0.0352513424191368,steady_wet
91.7190353496516,0.3012701838752206,0.19116885929144536,0.7035212890764062,0.012124395504281238,steady_wet
91.91903534965161,0.2875846067978087,0.19800577278419876,0.7131584035398835,0.001010565138412578,steady_wet
92.11903534965161,0.27495141039820414,0.20432161765438664,0.7232091978609236,0.0021835107098246986,steady_wet
92.31903534965161,0.2636036048006919,0.20998373622453326,0.7334316926251205,0.015614350405766086,steady_wet
92.51903534965162,0.25374791040040207,0.21486680191336252,0.7435716861651122,0.04097237237852375,steady_wet
92.71903534965162,0.24556540253640605,0.21885498098406925,0.7533689560359504,0.07763317796867769,steady_wet
92.91903534965162,0.23921072965050902,0.22184538437221415,0.7625644708513288,0.12469405647235537,steady_wet
93.11903534965163,0.23480999517321477,0.2237524956933394,0.7709084078444479,0.18099621287470352,steady_wet
93.31903534965163,0.232457670861956,0.2245130452852024,0.7781686462415017,0.24515330122894202,steady_wet
93.51903534965163,0.23221309706551144,0.2240906607517648,0.7841392955170303,0.3155855610946322,steady_wet
93.71903534965163,0.2340971974669081,0.2224795940634408,0.7886487388959528,0.3905587164826062,steady_wet
93.91903534965164,0.2380899779328845,0.2197069218535571,0.7915666423634846,0.4682266794855676,steady_wet
94.11903534965164,0.24412919986912734,0.2158328322032774,0.7928094091431679,0.5466770070892065,steady_wet
94.31903534965164,0.2521103560607605,0.210948911235702,0.7923436521521715,0.6239779918661971,steady_wet
94.51903534965165,0.26188779494469905,0.20517466489439168,0.7901874053485978,0.6982262270240835,steady_wet
94.71903534965165,0.27327661197835584,0.19865278403176373,0.7864089822197661,0.7675934745975068,steady_wet
94.91903534965165,0.2860548192227264,0.19154382240694767,0.7811235914692849,0.8303716827345076,steady_wet
95.11903534965165,0.2999653545033202,0.18402097149077318,0.7744880085715999,0.8850150436018367,steady_wet
95.31903534965166,0.3147177019819945,0.17626548144256823,0.7666937515473665,0.9301780563040132,steady_wet
95.51903534965166,0.3299892345308273,0.16846302486948153,0.757959300983696,0.9647486575808717,steady_wet
95.71903534965166,0.3454267948049033,0.16080098272354196,0.7485219286447401,0.9878756044957222,steady_wet
95.91903534965167,0.36064942461559263,0.1534663156154456,0.7386296573905722,0.9989894348615889,steady_wet
96.0,0.366659363478475,0.15063234148783228,0.7345530117565234,1.0,steady_wet
0.0,1.0,0.01,0.01,1.0,fast_cycle
0.012404647425920007,0.9970329807317394,0.011455616006793701,0.010044972344620975,0.9996203760181979,fast_cycle
0.06240464742592001,0.985126616254452,0.017284677367683746,0.010307530861764601,0.9904218387239903,fast_cycle
0.11240464742592002,0.9728950575060251,0.02325905343781789,0.010701386646567272,0.9691474881436304,fast_cycle
0.16240464742592003,0.9598520045067044,0.029623645809803627,0.01123270343396333,0.9363211693939285,fast_cycle
0.21240464742592002,0.9455977825220829,0.03657998395708376,0.011912749073775278,0.8927511753868083,fast_cycle
0.26240464742592,0.9298325089387348,0.044279878846916206,0.012756858022140667,0.8395103439752444,fast_cycle
0.31240464742592,0.912366224933606,0.052820602199773206,0.013783273194383557,0.7779096411247789,fast_cycle
0.36240464742592,0.8931236380815785,0.06224271634882092,0.015011912249151108,0.7094658805806019,fast_cycle
0.41240464742592,0.8721418932814184,0.0725312985486314,0.016463122156752517,0.6358643748791291,fast_cycle
0.46240464742591997,0.849560904602823,0.08362075921500368,0.018156494749912985,0.5589174373601233,fast_cycle
0.51240464742592,0.8256070098116461,0.09540285872606884,0.02010981280951674,0.48051975699754745,fast_cycle
0.56240464742592,0.8005717689731847,0.10773701991300952,0.022338181765100593,0.4026017448689118,fast_cycle
0.61240464742592,0.7747883793961167,0.12046172839836283,0.024853379642161118,0.32708200102787977,fast_cycle
0.6624046474259201,0.7486083063886723,0.13340576418481007,0.027663432527868695,0.25582007220347797,fast_cycle
0.7124046474259201,0.7223803699959168,0.1463981946905073,0.030772399804440485,0.19057066358814528,fast_cycle
0.7624046474259202,0.6964338393240838,0.15927640301871876,0.034180336716582375,0.1329404321723634,fast_cycle
0.8124046474259202,0.671066276485325,0.1718918230148578,0.03788339340863391,0.0843484255173611,fast_cycle
0.8624046474259203,0.6465361296163441,0.18411341297030917,0.04187400915424745,0.045991140094608696,fast_cycle
0.9124046474259203,0.62305952068383,0.19582916418541144,0.04614116628673284,0.01881305957174645,fast_cycle
0.9624046474259204,0.600810352973344,0.2069460888720675,0.05067067774793453,0.0034833984901250226,fast_cycle
1.0124046474259203,0.5799227567009954,0.2173891744943943,0.05544549264916605,0.0003796239818021907,fast_cycle
1.0624046474259203,0.5604949448860387,0.227099756162451,0.060446013745880385,0.009578161276009911,fast_cycle
1.1124046474259204,0.5425937014485219,0.2360336770900321,0.0656504279721781,0.030852511856369724,fast_cycle
1.1624046474259204,0.5262589131431905,0.24415950730385116,0.07103505558385809,0.06367883060607177,fast_cycle
1.2124046474259205,0.5115077459102224,0.25145699274005634,0.07657472501236745,0.10724882461319224,fast_cycle
1.2624046474259205,0.49833823069894556,0.25791582235221405,0.08224317961495382,0.16048965602475612,fast_cycle
1.3124046474259206,0.4867321535735716,0.26353473500452024,0.0880135197135913,0.22209035887522183,fast_cycle
1.3624046474259206,0.47665723893152,0.2683209413570353,0.09385867932935162,0.290534119419399,fast_cycle
1.4124046474259206,0.46806867716816386,0.2722898067102465,0.09975193252014657,0.36413562512087194,fast_cycle
1.4624046474259207,0.460910085593767,0.27546472571622715,0.10566741983675577,0.44108256263987755,fast_cycle
1.5124046474259207,0.4551140107700992,0.27787711548768973,0.11158068164158501,0.5194802430024534,fast_cycle
1.5624046474259208,0.4506020880645045,0.2795664565435944,0.1174691822739459,0.5973982551310895,fast_cycle
1.6124046474259208,0.44728497551785257,0.28058031812419537,0.12331280753420062,0.6729179989721215,fast_cycle
1.6624046474259209,0.44506217833111655,0.28097431301576287,0.12909431778012118,0.7441799277965231,fast_cycle
1.712404647425921,0.4438218803602268,0.28081193501202273,0.13479974001350065,0.8094293364118555,fast_cycle
1.762404647425921,0.4434409015132297,0.28016423806414886,0.14041868448129283,0.8670595678276374,fast_cycle
1.812404647425921,0.44378490479194715,0.27910931946219986,0.14594457422149812,0.9156515744826395,fast_cycle
1.862404647425921,0.4447089820396573,0.2777315705042597,0.15137477929469656,0.9540088599053919,fast_cycle
1.912404647425921,0.44605874953378194,0.2761206585981315,0.1567106508042699,0.9811869404282538,fast_cycle
1.9624046474259211,0.44767207809378756,0.2743702071514701,0.1619574529261634,0.9965166015098752,fast_cycle
2.012404647425921,0.44938156116996414,0.27257614712754924,0.1671241938521809,0.9996203760181979,fast_cycle
2.062404647425921,0.45101778264117,0.2708347299494767,0.17222335874503794,0.9904218387239899,fast_cycle
2.1124046474259206,0.45241338019940724,0.2692402177510563,0.17727054959529281,0.9691474881436302,fast_cycle
2.1624046474259204,0.4534078109881813,0.267882303994696,0.18228403846061636,0.9363211693939284,fast_cycle
2.2124046474259202,0.4538526205177889,0.266843362427629,0.1872842422138095,0.8927511753868079,fast_cycle
2.26240464742592,0.4536169076741752,0.2661956690561656,0.19229312886053393,0.8395103439752445,fast_cycle
2.31240464742592,0.45259258753960274,0.26599878123460413,0.19733356783394912,0.7779096411247793,fast_cycle
2.3624046474259197,0.4506990017199859,0.26629727982994295,0.2024286393781838,0.7094658805806023,fast_cycle
2.4124046474259195,0.4478864316789146,0.2671190759055147,0.2076009209447721,0.6358643748791298,fast_cycle
2.4624046474259194,0.44413814362188,0.26847444801383574,0.21287177103594845,0.5589174373601242,fast_cycle
2.512404647425919,0.4394707292137931,0.27035591214201543,0.21826063266432316,0.4805197569975488,fast_cycle
2.562404647425919,0.4339326853703742,0.27273894281538874,0.22378437915633695,0.4026017448689136,fast_cycle
2.612404647425919,0.42760136778543506,0.27558347533972716,0.22945672419249008,0.327082001027882,fast_cycle
2.6624046474259186,0.4205786222428155,0.27883604183751404,0.23528771579410732,0.25582007220347963,fast_cycle
2.7124046474259185,0.41298551582393295,0.28243234120288924,0.24128333072633046,0.19057066358814728,fast_cycle
2.7624046474259183,0.4049566400377501,0.2863000229210811,0.24744518194550394,0.1329404321723654,fast_cycle
2.812404647425918,0.3966344384837947,0.2903614769383417,0.2537703477648148,0.08434842551736299,fast_cycle
2.862404647425918,0.3881639357688442,0.29453645983969085,0.2602513277373345,0.045991140094610417,fast_cycle
2.9124046474259178,0.37968813374568133,0.298744440803408,0.26687612706860936,0.01881305957174767,fast_cycle
2.9624046474259176,0.37134421974696347,0.3029066075363672,0.27362846867129786,0.0034833984901254667,fast_cycle
3.0124046474259174,0.3632606200036287,0.30694752283672655,0.28048812959089786,0.00037962398180202417,fast_cycle
3.0624046474259172,0.35555484374288293,0.3107964601822336,0.28743139620166935,0.009578161276008912,fast_cycle
3.112404647425917,0.34833200577792905,0.31438846921044367,0.29443163003434314,0.030852511856367837,fast_cycle
3.162404647425917,0.3416838873804789,0.31766522979372913,0.30145993317415454,0.06367883060606877,fast_cycle
3.2124046474259167,0.3356883920534052,0.3205757494635989,0.3084858988180524,0.10724882461318874,fast_cycle
3.2624046474259165,0.3304092674824734,0.32307694711844237,0.3154784289188016,0.16048965602475163,fast_cycle
3.3124046474259163,0.3258959901010109,0.32513415029612414,0.3224065971295437,0.22209035887521622,fast_cycle
3.362404647425916,0.32218373792653354,0.3267215173275959,0.3292405318579361,0.2905341194193924,fast_cycle
3.412404647425916,0.31929340577205806,0.32782238204599945,0.33595229155547085,0.3641356251208645,fast_cycle
3.462404647425916,0.3172316415146764,0.32842950901860396,0.3425167028013031,0.4410825626398695,fast_cycle
3.5124046474259156,0.31599090140829345,0.3285452420961607,0.3489121316105938,0.5194802430024458,fast_cycle
3.5624046474259154,0.31554953644210526,0.32818152814528384,0.35512115989608767,0.5973982551310811,fast_cycle
3.6124046474259153,0.31587193148048054,0.3273598001624952,0.36113114216574355,0.672917998972113,fast_cycle
3.662404647425915,0.31690872596940367,0.3261107081504851,0.3669346221988993,0.7441799277965149,fast_cycle
3.712404647425915,0.3185971510710415,0.32447369062566267,0.37252959529245544,0.8094293364118478,fast_cycle
3.7624046474259147,0.3208615245435558,0.3224963830672597,0.3779196082582883,0.8670595678276309,fast_cycle
3.8124046474259146,0.32361395207907806,0.3202338611421038,0.38311369615564045,0.915651574482634,fast_cycle
3.8624046474259144,0.32675529159017586,0.3177477159891882,0.3881261612155312,0.9540088599053873,fast_cycle
3.912404647425914,0.33017644326145157,0.31510495689946705,0.3929762050702056,0.9811869404282508,fast_cycle
3.962404647425914,0.3337600300438363,0.3123767348520156,0.39768742986677325,0.9965166015098738,fast_cycle
4.012404647425914,0.337382526871648,0.30963688062441747,0.4022872269094435,0.9996203760181982,fast_cycle
4.062404647425914,0.3409168784004067,0.3069602558191531,0.40680607311302097,0.9904218387239921,fast_cycle
4.1124046474259135,0.34423561169447914,0.3044209259868124,0.4112767559167665,0.9691474881436339,fast_cycle
4.162404647425913,0.347214401491152,0.3020901828857379,0.41573354670751456,0.9363211693939338,fast_cycle
4.212404647425913,0.34973598427388514,0.3000344669554728,0.4202113416331819,0.8927511753868151,fast_cycle
4.262404647425913,0.3516942502710322,0.29831326845981293,0.42474478737259463,0.8395103439752529,fast_cycle
4.312404647425913,0.3529982802605088,0.29697711174717406,0.429367408327991,0.7779096411247883,fast_cycle
4.362404647425913,0.3535760495214728,0.29606574577874284,0.43411075106102964,0.7094658805806124,fast_cycle
4.412404647425912,0.3533775067510444,0.2956066697048718,0.43900356167356513,0.6358643748791406,fast_cycle
4.462404647425912,0.35237675972132054,0.2956141107786831,0.44407101214192235,0.5589174373601359,fast_cycle
4.512404647425912,0.3505731634676467,0.29608854243082083,0.44933399211409597,0.48051975699756044,fast_cycle
4.562404647425912,0.34799120400580297,0.2970167859943315,0.45480848307188215,0.4026017448689242,fast_cycle
4.612404647425912,0.34467918639025436,0.298372687084902,0.460505031755026,0.3270820010278921,fast_cycle
4.6624046474259115,0.34070685113275734,0.3001183058841268,0.46642833913194415,0.2558200722034898,fast_cycle
4.712404647425911,0.33616213835064385,0.30220551838762566,0.47257697988588293,0.19057066358815644,fast_cycle
4.762404647425911,0.3311473798672162,0.30457789968438503,0.4789432653802155,0.13294043217237334,fast_cycle
4.812404647425911,0.32577521900952805,0.3071727534253831,0.48551326045623605,0.08434842551736899,fast_cycle
4.862404647425911,0.32016453785484245,0.30992316263105457,0.4922669613024539,0.04599114009461491,fast_cycle
4.912404647425911,0.31443662111001525,0.3127599613712859,0.4991786380879896,0.018813059571750612,fast_cycle
4.9624046474259105,0.30871171766501637,0.3156135583033691,0.5062173420956778,0.0034833984901268544,fast_cycle
5.01240464742591,0.30310608871715655,0.31841557510884855,0.5133475727036547,0.00037962398180152457,fast_cycle
5.06240464742591,0.2977295665250129,0.3211002902880497,0.5205300947233992,0.009578161276006636,fast_cycle
5.11240464742591,0.2926835977313567,0.32360589830108943,0.527722891326607,0.03085251185636384,fast_cycle
5.16240464742591,0.2880597129470999,0.32587560457653325,0.5348822321904342,0.0636788306060635,fast_cycle
5.21240464742591,0.2839383494206445,0.3278585791520853,0.5419638307844501,0.10724882461318203,fast_cycle
5.262404647425909,0.2803879531143502,0.32951078761566044,0.5489240592565029,0.16048965602474308,fast_cycle
5.312404647425909,0.2774642960681258,0.33079571013511566,0.5557211845876721,0.22209035887520723,fast_cycle
5.362404647425909,0.27520996002501114,0.33168495029731176,0.5623165860660108,0.2905341194193818,fast_cycle
5.412404647425909,0.27365395396158454,0.33215872743120956,0.5686759121475614,0.3641356251208542,fast_cycle
5.462404647425909,0.27281144847972677,0.3322062406104891,0.5747701348200409,0.4410825626398579,fast_cycle
5.5124046474259085,0.27268362228770404,0.33182589036786825,0.5805764619004776,0.5194802430024341,fast_cycle
5.562404647425908,0.2732576247580763,0.33102534525860966,0.5860790723267525,0.5973982551310706,fast_cycle
5.612404647425908,0.27450666434531523,0.3298214440566512,0.5912696462657064,0.672917998972102,fast_cycle
5.662404647425908,0.2763902367021815,0.32823992935753693,0.5961476703591795,0.7441799277965055,fast_cycle
5.712404647425908,0.2788545101196994,0.3263150133161457,0.60072050807973,0.8094293364118386,fast_cycle
5.762404647425908,0.28183289067387063,0.32408877990864005,0.6050032352587594,0.867059567827623,fast_cycle
5.8124046474259075,0.2852467957714157,0.32161042964269165,0.6090182506218182,0.915651574482628,fast_cycle
5.862404647425907,0.2890066722261873,0.31893537186253834,0.6127946798976822,0.9540088599053824,fast_cycle
5.912404647425907,0.29301330198794456,0.31612416728610476,0.6163675991591767,0.981186940428248,fast_cycle
5.962404647425907,0.29715944252241727,0.31324132048786574,0.61977710809344,0.9965166015098723,fast_cycle
6.012404647425907,0.301331846211069,0.3103539205663074,0.6230672867084008,0.9996203760181986,fast_cycle
6.062404647425907,0.30541369051788037,0.30753013026257753,0.6262850696272853,0.9904218387239943,fast_cycle
6.112404647425906,0.3092874253861264,0.30483753108288736,0.629479070897238,0.969147488143638,fast_cycle
6.162404647425906,0.31283800555519614,0.3023413454212251,0.6326983896130526,0.9363211693939391,fast_cycle
6.212404647425906,0.31595642520817047,0.300102575810905,0.6359914232098568,0.8927511753868224,fast_cycle
6.262404647425906,0.31854341593625185,0.29817612409799743,0.6394047116063182,0.8395103439752609,fast_cycle
6.312404647425906,0.3205131150145115,0.2966089757362078,0.6429818320112473,0.7779096411247972,fast_cycle
6.3624046474259055,0.321796470073971,0.29543855166110844,0.6467623615267414,0.7094658805806231,fast_cycle
6.412404647425905,0.3223441290210976,0.29469133733837927,0.6507809228833641,0.635864374879151,fast_cycle
6.462404647425905,0.32212857830936653,0.29438189185023655,0.655066327715573,0.5589174373601474,fast_cycle
6.512404647425905,0.32114534086291396,0.2945123180125759,0.6596408315383848,0.4805197569975712,fast_cycle
6.562404647425905,0.31941312266888017,0.2950722394387225,0.664519514708516,0.40260174486893474,fast_cycle
6.612404647425905,0.3169728932550873,0.29603928721971934,0.6697098037888475,0.3270820010279031,fast_cycle
6.662404647425904,0.3138859844945311,0.29738005457370176,0.6752111475531943,0.2558200722034992,fast_cycle
6.712404647425904,0.31023137813332785,0.299051439889961,0.6810148611123699,0.1905706635881656,fast_cycle
6.762404647425904,0.30610241186507464,0.30100227305326605,0.6871041501473096,0.13294043217238066,fast_cycle
6.812404647425904,0.30160315938068005,0.30317510993801683,0.6934543249154856,0.08434842551737598,fast_cycle
6.862404647425904,0.2968447314290577,0.3055080853130852,0.7000332105200939,0.04599114009461985,fast_cycle
6.9124046474259035,0.2919417086526459,0.30793673196546845,0.7068017558898069,0.018813059571753554,fast_cycle
6.962404647425903,0.28700886297672157,0.31039569867441635,0.7137148390158355,0.003483398490128242,fast_cycle
7.012404647425903,0.28215826401493416,0.3128203263253009,0.7207222602610918,0.000379623981801136,fast_cycle
7.062404647425903,0.2774968103901905,0.31514806526568634,0.727769909072448,0.00957816127600436,fast_cycle
7.112404647425903,0.2731241802108109,0.31731973481498527,0.7348010823565175,0.030852511856360065,fast_cycle
7.162404647425903,0.2691311638081476,0.31928063626978803,0.7417579254026618,0.06367883060605822,fast_cycle
7.2124046474259025,0.2655983256042246,0.3209815340518045,0.7485829589620331,0.10724882461317425,fast_cycle
7.262404647425902,0.26259493857611926,0.32237951727613406,0.7552206494402331,0.16048965602473514,fast_cycle
7.312404647425902,0.26017814074596746,0.3234387480947382,0.7616189737291272,0.2220903588751968,fast_cycle
7.362404647425902,0.2583922745327423,0.32413109597154294,0.767730926596994,0.290534119419372,fast_cycle
7.412404647425902,0.2572683830550489,0.3244366505881792,0.7735159173163775,0.36413562512084374,fast_cycle
7.462404647425902,0.256823849810534,0.32434410182355783,0.7789410037320481,0.44108256263984724,fast_cycle
7.512404647425901,0.2570621779198105,0.32385097393908263,0.7839819164403936,0.5194802430024233,fast_cycle
7.562404647425901,0.25797291180178156,0.32296370272846703,0.7886238330890755,0.5973982551310583,fast_cycle
7.612404647425901,0.25953170822936433,0.3216975482933129,0.7928618726580465,0.6729179989720919,fast_cycle
7.662404647425901,0.26170056637137146,0.32007634115741784,0.79670129133862,0.7441799277964961,fast_cycle
7.712404647425901,0.2644282290941395,0.3181320643181301,0.8001573744711332,0.8094293364118301,fast_cycle
7.7624046474259005,0.2676507717101728,0.3159042773504962,0.8032550319978276,0.8670595678276156,fast_cycle
7.8124046474259,0.2712924001151185,0.3134393900318855,0.8060281170799448,0.915651574482621,fast_cycle
7.8624046474259,0.2752664874695693,0.3107897919701334,0.8085184980465259,0.954008859905378,fast_cycle
7.9124046474259,0.27947688574755547,0.30801284196441725,0.8107749219984506,0.981186940428245,fast_cycle
7.9624046474259,0.28381955302010353,0.30516971758135814,0.8128517137510802,0.9965166015098712,fast_cycle
8.0124046474259,0.288184535983854,0.3023241234882565,0.8148073562243542,0.9996203760181991,fast_cycle
8.0624046474259,0.29245833659345893,0.29954085843411493,0.8167029980417491,0.9904218387239963,fast_cycle
8.112404647425901,0.29652666907233266,0.2968842471123394,0.8186009314069262,0.9691474881436412,fast_cycle
8.162404647425902,0.30027757814339795,0.29441645538015876,0.8205630789179814,0.9363211693939426,fast_cycle
8.212404647425902,0.3036048427510176,0.2921957250687466,0.8226495225948203,0.8927511753868258,fast_cycle
8.262404647425903,0.3064115367217773,0.29027458593208805,0.8249171027871912,0.8395103439752636,fast_cycle
8.312404647425904,0.30861356666595224,0.2886981236431659,0.8274181094629367,0.7779096411248003,fast_cycle
8.362404647425905,0.31014296789700785,0.28750239958162244,0.8301990841402777,0.7094658805806249,fast_cycle
8.412404647425905,0.310950721254021,0.2867131257635678,0.8332997476914553,0.6358643748791512,fast_cycle
8.462404647425906,0.31100886500783187,0.2863446930172535,0.8367520674343973,0.5589174373601458,fast_cycle
8.512404647425907,0.31031171919636574,0.286399631031835,0.8405794761557183,0.48051975699756955,fast_cycle
8.562404647425907,0.308876111086297,0.2868685467947836,0.84479625562779,0.40260174486893135,fast_cycle
8.612404647425908,0.3067405800799709,0.28773054770269674,0.8494070973721121,0.3270820010278982,fast_cycle
8.662404647425909,0.30396363405135784,0.28895411380944536,0.854406853456834,0.2558200722034931,fast_cycle
8.71240464742591,0.30062121152667765,0.2904983472631865,0.8597804896312393,0.19057066358815872,fast_cycle
8.76240464742591,0.29680356260539226,0.29231450174320317,0.8655032518144539,0.13294043217237472,fast_cycle
8.812404647425911,0.29261178870414106,0.2943476838447453,0.8715410546789778,0.08434842551736915,fast_cycle
8.862404647425912,0.2881542763491937,0.29653862197300473,0.8778510976858191,0.04599114009461469,fast_cycle
8.912404647425912,0.283543228580811,0.2988254137024845,0.8843827093791831,0.018813059571749724,fast_cycle
8.962404647425913,0.27889144829522133,0.3011451852292353,0.8910784150299447,0.003483398490126355,fast_cycle
9.012404647425914,0.27430947165547626,0.30343562143046865,0.8978752158883259,0.0003796239818017466,fast_cycle
9.062404647425915,0.26990309617002933,0.30563634768035153,0.9047060605174166,0.009578161276008135,fast_cycle
9.112404647425915,0.26577130416805145,0.30769016184261544,0.9115014802004008,0.030852511856366782,fast_cycle
9.162404647425916,0.26200455191698035,0.3095441253183347,0.9181913516559539,0.06367883060606772,fast_cycle
9.212404647425917,0.2586833781543568,0.31115052576888014,0.9247067418093586,0.10724882461318852,fast_cycle
9.262404647425917,0.25587728158523726,0.3124677224316794,0.930981781816331,0.16048965602475201,fast_cycle
9.312404647425918,0.25364382173421834,0.31346087975455966,0.9369555116464541,0.22209035887521883,fast_cycle
9.362404647425919,0.2520279077300493,0.3141025885421225,0.9425736330096666,0.2905341194193961,fast_cycle
9.41240464742592,0.2510612516770058,0.31437336786764586,0.9477901078514908,0.3641356251208693,fast_cycle
9.46240464742592,0.25076197453759347,0.31426203707637934,0.952568542454203,0.4410825626398771,fast_cycle
9.512404647425921,0.25113436128192884,0.31376594602848884,0.9568833034968804,0.5194802430024534,fast_cycle
9.562404647425922,0.25216876793935106,0.3128910533171995,0.9607203220680469,0.5973982551310895,fast_cycle
9.612404647425922,0.25384168659316647,0.31165184592379164,0.9640775540888088,0.6729179989721235,fast_cycle
9.662404647425923,0.25611597645169293,0.31007109855674825,0.9669650801004419,0.7441799277965254,fast_cycle
9.712404647425924,0.2589412713399337,0.30817947549968533,0.9694048428887916,0.8094293364118593,fast_cycle
9.762404647425925,0.26225457752293796,0.3060149810047044,0.971430036833621,0.8670595678276409,fast_cycle
9.812404647425925,0.2659810812969207,0.3036222653523161,0.9730841770640728,0.9156515744826427,fast_cycle
9.862404647425926,0.27003519290343975,0.3010517925065015,0.974419888478242,0.954008859905395,fast_cycle
9.912404647425927,0.2743218605476775,0.29835887239522635,0.9754974636854258,0.981186940428256,fast_cycle
9.962404647425927,0.27873819309680054,0.29560255750437536,0.9763832445048368,0.9965166015098761,fast_cycle
10.012404647425928,0.28317542914907234,0.2928444014546865,0.9771478837050126,0.9996203760181974,fast_cycle
10.062404647425929,0.2875212802428798,0.2901470784800028,0.9778645424398337,0.9904218387239877,fast_cycle
10.11240464742593,0.2916626543875385,0.2875728689089555,0.978607074875911,0.9691474881436253,fast_cycle
10.16240464742593,0.2954887318955265,0.2851820277549704,0.9794482455779324,0.9363211693939211,fast_cycle
10.212404647425931,0.29889432029225776,0.28303107097353275,0.9804580182052052,0.8927511753867973,fast_cycle
10.262404647425932,0.30178336358703983,0.28117103494081613,0.9817019468576472,0.8395103439752312,fast_cycle
10.312404647425932,0.3040724311036165,0.2796457858249418,0.9832396947682654,0.7779096411247635,fast_cycle
10.362404647425933,0.30569397207696425,0.27849047229745416,0.9851236995486549,0.7094658805805846,fast_cycle
10.412404647425934,0.3065991041202582,0.2777302228606373,0.9873980001750081,0.6358643748791102,fast_cycle
10.462404647425934,0.3067597139095499,0.27737918437019227,0.9900972384027866,0.5589174373601,fast_cycle
10.512404647425935,0.3061696897786808,0.27743997970806594,0.9932458461208847,0.48051975699752353,fast_cycle
10.562404647425936,0.30484517494354624,0.2779036314880355,0.9968574299194274,0.40260174486888795,fast_cycle
10.612404647425937,0.3028238172701377,0.2787499594951191,1.0009343643667246,0.3270820010278566,fast_cycle
10.662404647425937,0.30016308308822415,0.2799484186005452,1.005467605669908,0.25582007220345604,fast_cycle
10.712404647425938,0.2969377836347916,0.2814593079931188,1.0104367370780654,0.19057066358812258,fast_cycle
10.762404647425939,0.2932370207788695,0.2832352574079159,1.0158102562105906,0.13294043217234347,fast_cycle
10.81240464742594,0.28916078638602216,0.28522288484048486,1.0215461121891756,0.0843484255173445,fast_cycle
10.86240464742594,0.2848164460784424,0.2873645232166644,1.0275924968433456,0.045991140094596095,fast_cycle
10.91240464742594,0.28031530815709665,0.28959992811345026,1.033888889252979,0.018813059571738178,fast_cycle
10.962404647425942,0.2757694309634626,0.2918679005574353,1.0403673464751937,0.0034833984901209702,fast_cycle
11.012404647425942,0.2712887673040387,0.2941077832382701,1.0469540255617125,0.00037962398180352297,fast_cycle
11.062404647425943,0.2669786921807111,0.29626081077334426,1.0535709131117557,0.009578161276016794,fast_cycle
11.112404647425944,0.2629379169008441,0.2982713118512763,1.0601377289772784,0.030852511856382103,fast_cycle
11.162404647425944,0.2592567624365019,0.3000877716776424,1.0665739608559979,0.06367883060608936,fast_cycle
11.212404647425945,0.25601574837429075,0.301663767176033,1.0728009770400926,0.10724882461321478,fast_cycle
11.262404647425946,0.25328444929752153,0.302958786052193,1.0787441563167228,0.16048965602478582,fast_cycle
11.312404647425947,0.2511205748783728,0.30393893598653043,1.0843349677708842,0.2220903588752557,fast_cycle
11.362404647425947,0.24956923970109973,0.30457754396791253,1.0895129298106827,0.2905341194194363,fast_cycle
11.412404647425948,0.2486624004757328,0.304855640010772,1.094227377767608,0.3641356251209119,fast_cycle
11.462404647425949,0.24841844916961822,0.3047623156080598,1.0984389733295936,0.4410825626399193,fast_cycle
11.51240464742595,0.2488419590583263,0.3042949460019873,1.1021208969373852,0.5194802430024995,fast_cycle
11.56240464742595,0.24992358626802227,0.3034592667340373,1.105259675850555,0.5973982551311346,fast_cycle
11.61240464742595,0.25164013252168466,0.30226929836806493,1.107855615242948,0.672917998972165,fast_cycle
11.662404647425952,0.2539547766710563,0.3007471177227737,1.1099228164761246,0.7441799277965641,fast_cycle
11.712404647425952,0.2568174846263646,0.2989224781741655,1.11148878445124,0.8094293364118927,fast_cycle
11.762404647425953,0.26016561072478206,0.2968322844754599,1.1125936433718613,0.8670595678276722,fast_cycle
11.812404647425954,0.26392470901256304,0.29451992836051555,1.113288996105462,0.9156515744826683,fast_cycle
11.862404647425954,0.2680095799964892,0.2920344898182183,1.1136364755138133,0.9540088599054135,fast_cycle
11.912404647425955,0.27232558566863135,0.28942980592872963,1.1137060458132744,0.981186940428268,fast_cycle
11.962404647425956,0.2767702704987663,0.2867634057931857,1.1135741177643406,0.9965166015098814,fast_cycle
12.012404647425956,0.28123532538517737,0.284095308115632,1.11332154321007,0.9996203760181956,fast_cycle
12.062404647425957,0.2856089219128038,0.28148667932557453,1.1130315525035164,0.9904218387239787,fast_cycle
12.112404647425958,0.28977842306194973,0.2789983564001294,1.1127876933314103,0.96914748814361,fast_cycle
12.162404647425959,0.2936334427791995,0.2766892506165684,1.112671822237004,0.9363211693938994,fast_cycle
12.21240464742596,0.29706918214136085,0.2746146659605797,1.1127621917701467,0.892751175386771,fast_cycle
12.26240464742596,0.29998991886032406,0.27282458692947886,1.1131316676414522,0.8395103439751999,fast_cycle
12.31240464742596,0.30231247719870924,0.27136201160806184,1.1138461023982638,0.7779096411247252,fast_cycle
12.362404647425961,0.3039694665813541,0.2702614227304199,1.114962885619126,0.7094658805805427,fast_cycle
12.412404647425962,0.30491205900920404,0.2695474974012977,1.1165296858035207,0.6358643748790659,fast_cycle
12.462404647425963,0.30511208522889244,0.2692341516797227,1.1185833960774816,0.5589174373600578,fast_cycle
12.512404647425964,0.30456327026551167,0.26932399791492556,1.1211492943343813,0.48051975699748106,fast_cycle
12.562404647425964,0.3032814970666459,0.26980826201457353,1.124240428068506,0.40260174486884276,fast_cycle
12.612404647425965,0.30130407327302533,0.2706671689960749,1.1278572344029723,0.3270820010278134,fast_cycle
12.662404647425966,0.29868806692019445,0.2718707644873508,1.131987406099138,0.25582007220341585,fast_cycle
12.712404647425966,0.29550785743438185,0.2733801040860976,1.136606014140395,0.19057066358808916,fast_cycle
12.762404647425967,0.2918521061861895,0.2751487173147782,1.14167589637521,0.1329404321723146,fast_cycle
12.812404647425968,0.287820378761854,0.2771242415622142,1.1471483193542018,0.08434842551731891,fast_cycle
12.862404647425969,0.28351964798195545,0.2792501241358835,1.152963916681114,0.04599114009457683,fast_cycle
12.91240464742597,0.2790608773435651,0.28146730489600447,1.1590539017963692,0.018813059571725632,fast_cycle
12.96240464742597,0.27455583774129605,0.28371581363173975,1.1653415461079715,0.0034833984901159187,fast_cycle
13.01240464742597,0.27011425626017044,0.2859362404964446,1.1717439048821865,0.0003796239818051883,fast_cycle
13.062404647425971,0.2658413438988493,0.288071060077216,1.1781737635559084,0.009578161276025066,fast_cycle
13.112404647425972,0.2618357061864839,0.2900658069387445,1.1845417665536697,0.030852511856398035,fast_cycle
13.162404647425973,0.2581876105645473,0.2918701112420013,1.1907586798837124,0.06367883060611185,fast_cycle
13.212404647425974,0.2549775678611307,0.2934386072869202,1.1967377285116778,0.10724882461324331,fast_cycle
13.262404647425974,0.2522751805821777,0.2947317267130429,1.202396940646171,0.16048965602481702,fast_cycle
13.312404647425975,0.25013821502846095,0.2957163834493429,1.2076614245362003,0.222090358875291,fast_cycle
13.362404647425976,0.24861186382069153,0.2963665513869514,1.2124655000345022,0.29053411941947815,fast_cycle
13.412404647425976,0.24772817688560253,0.29666373002404317,1.2167546077114633,0.36413562512095626,fast_cycle
13.462404647425977,0.24750564966845445,0.2965972893896385,1.22048692312692,0.44108256263996504,fast_cycle
13.512404647425978,0.24794896567324395,0.29616468413183,1.2236346130430047,0.5194802430025419,fast_cycle
13.562404647425979,0.24904889588177284,0.29537152780077786,1.2261846835548682,0.5973982551311764,fast_cycle
13.61240464742598,0.25078236063929454,0.29423152149356,1.2281393865987742,0.6729179989722083,fast_cycle
13.66240464742598,0.25311266137653415,0.29276623514362143,1.2295161700005413,0.7441799277966042,fast_cycle
13.71240464742598,0.25598989149686724,0.2910047436363644,1.230347175843483,0.8094293364119289,fast_cycle
13.762404647425981,0.2593515391321742,0.28898312252639935,1.2306783110491264,0.8670595678277011,fast_cycle
13.812404647425982,0.2631232998690179,0.28674380871648975,1.2305679313047606,0.9156515744826919,fast_cycle
13.862404647425983,0.26722012461228134,0.2843348299225924,1.2300851936579278,0.9540088599054313,fast_cycle
13.912404647425983,0.2715475350104875,0.28180890368048345,1.229308143361352,0.9811869404282807,fast_cycle
13.962404647425984,0.276003243794433,0.27922240329938314,1.2283216064223528,0.9965166015098867,fast_cycle
14.012404647425985,0.2804791167477493,0.2766341862729641,1.22721496075137,0.9996203760181939,fast_cycle
14.062404647425986,0.2848635034948572,0.27410428211384386,1.2260798561940085,0.9904218387239705,fast_cycle
14.112404647425986,0.2890439432340626,0.2716924429992858,1.225007947800757,0.9691474881435952,fast_cycle
14.162404647425987,0.2929102179945263,0.2694565728414863,1.224088698417661,0.9363211693938769,fast_cycle
14.212404647425988,0.2963576815177512,0.2674510680305996,1.2234072971705523,0.8927511753867424,fast_cycle
14.262404647425988,0.29929074107899495,0.2657251242315361,1.2230427307516842,0.8395103439751661,fast_cycle
14.31240464742599,0.3016263200441897,0.26432108485343325,1.2230660355467762,0.7779096411246899,fast_cycle
14.36240464742599,0.3032970902538561,0.26327292373527555,1.2235387512658327,0.7094658805805042,fast_cycle
14.41240464742599,0.3042542451183322,0.2626049626417614,1.2245115912598108,0.6358643748790216,fast_cycle
14.462404647425991,0.30446959400225504,0.26233091979329504,1.226023341190914,0.5589174373600121,fast_cycle
14.512404647425992,0.30393679886329283,0.26245336745297765,1.2280999959572392,0.48051975699743504,fast_cycle
14.562404647425993,0.3026716419075325,0.2629636459969312,1.2307541443082788,0.40260174486880107,fast_cycle
14.612404647425993,0.30071129893126586,0.2638422431627649,1.2339846108488568,0.3270820010277735,fast_cycle
14.662404647425994,0.2981126834977033,0.2650596065488842,1.237776365498616,0.25582007220337566,fast_cycle
14.712404647425995,0.2949500074518081,0.2665773216920553,1.2421007103737238,0.19057066358805297,fast_cycle
14.762404647425996,0.2913117611106769,0.2683495628374829,1.2469157529974995,0.1329404321722833,fast_cycle
14.812404647425996,0.287297344435114,0.27032471208508735,1.2521671723497405,0.08434842551729527,fast_cycle
14.862404647425997,0.283013577540304,0.27244704522430446,1.2577892802701114,0.04599114009455901,fast_cycle
14.912404647425998,0.2785712897955002,0.27465839682020243,1.2637063749953137,0.018813059571714086,fast_cycle
14.962404647425998,0.2740821402012827,0.27689973874169127,1.269834376112565,0.0034833984901104786,fast_cycle
15.012404647426,0.2696557679003453,0.27911263047251805,1.2760827210739456,0.00037962398180696466,fast_cycle
15.062404647426,0.26539731991703625,0.28124052185962933,1.2823564929244666,0.009578161276034058,fast_cycle
15.112404647426,0.2614053604327383,0.2832299063310628,1.2885587375263754,0.030852511856412745,fast_cycle
15.162404647426001,0.25777013585681485,0.28503133353041227,1.2945929169822081,0.06367883060613261,fast_cycle
15.212404647426002,0.2545721534035253,0.2866002947362336,1.3003654350107738,0.10724882461327179,fast_cycle
15.262404647426003,0.25188102624280095,0.2878979934840983,1.305788160673086,0.16048965602485082,fast_cycle
15.312404647426003,0.24975454251859186,0.2888920092967159,1.3107808700712564,0.2220903588753293,fast_cycle
15.362404647426004,0.2482379250363321,0.28955685638459683,1.3152735223685945,0.29053411941951673,fast_cycle
15.412404647426005,0.2473632598263072,0.28987443345865244,1.3192082874261577,0.3641356251209972,fast_cycle
15.462404647426006,0.2471490824418708,0.2898343567790292,1.3225412479396954,0.4410825626400108,fast_cycle
15.512404647426006,0.24760011913333962,0.2894341669929424,1.3252437092250808,0.519480243002588,fast_cycle
15.562404647426007,0.2487071854411109,0.2886794012442826,1.3273030643451995,0.5973982551312216,fast_cycle
15.612404647426008,0.2504472477475161,0.2875835249138552,1.3287231802818822,0.6729179989722481,fast_cycle
15.662404647426008,0.25278365507475314,0.28616772118229633,1.329524291159557,0.7441799277966413,fast_cycle
15.712404647426009,0.2556665503473338,0.2844605402286417,1.3297424057012177,0.8094293364119622,fast_cycle
15.76240464742601,0.2590334736909585,0.2824974122238074,1.329428256617148,0.8670595678277324,fast_cycle
15.81240464742601,0.2628101757238108,0.28032002866682826,1.3286458380257526,0.9156515744827175,fast_cycle
15.862404647426011,0.26691166585577936,0.27797559494692037,1.327470592030983,0.9540088599054506,fast_cycle
15.912404647426012,0.2712435278715917,0.27551595388999406,1.3259873163232383,0.9811869404282922,fast_cycle
15.962404647426013,0.27570354001572267,0.27299657671442584,1.3242878706521608,0.9965166015098919,fast_cycle
16.012404647426013,0.28018363619147346,0.27047541600425007,1.3224687612271029,0.9996203760181921,fast_cycle
16.062404647426014,0.284572235395845,0.268011616888555,1.320628678964293,0.9904218387239615,fast_cycle
16.112404647426015,0.28875694551185205,0.2656640891901296,1.3188660608202076,0.9691474881435793,fast_cycle
16.162404647426015,0.2926276141021035,0.26348995569352934,1.3172767342894096,0.9363211693938561,fast_cycle
16.212404647426016,0.29607965444844503,0.2615429094716598,1.3159516946865295,0.8927511753867161,fast_cycle
16.262404647426017,0.29901752437434087,0.25987153447847233,1.314975054240373,0.8395103439751322,fast_cycle
16.312404647426018,0.3013581859285681,0.2585176649648541,1.314422192314081,0.7779096411246516,fast_cycle
16.36240464742602,0.3030343353362604,0.2575148762868598,1.314358127979873,0.7094658805804623,fast_cycle
16.41240464742602,0.30399717440509244,0.2568872077927134,1.314836130145586,0.6358643748789807,fast_cycle
16.46240464742602,0.30421850420842844,0.2566482141548786,1.315896576535355,0.5589174373599699,fast_cycle
16.51240464742602,0.30369196215025174,0.25680042334886444,1.3175660708391803,0.480519756997389,fast_cycle
16.56240464742602,0.3024332911803411,0.2573352489067011,1.319856826796606,0.4026017448687559,fast_cycle
16.612404647426022,0.3004796156951241,0.25823336534856933,1.32276632825422,0.3270820010277303,fast_cycle
16.662404647426023,0.2978877890173392,0.2594655150625887,1.3262772746742735,0.2558200722033386,fast_cycle
16.712404647426023,0.2947319576225323,0.2609936791270605,1.330357821546657,0.1905706635880196,fast_cycle
16.762404647426024,0.2911005450886119,0.26277251931037665,1.3349621241332261,0.13294043217225443,fast_cycle
16.812404647426025,0.28709288674081135,0.26475098700029137,1.3400311905340754,0.08434842551726968,fast_cycle
16.862404647426025,0.2828157430875233,0.2668739973952568,1.3454940459181115,0.045991140094539695,fast_cycle
16.912404647426026,0.2783798911302838,0.26908408151230273,1.351269203743071,0.018813059571701596,fast_cycle
16.962404647426027,0.27389694617087873,0.2713229501959795,1.3572664318794403,0.0034833984901054826,fast_cycle
17.012404647426028,0.2694765129956949,0.27353292850279615,1.3633887918829775,0.00037962398180863,fast_cycle
17.06240464742603,0.26522371362453,0.2756582412282505,1.3695349185491947,0.009578161276042996,fast_cycle
17.11240464742603,0.26123709606486323,0.2776461478327979,1.3756014948513424,0.030852511856428677,fast_cycle
17.16240464742603,0.25760689848273177,0.27944793607069884,1.3814858651384299,0.06367883060615509,fast_cycle
17.21240464742603,0.25441362665002476,0.2810197881846734,1.3870887179589277,0.1072488246132981,fast_cycle
17.26240464742603,0.2517268978701695,0.28232353270305754,1.3923167601057855,0.16048965602488202,fast_cycle
17.312404647426032,0.2496045087872346,0.28332729045717825,1.3970852965028413,0.2220903588753676,fast_cycle
17.362404647426033,0.24809169396568334,0.28400601744055914,1.4013206273360936,0.29053411941955853,fast_cycle
17.412404647426033,0.24722055350780475,0.28434194140012303,1.4049621751269823,0.3641356251210415,fast_cycle
17.462404647426034,0.24700963860440947,0.2843248849601509,1.4079642606728193,0.44108256264005297,fast_cycle
17.512404647426035,0.24746369217517225,0.28395246637617383,1.4102974579526821,0.5194802430026304,fast_cycle
17.562404647426035,0.2485735471392759,0.2832301697632432,1.4119494737713303,0.5973982551312632,fast_cycle
17.612404647426036,0.2503161878370933,0.2821712793007558,1.4129255172021042,0.6729179989722913,fast_cycle
17.662404647426037,0.2526549818580649,0.28079667551458465,1.4132481455311623,0.7441799277966815,fast_cycle
17.712404647426037,0.255540091450099,0.27913449512867794,1.4129565958832426,0.8094293364119984,fast_cycle
17.762404647426038,0.25890907703097327,0.2772196581208426,1.4121056334062527,0.8670595678277613,fast_cycle
17.81240464742604,0.2626877107007919,0.27509326584558746,1.4107639662614715,0.9156515744827411,fast_cycle
17.86240464742604,0.2667910247117284,0.27280187231726444,1.4090122933952258,0.9540088599054699,fast_cycle
17.91240464742604,0.27112462711308416,0.27039662757872024,1.406941062213114,0.9811869404283047,fast_cycle
17.96240464742604,0.27558632173722786,0.2679322887633578,1.4046480193542425,0.9965166015098972,fast_cycle
18.01240464742604,0.28006806909728504,0.26546609271098454,1.4022356387770418,0.9996203760181905,fast_cycle
18.062404647426042,0.2844583152932385,0.2630564856879189,1.399808507792527,0.9904218387239532,fast_cycle
18.112404647426043,0.2886446950456911,0.2607617124708295,1.3974707443758105,0.9691474881435633,fast_cycle
18.162404647426044,0.2925170815265436,0.25863827958528185,1.3953235091815281,0.9363211693938336,fast_cycle
18.212404647426045,0.2959709112877134,0.25673932541880523,1.3934626644380799,0.8927511753866877,fast_cycle
18.262404647426045,0.2989106619110364,0.2551129513212463,1.3919766205282624,0.839510343975101,fast_cycle
18.312404647426046,0.3012533105685224,0.25380058925665233,1.3909444006450595,0.7779096411246162,fast_cycle
18.362404647426047,0.3029315630219401,0.2528354986594938,1.3904339452319692,0.7094658805804205,fast_cycle
18.412404647426047,0.30389662436814996,0.25224149331656553,1.3905006714263537,0.6358643748789363,fast_cycle
18.462404647426048,0.304120292447367,0.2520319948040795,1.3911862985114831,0.5589174373599242,fast_cycle
18.51240464742605,0.30359619507387514,0.2522094908533158,1.392517948211019,0.48051975699734656,fast_cycle
18.56240464742605,0.30234005986010026,0.25276544643624205,1.3945075280386305,0.4026017448687142,fast_cycle
18.61240464742605,0.30038899111705103,0.2536806766159508,1.3971514062005854,0.32708200102769036,fast_cycle
18.66240464742605,0.29779981862450483,0.25492614954027354,1.4004303870427273,0.2558200722032984,fast_cycle
18.71240464742605,0.2946466633080051,0.256464152141132,1.404309996070055,0.1905706635879834,fast_cycle
18.762404647426052,0.29101792265773174,0.25824972580122524,1.408741082573255,0.13294043217222318,fast_cycle
18.812404647426053,0.2870129067312994,0.2602322677292776,1.413660745420262,0.08434842551724608,fast_cycle
18.862404647426054,0.282738352733325,0.26235719634192467,1.4189935832946121,0.045991140094521876,fast_cycle
18.912404647426055,0.2783050171898412,0.2645675931680148,1.424653264408497,0.01881305957168905,fast_cycle
18.962404647426055,0.27382449831482547,0.26680575544273,1.4305444024608573,0.0034833984901000425,fast_cycle
19.012404647426056,0.26940638745834394,0.26901461779860614,1.4365647154952228,0.00037962398181046186,fast_cycle
19.062404647426057,0.26515579685942847,0.27113902392976835,1.4426074326812137,0.009578161276051267,fast_cycle
19.112404647426057,0.2611712681969999,0.27312684669281817,1.4485639014571,0.030852511856443388,fast_cycle
19.162404647426058,0.2575430364091537,0.27492996626539795,1.454326334704643,0.06367883060617763,fast_cycle
19.21240464742606,0.25435160669902335,0.276505120652594,1.459790625644064,0.10724882461332663,fast_cycle
19.26240464742606,0.25166659798162183,0.2778146421020324,1.464859148019589,0.16048965602491588,fast_cycle
19.31240464742606,0.24954581022022201,0.27882708863999817,1.4694434519997954,0.2220903588754029,fast_cycle
19.36240464742606,0.24803448257302996,0.27951777397736016,1.4734667630471965,0.29053411941959717,fast_cycle
19.41240464742606,0.24716472064075473,0.279869193289207,1.476866192593715,0.36413562512108244,fast_cycle
19.462404647426062,0.2469550817250086,0.2798713382198195,1.479594576120655,0.4410825626400987,fast_cycle
19.512404647426063,0.24741031526001842,0.2795218926505735,1.4816218661752922,0.5194802430026765,fast_cycle
19.562404647426064,0.2485212609571845,0.2788263013649441,1.4829360244759828,0.5973982551313084,fast_cycle
19.612404647426064,0.2502649101758896,0.277797706223688,1.4835433776166111,0.6729179989723313,fast_cycle
19.662404647426065,0.2526046377631321,0.2764567478704744,1.4834684236445417,0.7441799277967187,fast_cycle
19.712404647426066,0.2554906135204514,0.274831234192897,1.4827531003578438,0.8094293364120346,fast_cycle
19.762404647426067,0.2588604057985052,0.27295567874091436,1.4814555488529115,0.8670595678277925,fast_cycle
19.812404647426067,0.2626397950960806,0.2708707124029314,1.4796484260385518,0.9156515744827667,fast_cycle
19.862404647426068,0.2667438225965793,0.26862236978546766,1.4774168361539808,0.9540088599054877,fast_cycle
19.91240464742607,0.2710781058373362,0.2662612485397389,1.474855962813392,0.9811869404283162,fast_cycle
19.96240464742607,0.2755404586568768,0.26384153657575904,1.4720684892580107,0.9965166015099026,fast_cycle
20.01240464742607,0.2800228519747381,0.2614199004149533,1.4691618953507593,0.9996203760181886,fast_cycle
20.06240464742607,0.2844137424907463,0.2590542297138291,1.4662457159068438,0.9904218387239443,fast_cycle
20.11240464742607,0.2886007754220664,0.256802239813167,1.4634288371255768,0.9691474881435487,fast_cycle
20.162404647426072,0.29247383395721893,0.25471994682033977,1.4608168973610947,0.9363211693938129,fast_cycle
20.212404647426073,0.29592836375022197,0.2528600477798109,1.45850984655549,0.892751175386659,fast_cycle
20.262404647426074,0.2988688501118197,0.2512702599857987,1.4565997066407743,0.8395103439750673,fast_cycle
20.312404647426074,0.30121227613022744,0.24999169502926505,1.4551685642066658,0.7779096411245779,fast_cycle
20.362404647426075,0.30289135129845784,0.2490573603238075,1.4542868175538968,0.709465880580382,fast_cycle
20.412404647426076,0.3038572820010504,0.24849088906382052,1.4540116933765026,0.635864374878892,fast_cycle
20.462404647426077,0.3040818648146919,0.2483055952945375,1.4543860438370335,0.558917437359882,fast_cycle
20.512404647426077,0.3035587238036583,0.24850393261615356,1.455437432471941,0.4805197569973005,fast_cycle
20.562404647426078,0.30230358058194795,0.24907740444531082,1.4571775166830487,0.4026017448686725,fast_cycle
20.61240464742608,0.3003535316046251,0.25000693498207704,1.4596017348646948,0.3270820010276472,fast_cycle
20.66240464742608,0.29776539744273894,0.2512636693282299,1.462689306756163,0.25582007220325814,fast_cycle
20.71240464742608,0.2946132890276665,0.2528101353485599,1.4664035556971624,0.19057066358795,fast_cycle
20.76240464742608,0.290985593644725,0.25460167453036664,1.470692560494332,0.13294043217219187,fast_cycle
20.81240464742608,0.2869816114671402,0.25658803754855514,1.4754901420990207,0.08434842551722244,fast_cycle
20.862404647426082,0.282708070583061,0.25871504278669777,1.480717185911519,0.045991140094502614,fast_cycle
20.912404647426083,0.27827571950818514,0.26092621028624996,1.4862832940740727,0.01881305957167656,fast_cycle
20.962404647426084,0.273796149771197,0.26316430527283957,1.492088753565926,0.0034833984900950465,fast_cycle
21.012404647426084,0.2693789474651779,0.26537274969506924,1.4980267954233168,0.0003796239818122382,fast_cycle
21.062404647426085,0.2651292210021422,0.26749688274716904,1.5039861083399397,0.009578161276059594,fast_cycle
21.112404647426086,0.26114550958446964,0.26948506901573915,1.5098535568503937,0.03085251185645932,fast_cycle
21.162404647426087,0.25751804688669366,0.27128966413804706,1.515517041077546,0.06367883060620011,fast_cycle
21.212404647426087,0.2543273378887078,0.272867852616758,1.5208684226432825,0.10724882461335294,fast_cycle
21.262404647426088,0.25164300213530044,0.27418237178331023,1.5258064309313752,0.1604896560249497,fast_cycle
21.31240464742609,0.24952284088761129,0.27520213160844387,1.5302394565998374,0.22209035887543827,fast_cycle
21.36240464742609,0.24801209510038172,0.2759027341189962,1.5340881361076872,0.290534119419639,fast_cycle
21.41240464742609,0.24714287252482822,0.27626689042243585,1.5372876328437044,0.3641356251211302,fast_cycle
21.46240464742609,0.24693373285268932,0.2762847291359679,1.5397895276534401,0.44108256264014095,fast_cycle
21.51240464742609,0.2473894280663145,0.275953988112629,1.5415632441314941,0.5194802430027226,fast_cycle
21.562404647426092,0.24850080053389711,0.27528008183085334,1.5425969514591193,0.5973982551313501,fast_cycle
21.612404647426093,0.25024484436038447,0.2742760391479792,1.5428979088249903,0.6729179989723745,fast_cycle
21.662404647426094,0.25258493723171743,0.2729623093705608,1.5424922391729996,0.7441799277967558,fast_cycle
21.712404647426094,0.25547125190427056,0.2713664376481394,1.5414241445122026,0.809429336412068,fast_cycle
21.762404647426095,0.2588413598319814,0.26952261254071613,1.539754598540951,0.8670595678278238,fast_cycle
21.812404647426096,0.26262104479923487,0.267471088603522,1.537559573209086,0.9156515744827904,fast_cycle
21.862404647426096,0.2667253514834704,0.2652574849103097,1.5349278726631206,0.954008859905507,fast_cycle
21.912404647426097,0.2710599011339982,0.2629319572061612,1.531958659792476,0.9811869404283278,fast_cycle
21.962404647426098,0.2755225115041261,0.26054823809032285,1.5287587668240517,0.9965166015099076,fast_cycle
22.0124046474261,0.28000515758486405,0.2581625379873897,1.525439882134335,0.9996203760181869,fast_cycle
22.0624046474261,0.2843963002232786,0.2558323015215214,1.522115701200584,0.990421838723936,fast_cycle
22.1124046474261,0.28858358874344403,0.25361482082277714,1.518899121346644,0.9691474881435327,fast_cycle
22.1624046474261,0.29245691025307763,0.25156572004768185,1.5158995488892653,0.9363211693937921,fast_cycle
22.2124046474261,0.295911713967636,0.24973734354123958,1.513220374819888,0.8927511753866328,fast_cycle
22.262404647426102,0.2988524882220668,0.2481771016539779,1.5109566625941022,0.8395103439750334,fast_cycle
22.312404647426103,0.301196218419572,0.246925849837256,1.5091930800953346,0.7779096411245425,fast_cycle
22.362404647426104,0.3028756155132632,0.246016393844692,1.508002098243497,0.7094658805803401,fast_cycle
22.412404647426104,0.3038418863916887,0.2454722221083206,1.507442471519036,0.6358643748788545,fast_cycle
22.462404647426105,0.3040668271373181,0.24530656209702592,1.507558010968862,0.5589174373598362,fast_cycle
22.512404647426106,0.30354406034729126,0.2455218393032125,1.508376657803546,0.48051975699725447,fast_cycle
22.562404647426106,0.302289305288683,0.24610958688709358,1.5099098649628275,0.4026017448686273,fast_cycle
22.612404647426107,0.3003396553427837,0.24705081520564173,1.5121522943270005,0.327082001027604,fast_cycle
22.662404647426108,0.2977519274775006,0.24831680971852277,1.5150818378305348,0.25582007220322417,fast_cycle
22.71240464742611,0.29460022871368663,0.24987028987610155,1.5186599708653243,0.19057066358791386,fast_cycle
22.76240464742611,0.29097294234363835,0.2516668362287456,1.5228324454111828,0.13294043217216062,fast_cycle
22.81240464742611,0.2869693646729069,0.2536564814277552,1.5275303277968195,0.08434842551719685,fast_cycle
22.86240464742611,0.28269622022239993,0.2557853633222014,1.5326713815177835,0.045991140094483296,fast_cycle
22.91240464742611,0.2782642543733549,0.25799735258397605,1.5381617889174337,0.018813059571665958,fast_cycle
22.962404647426112,0.27378505603844533,0.26023558899327925,1.5438981967423875,0.0034833984900896064,fast_cycle
23.012404647426113,0.2693682092536094,0.2624438848435843,1.5497700597779642,0.0003796239818140146,fast_cycle
23.062404647426114,0.26511882093324535,0.2645679765165535,1.5556622443337706,0.00957816127606853,fast_cycle
23.112404647426114,0.26113542931054856,0.26655662301317967,1.5614578399032697,0.03085251185647525,fast_cycle
23.162404647426115,0.25750826756550477,0.2683625615471215,1.5670411137152687,0.0636788306062191,fast_cycle
23.212404647426116,0.25431784059054097,0.26994333513441504,1.5723005301774755,0.10724882461338142,fast_cycle
23.262404647426116,0.2516337681767703,0.27126200652213517,1.5771317465531036,0.1604896560249835,fast_cycle
23.312404647426117,0.24951385209308988,0.272287768548197,1.5814404887962634,0.22209035887547657,fast_cycle
23.362404647426118,0.2480033339971357,0.2729964551037091,1.5851452083691284,0.2905341194196808,fast_cycle
23.41240464742612,0.24713432248153647,0.2733709511006224,1.5881794228871984,0.36413562512116765,fast_cycle
23.46240464742612,0.24692537817321306,0.2734014956000183,1.590493651022213,0.4410825626401867,fast_cycle
23.51240464742612,0.24738125405152825,0.2730858702787527,1.5920568651982827,0.5194802430027614,fast_cycle
23.56240464742612,0.24849279352421833,0.27242946578728827,1.592857403696915,0.5973982551313953,fast_cycle
23.61240464742612,0.2502369917705171,0.27144522076869493,1.5929033058008901,0.6729179989724177,fast_cycle
23.662404647426122,0.2525772275871992,0.27015343143648346,1.5922220581069202,0.744179927796796,fast_cycle
23.712404647426123,0.2554636748868319,0.2685814325412603,1.5908597654034244,0.8094293364121042,fast_cycle
23.762404647426123,0.2588339063376438,0.2667631522923235,1.58887978372812,0.8670595678278502,fast_cycle
23.812404647426124,0.26261370700966596,0.2647385437093672,1.5863608746719888,0.915651574482816,fast_cycle
23.862404647426125,0.26671812294756203,0.26255289290236594,1.5833949572399177,0.9540088599055263,fast_cycle
23.912404647426126,0.27105277685316237,0.26025600152537426,1.5800845455958783,0.9811869404283403,fast_cycle
23.962404647426126,0.27551548801167036,0.25790123736952814,1.57653996731147,0.9965166015099131,fast_cycle
24.0,0.2788902664502762,0.2561262373153402,1.5737900635960287,1.0,fast_cycle
0.0,1.0,0.01,0.01,1.0,slow_wet_dry
0.01109061804040889,0.996026456607073,0.011964063855165094,0.010071916396789768,0.9999810316950788,slow_wet_dry
0.11337227546900361,0.9610142038466808,0.02921325974910155,0.011424251239798393,0.998019173052777,slow_wet_dry
0.22077927132360126,0.9268659384136411,0.04593282002181259,0.014094554660797176,0.9925019572332077,slow_wet_dry
0.33739223184912775,0.8920427556720697,0.06287272880857425,0.018320280716438396,0.9825479214821811,slow_wet_dry
0.4643440511206884,0.8560310497724675,0.08027546704215374,0.024372304922681505,0.9671162998779526,slow_wet_dry
0.6032229080458607,0.8181705836320184,0.09845410650008757,0.03261411712917985,0.9449272500984782,slow_wet_dry
0.7558168839738922,0.7777631885657111,0.11773968658922168,0.043520527452120705,0.9144613912531265,slow_wet_dry
0.9242554648955992,0.7340942703201762,0.13847158043553193,0.0577186822532035,0.8739483124859955,slow_wet_dry
1.111097109072644,0.6865184835611626,0.1609575719194959,0.07603922237593208,0.821398016986348,slow_wet_dry
1.311097109072644,0.6366473323300398,0.18444643001719965,0.09857713858710547,0.7575237506489869,slow_wet_dry
1.511097109072644,0.5882033767484147,0.20720916853356666,0.12407895753285494,0.68730839489832,slow_wet_dry
1.711097109072644,0.5416532752591445,0.22905491422216281,0.1524794412878742,0.6124808848243339,slow_wet_dry
1.9110971090726439,0.49745026363174516,0.24979689161642313,0.18370596847571458,0.5348837220633184,slow_wet_dry
2.111097109072644,0.4559497508335428,0.2692926683980118,0.2176780678669311,0.4564276062926679,slow_wet_dry
2.311097109072644,0.4173750565234729,0.28745949568197166,0.2543093074814883,0.37904438746357577,slow_wet_dry
2.511097109072644,0.3818196890711636,0.3042717897917629,0.29350876332338993,0.30463949724379363,slow_wet_dry
2.7110971090726443,0.34927086411398467,0.3197484868233581,0.3351804563326358,0.23504503096620566,slow_wet_dry
2.9110971090726445,0.31964142519585037,0.33393665919207727,0.37922019844546584,0.17197463536135732,slow_wet_dry
3.1110971090726447,0.29280151930921733,0.3468956394665383,0.4255100539524337,0.1169813128876826,slow_wet_dry
3.311097109072645,0.2686053994923034,0.3586838880954943,0.47391108058894943,0.07141918165685662,slow_wet_dry
3.511097109072645,0.24691166659691402,0.3693493998075268,0.5242552324184734,0.0364101325518264,slow_wet_dry
3.7110971090726452,0.22759699328256314,0.3789236133639526,0.5763373703080759,0.012816204549930654,slow_wet_dry
3.9110971090726454,0.2105641541884811,0.3874184274828664,0.6299083045018307,0.0012183584623335353,slow_wet_dry
4.111097109072645,0.19574537156389776,0.3948258468624283,0.6846697266200208,0.0019021717507561875,slow_wet_dry
4.311097109072645,0.18310188003895617,0.40111983057780515,0.7402717884015325,0.014850806662591365,slow_wet_dry
4.5110971090726455,0.1726204308019709,0.40625998412516995,0.7963139480839666,0.039745424832254295,slow_wet_dry
4.711097109072646,0.16430732167214387,0.41019676505669384,0.8523495222995052,0.07597303813990697,slow_wet_dry
4.911097109072646,0.15818051388963883,0.41287783662708333,0.9078941435345773,0.1226416025133596,slow_wet_dry
5.111097109072646,0.15426048062198738,0.4142551111396247,0.9624380309571272,0.1786019830136527,slow_wet_dry
5.311097109072646,0.15256057914691562,0.4142919080122675,1.0154616493631692,0.24247624935101375,slow_wet_dry
5.511097109072646,0.1530778642287915,0.4129695633445853,1.0664539859259081,0.3126916051016808,slow_wet_dry
5.711097109072647,0.15578526678031634,0.4102928253870669,1.1149323597296263,0.38751911517566695,slow_wet_dry
5.911097109072647,0.16062587515848278,0.4062934954859173,1.1604624447034257,0.46511627793668253,slow_wet_dry
6.111097109072647,0.16750966350629762,0.4010320316449262,1.2026770798688304,0.5435723937073335,slow_wet_dry
6.311097109072647,0.17631248091895863,0.39459717930246263,1.2412924941023196,0.6209556125364255,slow_wet_dry
6.511097109072647,0.1868765826732432,0.3871040499236593,1.2761207924555946,0.6953605027562075,slow_wet_dry
6.7110971090726474,0.1990116075519966,0.37869133857059173,1.3070779132928259,0.7649549690337953,slow_wet_dry
6.911097109072648,0.2124948071870684,0.3695184815864181,1.3341867182870937,0.8280253646386435,slow_wet_dry
7.111097109072648,0.22706956958824576,0.35976346943209087,1.3575753516035667,0.883018687112318,slow_wet_dry
7.311097109072648,0.24244183573319283,0.34962175354447256,1.377471427999506,0.9285808183431439,slow_wet_dry
7.511097109072648,0.258274825324112,0.33930625509329587,1.3941929193991653,0.9635898674481741,slow_wet_dry
7.711097109072648,0.27418347810764293,0.329047950517515,1.4081367619360183,0.9871837954500697,slow_wet_dry
7.9110971090726485,0.2897310531981398,0.31909594694474164,1.4197661807559774,0.9987816415376665,slow_wet_dry
8.111097109072649,0.3044311960740498,0.30971548408605665,1.4295975356859507,0.9980978282492436,slow_wet_dry
8.311097109072648,0.3177591284487995,0.3011820859342121,1.4381871658161758,0.9851491933374085,slow_wet_dry
8.511097109072647,0.329174963938517,0.2937703693562643,1.4461183281194807,0.9602545751677454,slow_wet_dry
8.711097109072647,0.33816006939998855,0.28773700606321456,1.4539879894707468,0.9240269618600929,slow_wet_dry
8.911097109072646,0.34426383538138244,0.283299044754515,1.4623930620197048,0.8773583974866404,slow_wet_dry
9.111097109072645,0.3471539303309661,0.2806108641912741,1.4719157614131326,0.8213980169863477,slow_wet_dry
9.311097109072644,0.34665971414357655,0.2797446520872631,1.4831081260977477,0.7575237506489871,slow_wet_dry
9.511097109072644,0.3427979230198864,0.28067954536809014,1.4964762521957722,0.6873083948983201,slow_wet_dry
9.711097109072643,0.3357731178913905,0.2833028980416118,1.5124652576302167,0.6124808848243344,slow_wet_dry
9.911097109072642,0.325951947212609,0.2874239547309791,1.5314461669936306,0.5348837220633192,slow_wet_dry
10.111097109072642,0.3138174308701591,0.29279676986623854,1.5537056952783632,0.4564276062926688,slow_wet_dry
10.31109710907264,0.2999142181140248,0.2991469843650185,1.5794393791244958,0.37904438746357677,slow_wet_dry
10.51109710907264,0.2847964350540845,0.30619684570724665,1.6087478791807552,0.304639497243795,slow_wet_dry
10.71109710907264,0.2689867625145905,0.31368438680615585,1.6416357996426123,0.23504503096620727,slow_wet_dry
10.911097109072639,0.25295069726353725,0.3213750060603061,1.678012188127265,0.17197463536135926,slow_wet_dry
11.111097109072638,0.2370856130781092,0.3290658068117675,1.7176919980005034,0.11698131288768454,slow_wet_dry
11.311097109072637,0.22172146769698778,0.336584378875825,1.7603981188344517,0.07141918165685796,slow_wet_dry
11.511097109072637,0.20712897690134832,0.34378416715195986,1.8057639761774247,0.03641013255182762,slow_wet_dry
11.711097109072636,0.19353132221107727,0.35053841738394054,1.853337056795489,0.012816204549931487,slow_wet_dry
11.911097109072635,0.18111633129525215,0.3567342357534326,1.9025839608464465,0.0012183584623338128,slow_wet_dry
12.111097109072634,0.17004707064901184,0.36226778968176215,1.9528976892945482,0.001902171750755799,slow_wet_dry
12.311097109072634,0.16046965412952235,0.3670412362982802,2.003607841265469,0.014850806662590144,slow_wet_dry
12.511097109072633,0.152517727695611,0.37096162217483303,2.053994234153231,0.03974542483225246,slow_wet_dry
12.711097109072632,0.14631357763077615,0.37394173184301976,2.1033041885449095,0.07597303813990419,slow_wet_dry
12.911097109072632,0.1419661954972623,0.37590263988862477,2.1507733654851764,0.12264160251335587,slow_wet_dry
13.111097109072631,0.13956696590290907,0.3767775224725327,2.1956496373456966,0.17860198301364782,slow_wet_dry
13.31109710907263,0.13918392322425058,0.3765161156700941,2.237219056518024,0.24247624935100792,slow_wet_dry
13.51109710907263,0.14085570247576218,0.37508910220639713,2.274832608146139,0.31269160510167493,slow_wet_dry
13.711097109072629,0.14458631422747018,0.3724917087779504,2.3079321495767804,0.38751911517566034,slow_wet_dry
13.911097109072628,0.15034164743058423,0.36874593530051614,2.3360738036174005,0.4651162779366753,slow_wet_dry
14.111097109072627,0.15804815139250825,0.36390111184914675,2.3589471255482164,0.5435723937073254,slow_wet_dry
14.311097109072627,0.16759355560148428,0.35803283870080255,2.37638862070987,0.6209556125364172,slow_wet_dry
14.511097109072626,0.1788289060743788,0.35124072259587286,2.38838863244771,0.6953605027561992,slow_wet_dry
14.711097109072625,0.1915707967812992,0.343645582209676,2.3950911966571367,0.7649549690337882,slow_wet_dry
14.911097109072625,0.2056025784587349,0.3353868859178894,2.3967870899321757,0.8280253646386366,slow_wet_dry
15.111097109072624,0.22067358119786318,0.32662107698714393,2.3939008927239853,0.883018687112312,slow_wet_dry
15.311097109072623,0.23649596485404017,0.3175211494913739,2.3869733623541554,0.9285808183431388,slow_wet_dry
15.511097109072622,0.2527396419175236,0.3082774035041217,2.376640699080782,0.96358986744817,slow_wet_dry
15.711097109072622,0.2690267092393151,0.29909878438466686,2.363612356439594,0.9871837954500673,slow_wet_dry
15.911097109072621,0.28492785379022006,0.2902136678177922,2.3486488910234957,0.9987816415376658,slow_wet_dry
16.11109710907262,0.2999640579537404,0.2818684966118211,2.3325409941784345,0.9980978282492448,slow_wet_dry
16.31109710907262,0.3136172803622698,0.27432247681741406,2.3160903573661775,0.9851491933374112,slow_wet_dry
16.51109710907262,0.3253531616869528,0.26783682687019117,2.3000924842840633,0.96025457516775,slow_wet_dry
16.711097109072618,0.33465676739643635,0.26265805184204266,2.2853210938096398,0.9240269618600987,slow_wet_dry
16.911097109072617,0.3410788722406348,0.25899640837181387,2.272513485392398,0.8773583974866477,slow_wet_dry
17.111097109072617,0.34428602352898124,0.25700278275540467,2.2623562592457795,0.8213980169863563,slow_wet_dry
17.311097109072616,0.3441041815997519,0.256748848031576,2.2554711094247852,0.7575237506489967,slow_wet_dry
17.511097109072615,0.34054506358255604,0.25821565675891806,2.2524009265890603,0.687308394898331,slow_wet_dry
17.711097109072615,0.3338075539835045,0.26129422160229054,2.2535969411356067,0.6124808848243458,slow_wet_dry
17.911097109072614,0.3242529949701314,0.2657984944880216,2.2594078747346367,0.53488372206333,slow_wet_dry
18.111097109072613,0.3123603084320236,0.27148771813849654,2.2700719279018604,0.45642760629268,slow_wet_dry
18.311097109072612,0.2986717313209981,0.278092848332597,2.28571197562803,0.3790443874635881,slow_wet_dry
18.51109710907261,0.2837407432905502,0.2853414480790427,2.306333782978937,0.30463949724380573,slow_wet_dry
18.71109710907261,0.26809090944455416,0.2929769227146522,2.33182662652503,0.23504503096621715,slow_wet_dry
18.91109710907261,0.25218973166396286,0.30077026096050197,2.361965562490774,0.17197463536136737,slow_wet_dry
19.11109710907261,0.23643726109384122,0.3085245633757071,2.3964147275955927,0.11698131288769148,slow_wet_dry
19.31109710907261,0.2211664120474554,0.3160739835097516,2.4347313974258733,0.07141918165686395,slow_wet_dry
19.511097109072608,0.2066508428811108,0.3232791931439954,2.476370926427773,0.03641013255183201,slow_wet_dry
19.711097109072607,0.1931164757219412,0.33002134709430336,2.5206930388626554,0.012816204549934096,slow_wet_dry
19.911097109072607,0.18075357744934367,0.33619608145932234,2.56697016027518,0.00121835846233459,slow_wet_dry
20.111097109072606,0.16972731694292573,0.34170857603701016,2.61439854470856,0.0019021717507548552,slow_wet_dry
20.311097109072605,0.16018557863591834,0.3464702740401853,2.6621128633400772,0.014850806662587535,slow_wet_dry
20.511097109072605,0.15226347411504784,0.35039751219903953,2.709204691229923,0.03974542483224791,slow_wet_dry
20.711097109072604,0.14608448622552464,0.35341205175319385,2.7547449859137214,0.07597303813989847,slow_wet_dry
20.911097109072603,0.14175857118172638,0.3554432824157311,2.79781022766051,0.12264160251334821,slow_wet_dry
21.111097109072603,0.13937788086830363,0.35643167693143624,2.837511427564765,0.17860198301363955,slow_wet_dry
21.311097109072602,0.1390110501920164,0.3563329090579881,2.8730247562163695,0.24247624935099793,slow_wet_dry
21.5110971090726,0.14069717493078493,0.3551219437694218,2.903622159851355,0.3126916051016641,slow_wet_dry
21.7110971090726,0.14444061090101307,0.35279640815965657,2.9287000725745576,0.38751911517564985,slow_wet_dry
21.9110971090726,0.15020749921715504,0.3493786865974947,2.947804256307457,0.4651162779366637,slow_wet_dry
22.1110971090726,0.15792446937364082,0.34491645101257157,2.96064894067811,0.5435723937073147,slow_wet_dry
22.3110971090726,0.16747937876990907,0.33948168739751394,2.967128799872928,0.6209556125364059,slow_wet_dry
22.511097109072598,0.17872336682132078,0.3331686267031886,2.9673228623961045,0.6953605027561893,slow_wet_dry
22.711097109072597,0.1914731015096323,0.326091237849356,2.96149013644471,0.764954969033779,slow_wet_dry
22.911097109072596,0.20551200011756385,0.3183810221108405,2.9500574559420065,0.8280253646386279,slow_wet_dry
23.111097109072595,0.22058946029123036,0.3101857346261604,2.9336007092136507,0.8830186871123051,slow_wet_dry
23.311097109072595,0.2364177155791665,0.30166936507976694,2.912821113206978,0.9285808183431328,slow_wet_dry
23.511097109072594,0.25266676041509767,0.29301327673784244,2.888518475928308,0.963589867448166,slow_wet_dry
23.711097109072593,0.26895878131313505,0.2844178843300653,2.8615634169907866,0.9871837954500648,slow_wet_dry
23.911097109072593,0.28486455974516567,0.27610371527919564,2.8328702947010527,0.9987816415376649,slow_wet_dry
24.111097109072592,0.29990517240351705,0.26831025115482615,2.8033721553007958,0.9980978282492456,slow_wet_dry
24.31109710907259,0.3135626651222878,0.261290755458852,2.773998444802707,0.9851491933374139,slow_wet_dry
24.51109710907259,0.32530275046404233,0.25530158634961103,2.745655605801639,0.9602545751677543,slow_wet_dry
24.71109710907259,0.334610542181066,0.25058547578541224,2.71921014550741,0.9240269618601054,slow_wet_dry
24.91109710907259,0.3410368331510082,0.24734995258703066,2.695473438511006,0.8773583974866553,slow_wet_dry
25.11109710907259,0.34424815598805975,0.24574414471160083,2.675187516878808,0.8213980169863646,slow_wet_dry
25.311097109072588,0.3440704263519195,0.2458388391458968,2.6590114123826627,0.7575237506490067,slow_wet_dry
25.511097109072587,0.3405152952648589,0.24761496779349249,2.6475081367793436,0.687308394898341,slow_wet_dry
25.711097109072586,0.33378157229638894,0.2509640818124812,2.6411328949907626,0.6124808848243571,slow_wet_dry
25.911097109072585,0.324230529372551,0.25570123364913055,2.6402233874348497,0.5348837220633417,slow_wet_dry
26.111097109072585,0.31234103392406126,0.26158724660421695,2.6449929467958087,0.45642760629269075,slow_wet_dry
26.311097109072584,0.2986552905941563,0.2683550733735815,2.6555268305223447,0.37904438746359936,slow_wet_dry
26.511097109072583,0.2837267700140447,0.2757346448559267,2.671781461362015,0.30463949724381567,slow_wet_dry
26.711097109072583,0.2680790485133983,0.2834720757764774,2.6935860107385636,0.23504503096622703,slow_wet_dry
26.911097109072582,0.25217965407587445,0.29134138783497787,2.720645599158214,0.1719746353613762,slow_wet_dry
27.11109710907258,0.2364286729184133,0.2991490263573286,2.7525455517238733,0.11698131288769842,slow_wet_dry
27.31109710907258,0.22115905820150258,0.3067327897338323,2.7887564978138593,0.07141918165686995,slow_wet_dry
27.51109710907258,0.20664450701783318,0.3139572768908827,2.828640507603263,0.036410132551836005,slow_wet_dry
27.71109710907258,0.19311097761998436,0.320707822381129,2.8714587991500826,0.012816204549936705,slow_wet_dry
27.91109710907258,0.1807487690718674,0.3268844477806682,2.9163817567157753,0.0012183584623354227,slow_wet_dry
28.111097109072578,0.16972307801486583,0.3323968561407263,2.9625020444923105,0.0019021717507539115,slow_wet_dry
28.311097109072577,0.1601818122770747,0.33716106047068645,3.008851480230519,0.014850806662584703,slow_wet_dry
28.511097109072576,0.15226010282059124,0.34109789959494713,3.054422068275669,0.03974542483224369,slow_wet_dry
28.711097109072576,0.1460814483155221,0.3441334350022679,3.098191209812082,0.07597303813989181,slow_wet_dry
28.911097109072575,0.14175581773829246,0.3462010069338618,3.13915064688135,0.12264160251334116,slow_wet_dry
29.111097109072574,0.13937537312697018,0.34724453634810337,3.176338201926415,0.17860198301363134,slow_wet_dry
29.311097109072573,0.13900875733657733,0.3472224968137405,3.2088709009644494,0.24247624935098866,slow_wet_dry
29.511097109072573,0.14069507224401404,0.3461118774796128,3.2359776773757924,0.31269160510165406,slow_wet_dry
29.711097109072572,0.14443867823563408,0.34391145765668263,3.2570296071447755,0.3875191151756376,slow_wet_dry
29.91109710907257,0.1502057197634157,0.34064384677217,3.2715655793664165,0.46511627793665294,slow_wet_dry
30.11109710907257,0.15792282870620658,0.3363560074833579,3.2793114919043673,0.5435723937073021,slow_wet_dry
30.31109710907257,0.1674778641556443,0.33111832556310333,3.2801914834484376,0.6209556125363954,slow_wet_dry
30.51109710907257,0.1787219667624127,0.3250226323808969,3.274330333409932,0.6953605027561793,slow_wet_dry
30.71109710907257,0.191471805487171,0.31817983066462197,3.2620469066069147,0.7649549690337684,slow_wet_dry
30.911097109072568,0.20551079849312873,0.3107178519514122,3.2438392913220944,0.8280253646386198,slow_wet_dry
31.111097109072567,0.22058834432078492,0.3027805582008306,3.2203629705331327,0.8830186871122969,slow_wet_dry
31.311097109072566,0.2364166774949115,0.29452790559377323,3.1924038829398262,0.9285808183431272,slow_wet_dry
31.511097109072566,0.25266579353526547,0.2861372565717948,3.160848507021739,0.963589867448162,slow_wet_dry
31.711097109072565,0.26895788014467725,0.27780520976894973,3.1266531081906686,0.9871837954500621,slow_wet_dry
31.911097109072564,0.28486372004815536,0.2697487847053694,3.090814033936047,0.9987816415376642,slow_wet_dry
32.11109710907257,0.2999043911887725,0.26220435407699955,3.05434046718643,0.9980978282492465,slow_wet_dry
32.31109710907257,0.3135619405572232,0.2554225291674,3.0182304284055648,0.9851491933374157,slow_wet_dry
32.51109710907257,0.3253020816696628,0.24965749933243908,2.9834501566990124,0.960254575167757,slow_wet_dry
32.711097109072576,0.33460992891885727,0.24515031152429778,2.95091642814984,0.9240269618601082,slow_wet_dry
32.91109710907258,0.34103627542293014,0.24210727311158922,2.9214810197080157,0.8773583974866577,slow_wet_dry
33.11109710907258,0.3442476536011302,0.24067671949773095,2.8959164986995383,0.8213980169863674,slow_wet_dry
33.311097109072584,0.34406997852044463,0.24092903093364268,2.8749028225044255,0.7575237506490083,slow_wet_dry
33.51109710907259,0.34051490032613113,0.24284507218054732,2.859014754799862,0.6873083948983411,slow_wet_dry
33.71109710907259,0.3337812275935232,0.24631662175843924,2.8487106212142175,0.6124808848243556,slow_wet_dry
33.91109710907259,0.32423023131674095,0.2511592131680622,2.844323200997301,0.5348837220633382,slow_wet_dry
34.111097109072595,0.3123407782039365,0.25713436991666344,2.8460534556845936,0.4564276062926873,slow_wet_dry
34.3110971090726,0.29865507246963036,0.26397593670291186,2.8539673883701426,0.37904438746359437,slow_wet_dry
34.5110971090726,0.28372658462524764,0.2714149080057722,2.8679958147698654,0.30463949724380923,slow_wet_dry
34.711097109072604,0.26807889114931344,0.2791986197561401,2.887936445089509,0.23504503096621965,slow_wet_dry
34.91109710907261,0.2521795203717232,0.2871024632554847,2.9134575683016317,0.17197463536136826,slow_wet_dry
35.11109710907261,0.23642855897466497,0.2949343952505612,2.9441028046551367,0.11698131288769165,slow_wet_dry
35.31109710907261,0.22115896063397714,0.30253386100547186,2.9792967499918657,0.07141918165686362,slow_wet_dry
35.511097109072615,0.2066444229562438,0.30976723297758413,3.0183517416968058,0.03641013255183073,slow_wet_dry
35.71109710907262,0.19311090467330802,0.3165217320476369,3.060476315162902,0.012816204549933152,slow_wet_dry
35.91109710907262,0.1807487052760676,0.32269935760688473,3.104786119709695,0.0012183584623343124,slow_wet_dry
36.111097109072624,0.16972302177422055,0.32821185139069786,3.1503180946502405,0.0019021717507554103,slow_wet_dry
36.31109710907263,0.16018176230624342,0.33297728499973134,3.19604857041704,0.014850806662589422,slow_wet_dry
36.51109710907263,0.15226005809128967,0.33691852451249094,3.2409156752691977,0.03974542483225196,slow_wet_dry
36.71109710907263,0.1460814080094186,0.3399635671720403,3.283846025381562,0.07597303813990403,slow_wet_dry
36.911097109072635,0.14175578120637325,0.3420475311413563,3.3237851944648,0.12264160251335621,slow_wet_dry
37.11109710907264,0.13937533985493028,0.34311588900593054,3.359730947011914,0.17860198301365027,slow_wet_dry
37.31109710907264,0.13900872691556437,0.34312837411557806,3.390767734150024,0.24247624935101142,slow_wet_dry
37.511097109072644,0.1406950443460932,0.34206288646357025,3.4161005564881397,0.3126916051016787,slow_wet_dry
37.71109710907265,0.14443865259350175,0.33991872406013357,3.435086058138995,0.3875191151756669,slow_wet_dry
37.91109710907265,0.1502056961540485,0.3367185981500159,3.4472586846800333,0.4651162779366829,slow_wet_dry
38.11109710907265,0.15792280693821598,0.3325091531672202,3.4523499480837323,0.5435723937073357,slow_wet_dry
38.311097109072655,0.1674778440600926,0.32736005617396524,3.450299293403234,0.620955612536428,slow_wet_dry
38.51109710907266,0.17872194818675158,0.32136206054864125,3.4412557153871894,0.6953605027562103,slow_wet_dry
38.71109710907266,0.1914717882918394,0.314624691443554,3.4255700508133455,0.7649549690337999,slow_wet_dry
38.911097109072664,0.20551078255024738,0.30727427654291023,3.4037786711720672,0.8280253646386477,slow_wet_dry
39.11109710907267,0.2205883295143406,0.2994529286290584,3.3765800107858213,0.883018687112322,slow_wet_dry
39.31109710907267,0.23641666372184325,0.2913187916774924,3.3448058916372765,0.9285808183431483,slow_wet_dry
39.51109710907267,0.25266578070692136,0.28304743063870674,3.30938988179355,0.9635898674481772,slow_wet_dry
39.711097109072675,0.2689578681881768,0.2748337296893226,3.2713349207124733,0.9871837954500721,slow_wet_dry
39.91109710907268,0.28486370890724405,0.26689313239316087,3.231682171733481,0.9987816415376674,slow_wet_dry
40.11109710907268,0.2999043808237901,0.2594606147913278,3.191482564940397,0.9980978282492428,slow_wet_dry
40.31109710907268,0.3135619309438552,0.2527855966868167,3.151771849792722,0.985149193337405,slow_wet_dry
40.511097109072686,0.3253020727962466,0.2471212931294965,3.113549293689394,0.9602545751677397,slow_wet_dry
40.71109710907269,0.3346099207822282,0.2427079940869532,3.0777595708445857,0.9240269618600847,slow_wet_dry
40.91109710907269,0.34103626802311393,0.23975145815015014,3.045277020907159,0.8773583974866287,slow_wet_dry
41.111097109072695,0.3442476469355665,0.23839966457224912,3.016891418738547,0.8213980169863335,slow_wet_dry
41.3110971090727,0.3440699725787089,0.23872281073178758,2.9932946967166196,0.7575237506489704,slow_wet_dry
41.5110971090727,0.34051489508616306,0.24070173104946804,2.9750685828921655,0.6873083948983016,slow_wet_dry
41.7110971090727,0.3337812230200722,0.24422830601189155,2.9626736386256627,0.6124808848243106,slow_wet_dry
41.911097109072706,0.32423022736219165,0.24911828509318262,2.956440459650204,0.534883722063294,slow_wet_dry
42.11109710907271,0.312340774811087,0.25513350629104325,2.956563717126722,0.4564276062926432,slow_wet_dry
42.31109710907271,0.29865506957559046,0.2620082150369166,2.9630993169205753,0.3790443874635514,slow_wet_dry
42.511097109072715,0.283726582165538,0.2694738837021071,2.9759644519341437,0.3046394972437701,slow_wet_dry
42.71109710907272,0.2680788890614297,0.2772783969909724,2.9949399485913757,0.23504503096618057,slow_wet_dry
42.91109710907272,0.25217951859775456,0.28519776169686123,3.0196742084721224,0.17197463536133484,slow_wet_dry
43.11109710907272,0.2364285574628735,0.2930406138047224,3.049688226079634,0.11698131288766317,slow_wet_dry
43.311097109072726,0.2211589593394624,0.3006471386880257,3.084381525317944,0.0714191816568408,slow_wet_dry
43.51109710907273,0.20664442184092355,0.3078845058217211,3.1230392650889387,0.0364101325518148,slow_wet_dry
43.71109710907273,0.1931109037054588,0.3146407837778612,3.164841102515464,0.012816204549922772,slow_wet_dry
43.911097109072735,0.1807487044296311,0.320818860734093,3.20887259868732,0.0012183584623310928,slow_wet_dry
44.11109710907274,0.1697230210280251,0.3263313945486121,3.2541399772088875,0.0019021717507592961,slow_wet_dry
44.31109710907274,0.16018176164323547,0.33109738187640037,3.2995889012198916,0.014850806662600136,slow_wet_dry
44.51109710907274,0.15226005749782623,0.3350405997574352,3.3441276394684762,0.03974542483226856,slow_wet_dry
44.711097109072746,0.14608140747464227,0.3380899152720609,3.3866545776207424,0.0759730381399284,slow_wet_dry
44.91109710907275,0.14175578072167308,0.34018124549261214,3.4260895379150744,0.1226416025133864,slow_wet_dry
45.11109710907275,0.13937533941348268,0.34126076022536933,3.4614078484651856,0.17860198301368418,slow_wet_dry
45.311097109072755,0.13900872651194476,0.34128875889941906,3.491675611774132,0.2424762493510494,slow_wet_dry
45.51109710907276,0.14069504397595065,0.3402435507943846,3.516084225190864,0.3126916051017198,slow_wet_dry
45.71109710907276,0.14443865225328972,0.33812466700002813,3.5339819687900054,0.3875191151757083,slow_wet_dry
45.91109710907276,0.15020569584080787,0.3349548645198464,3.544900453096321,0.4651162779367289,slow_wet_dry
46.111097109072766,0.15792280664940742,0.3307806448071852,3.548573942528819,0.5435723937073798,slow_wet_dry
46.31109710907277,0.1674778437934746,0.325671351990929,3.5449500389321815,0.620955612536471,slow_wet_dry
46.51109710907277,0.1787219479403001,0.31971725507963356,3.5341908813768286,0.695360502756251,slow_wet_dry
46.711097109072774,0.19147178806370269,0.3130272602430305,3.516664813977843,0.764954969033836,slow_wet_dry
46.91109710907278,0.20551078233872852,0.3057269745095251,3.4929292876832725,0.8280253646386826,slow_wet_dry
47.11109710907278,0.2205883293179003,0.29795772470734855,3.4637064834556877,0.8830186871123517,slow_wet_dry
47.31109710907278,0.2364166635391139,0.28987684053780205,3.42985367603395,0.9285808183431711,slow_wet_dry
47.511097109072786,0.2526657805367265,0.28165907928917566,3.3923306328952187,0.9635898674481937,slow_wet_dry
47.71109710907279,0.26895786802954935,0.2734985547856913,3.3521663339607812,0.9871837954500816,slow_wet_dry
47.91109710907279,0.28486370875943734,0.26561000247161654,3.310427014945848,0.9987816415376705,slow_wet_dry
48.111097109072794,0.2999043806862776,0.2582277708339306,3.2681870278085956,0.9980978282492388,slow_wet_dry
48.3110971090728,0.31356193081631406,0.2516007443120552,3.2265033546169457,0.9851491933373944,slow_wet_dry
48.5110971090728,0.32530207267852185,0.24598170017460425,3.186393915091428,0.9602545751677225,slow_wet_dry
48.7110971090728,0.3346099206742774,0.24161058825588383,3.1488192052152533,0.9240269618600613,slow_wet_dry
48.911097109072806,0.34103626792493735,0.23869292056590966,3.114666430826213,0.8773583974866008,slow_wet_dry
49.11109710907281,0.34424764684712994,0.23737651632878132,3.0847352564864225,0.8213980169862982,slow_wet_dry
49.31109710907281,0.3440699724998741,0.23773149075166322,3.0597245871886134,0.7575237506489308,slow_wet_dry
49.511097109072814,0.34051489501663734,0.2397386646201076,3.040220322329982,0.6873083948982589,slow_wet_dry
49.71109710907282,0.33378122295938784,0.24328996423469565,3.0266845437112266,0.6124808848242692,slow_wet_dry
49.91109710907282,0.32423022730971734,0.24820123611028108,3.0194468832056405,0.5348837220632516,slow_wet_dry
50.11109710907282,0.31234077476606414,0.254234459552477,3.018698732910454,0.45642760629259727,slow_wet_dry
50.311097109072826,0.2986550695371849,0.261124060052641,3.024490567271196,0.37904438746350666,slow_wet_dry
50.51109710907283,0.28372658213289453,0.26860172471288013,3.03673214832902,0.3046394972437277,slow_wet_dry
50.71109710907283,0.2680788890337192,0.27641558481803186,3.055195016241598,0.23504503096614454,slow_wet_dry
50.911097109072834,0.252179518574209,0.2843419237209695,3.079516571266359,0.17197463536130275,slow_wet_dry
51.11109710907284,0.23642855744280666,0.2921896826095356,3.1092052366680085,0.11698131288763353,slow_wet_dry
51.31109710907284,0.22115895932227875,0.2997993794113843,3.1436465558261366,0.0714191816568171,slow_wet_dry
51.51109710907284,0.2066444218261179,0.30703854172612594,3.1821104856089413,0.03641013255179759,slow_wet_dry
51.711097109072846,0.19311090369261036,0.31379561901952524,3.223760485705663,0.012816204549913224,slow_wet_dry
51.91109710907285,0.1807487044183942,0.31997389882798205,3.2676651979988054,0.0012183584623280952,slow_wet_dry
52.11109710907285,0.16972302101811898,0.32548645065131315,3.312813531897908,0.001902171750763293,slow_wet_dry
52.311097109072854,0.16018176163443393,0.33025268679912684,3.358133822003186,0.014850806662611238,slow_wet_dry
52.51109710907286,0.15226005748994834,0.33419679363353766,3.4025174233360143,0.03974542483228655,slow_wet_dry
52.71109710907286,0.146081407467544,0.337248029078595,3.4448466883532216,0.07597303813995093,slow_wet_dry
52.91109710907286,0.1417557807152403,0.33934266918024697,3.4840267703602144,0.12264160251341433,slow_wet_dry
53.111097109072865,0.1393753394076249,0.34042719702666385,3.519020170512131,0.17860198301371677,slow_wet_dry
53.31109710907287,0.13900872650659002,0.34046216640305205,3.548882449962685,0.24247624935108886,slow_wet_dry
53.51109710907287,0.14069504397104118,0.33942607049348045,3.5727971304597865,0.31269160510176247,slow_wet_dry
53.711097109072874,0.1444386522487785,0.33731854511726916,3.590107570948458,0.3875191151757532,slow_wet_dry
53.91109710907288,0.1502056958366557,0.33416236783876796,3.6003435892652345,0.4651162779367713,slow_wet_dry
54.11109710907288,0.15792280664558048,0.3300039758660555,3.6032408288216295,0.5435723937074222,slow_wet_dry
54.31109710907288,0.16747784378994307,0.32491256822477094,3.5987513480936295,0.6209556125365157,slow_wet_dry
54.511097109072885,0.17872194793703702,0.31897819628211116,3.587044592998176,0.6953605027562935,slow_wet_dry
54.71109710907289,0.19147178806068335,0.312309488081036,3.568498718057187,0.764954969033875,slow_wet_dry
54.91109710907289,0.20551078233593034,0.30503172683844926,3.543683045289008,0.8280253646387146,slow_wet_dry
55.111097109072894,0.22058832931530267,0.29728588623065777,3.513333177660754,0.883018687112379,slow_wet_dry
55.3110971090729,0.23641666353669852,0.2892289300820122,3.4783208190513886,0.9285808183431947,slow_wet_dry
55.5110971090729,0.2526657805344776,0.2810352527748152,3.4396206281907005,0.9635898674482111,slow_wet_dry
55.7110971090729,0.26895786802745375,0.27289862199168285,3.3982764220158512,0.9871837954500919,slow_wet_dry
55.911097109072905,0.28486370875748496,0.2650334549983006,3.355368755879301,0.9987816415376736,slow_wet_dry
56.11109710907291,0.2999043806844612,0.25767381830344627,3.3119853916670774,0.998097828249235,slow_wet_dry
56.31109710907291,0.31356193081462896,0.25106835579222436,3.269195500191134,0.985149193337384,slow_wet_dry
56.511097109072914,0.32530207267696576,0.24546964802548615,3.2280277408503455,0.9602545751677045,slow_wet_dry
56.71109710907292,0.33460992067284956,0.24111749200582755,3.1894517523345556,0.9240269618600369,slow_wet_dry
56.91109710907292,0.34103626792363745,0.2382172889473124,3.154362209745756,0.8773583974865706,slow_wet_dry
57.11109710907292,0.3442476468459573,0.23691678616834186,3.1235645566216617,0.8213980169862656,slow_wet_dry
57.311097109072925,0.344069972498827,0.2372860619540821,3.0977618159959612,0.7575237506488944,slow_wet_dry
57.51109710907293,0.3405148950157119,0.23930593096338726,3.0775424063779817,0.6873083948982162,slow_wet_dry
57.71109710907293,0.3337812229585781,0.24286834008235259,3.0633694119538153,0.6124808848242244,slow_wet_dry
57.911097109072934,0.32423022730901513,0.24778917942901077,3.0555720421867867,0.5348837220632058,slow_wet_dry
58.11109710907294,0.3123407747654595,0.2538304918026889,3.05433993572605,0.45642760629255497,slow_wet_dry
58.31109710907294,0.2986550695366672,0.26072678360086715,3.0597205730583834,0.3790443874634654,slow_wet_dry
58.51109710907294,0.2837265821324527,0.2682098384104206,3.0716195668821995,0.3046394972436853,slow_wet_dry
58.711097109072945,0.2680788890333427,0.2760278983119472,3.089803232902093,0.23504503096610546,slow_wet_dry
58.91109710907295,0.25217951857388776,0.283957370924541,3.1139027501654866,0.17197463536126795,slow_wet_dry
59.11109710907295,0.23642855744253174,0.2918073345725644,3.143419405244368,0.11698131288760621,slow_wet_dry
59.31109710907295,0.22115895932204238,0.2994184566099201,3.1777307796824195,0.07141918165679517,slow_wet_dry
59.511097109072956,0.20664442182591355,0.306658425552022,3.2160981495008114,0.03641013255178033,slow_wet_dry
59.71109710907296,0.1931109036924326,0.31341586201123117,3.257675702946839,0.012816204549902843,slow_wet_dry
59.91109710907296,0.18074870441823854,0.3195942329674193,3.301522375939438,0.001218358462324931,slow_wet_dry
60.111097109072965,0.16972302101798178,0.325106792882921,3.3466171244959355,0.0019021717507670122,slow_wet_dry
60.31109710907297,0.16018176163431228,0.32987314083301955,3.3918783010410865,0.014850806662621563,slow_wet_dry
60.51109710907297,0.15226005748983987,0.33381764710013145,3.436187496893861,0.0397454248323032,slow_wet_dry
60.71109710907297,0.14608140746744688,0.33686974522571156,3.4784177883768557,0.07597303813997536,slow_wet_dry
60.911097109072976,0.14175578071515307,0.33896587255295635,3.5174658205969442,0.12264160251344453,slow_wet_dry
61.11109710907298,0.13937533940754637,0.3400526529366684,3.5522866322268,0.17860198301375207,slow_wet_dry
61.31109710907298,0.13900872650651935,0.3400907544516301,3.581929626676666,0.24247624935112533,slow_wet_dry
61.511097109072985,0.1406950439709776,0.3390587529155075,3.6055736958814535,0.3126916051018019,slow_wet_dry
61.71109710907299,0.14443865224872135,0.3369563312056467,3.622559267981487,0.38751911517579807,slow_wet_dry
61.91109710907299,0.1502056958366044,0.333806276124986,3.6324150342712853,0.46511627793681726,slow_wet_dry
62.11109710907299,0.15792280664553454,0.3296549960143458,3.63487734579852,0.543572393707468,slow_wet_dry
62.311097109072996,0.16747784378990202,0.32457162470027495,3.6299007533298573,0.620955612536557,slow_wet_dry
62.511097109073,0.17872194793700044,0.31864611575740465,3.6176588527035634,0.6953605027563327,slow_wet_dry
62.711097109073,0.1914717880606508,0.3119869722582807,3.5985354093655157,0.7649549690339141,slow_wet_dry
62.911097109073005,0.20551078233590137,0.30471933192192086,3.573106564095424,0.8280253646387494,slow_wet_dry
63.11109710907301,0.22058832931527683,0.2969840097432439,3.5421156536176,0.8830186871124086,slow_wet_dry
63.31109710907301,0.23641666353667543,0.2889378051474896,3.5064427169382246,0.9285808183432167,slow_wet_dry
63.51109710907301,0.2526657805344569,0.28075494945278984,3.467071033904787,0.963589867448227,slow_wet_dry
63.711097109073016,0.268957868027435,0.2726290548103119,3.4250530288342764,0.9871837954501015,slow_wet_dry
63.91109710907302,0.28486370875746775,0.2647743955188892,3.381477581004967,0.9987816415376767,slow_wet_dry
64.11109710907301,0.29990438068444464,0.25742491138632717,3.337440263457813,0.9980978282492312,slow_wet_dry
64.31109710907302,0.31356193081461337,0.25082913820970826,3.2940173624957505,0.9851491933373737,slow_wet_dry
64.51109710907302,0.3253020726769507,0.24523956816338924,3.2522438226596604,0.9602545751676892,slow_wet_dry
64.71109710907302,0.3346099206728349,0.2408959295782523,3.213094649035367,0.9240269618600143,slow_wet_dry
64.91109710907303,0.34103626792362296,0.23800357388453114,3.177468917457816,0.8773583974865427,slow_wet_dry
65.11109710907303,0.34424764684594283,0.2367102160913138,3.1461754943542948,0.821398016986233,slow_wet_dry
65.31109710907303,0.3440699724988124,0.237085917893643,3.119919862641921,0.757523750648858,slow_wet_dry
65.51109710907303,0.3405148950156972,0.2391114911974695,3.0992919717349343,0.6873083948981801,slow_wet_dry
65.71109710907304,0.33378122295856344,0.24267889213855576,3.0847555537405738,0.612480884824183,slow_wet_dry
65.91109710907304,0.32423022730900053,0.24760403042710538,3.076639634929855,0.5348837220631634,slow_wet_dry
66.11109710907304,0.31234077476544514,0.2536489773920098,3.075132892774418,0.4564276062925126,slow_wet_dry
66.31109710907305,0.2986550695366532,0.2605482757842132,3.080281120014035,0.37904438746342417,slow_wet_dry
66.51109710907305,0.28372658213243923,0.2680337525439917,3.0919875634394858,0.3046394972436494,slow_wet_dry
66.71109710907305,0.2680788890333298,0.2758536995356875,3.110015540380907,0.23504503096606938,slow_wet_dry
66.91109710907305,0.25217951857387566,0.2837845802148071,3.1339926437124515,0.17197463536123586,slow_wet_dry
67.11109710907306,0.2364285574425204,0.29163553452512375,3.1634160324896805,0.1169813128875789,slow_wet_dry
67.31109710907306,0.22115895932203183,0.29924729696208174,3.1976586712282558,0.0714191816567733,slow_wet_dry
67.51109710907306,0.20664442182590387,0.30648762834522664,3.2359767905617978,0.03641013255176573,slow_wet_dry
67.71109710907307,0.1931109036924238,0.3132452261880427,3.2775191792866276,0.012816204549894072,slow_wet_dry
67.91109710907307,0.18074870441823068,0.319423638099551,3.3213391104328,0.0012183584623219335,slow_wet_dry
68.11109710907307,0.16972302101797487,0.324936201651103,3.3664097226684335,0.0019021717507707314,slow_wet_dry
68.31109710907307,0.16018176163430634,0.32970259983720934,3.4116435243136882,0.014850806662631832,slow_wet_dry
68.51109710907308,0.15226005748983495,0.3336472855810055,3.4559163806032926,0.0397454248323198,slow_wet_dry
68.71109710907308,0.14608140746744303,0.3366997713339333,3.49809591773648,0.07597303813999601,slow_wet_dry
68.91109710907308,0.14175578071515027,0.3387965669147148,3.5370737716186746,0.12264160251347245,slow_wet_dry
69.11109710907309,0.13937533940754468,0.33988435942867784,3.5718005765257583,0.1786019830137846,slow_wet_dry
69.31109710907309,0.1390087265065188,0.3399238683042215,3.601322089594406,0.24247624935116174,slow_wet_dry
69.51109710907309,0.14069504397097818,0.3388937064886805,3.624814447309913,0.3126916051018413,slow_wet_dry
69.7110971090731,0.14443865224872304,0.3367935780039351,3.6416163156414827,0.38751911517583604,slow_wet_dry
69.9110971090731,0.1502056958366071,0.333646273804089,3.6512556810443835,0.46511627793685967,slow_wet_dry
70.1110971090731,0.1579228066455382,0.3294981892590674,3.6534692669898576,0.5435723937075103,slow_wet_dry
70.3110971090731,0.16747784378990666,0.32441842889957945,3.648213047181305,0.6209556125365981,slow_wet_dry
70.5110971090731,0.17872194793700594,0.3184969023592241,3.635663018463353,0.6953605027563717,slow_wet_dry
70.71109710907311,0.19147178806065707,0.31184205655772057,3.616206211720055,0.7649549690339471,slow_wet_dry
70.91109710907311,0.2055107823359083,0.30457896383767213,3.590422750334047,0.8280253646387815,slow_wet_dry
71.11109710907311,0.22058832931528424,0.2968483678938539,3.5590604997333513,0.8830186871124359,slow_wet_dry
71.31109710907312,0.23641666353668317,0.2888069942822234,3.5230043899373555,0.9285808183432386,slow_wet_dry
71.51109710907312,0.25266578053446476,0.28062900105145755,3.4832427687922047,0.9635898674482429,slow_wet_dry
71.71109710907312,0.2689578680274428,0.272507930467939,3.4408331290197944,0.987183795450111,slow_wet_dry
71.91109710907313,0.2848637087574753,0.26465799259135353,3.3968692593931276,0.9987816415376793,slow_wet_dry
72.11109710907313,0.2999043806844522,0.2573130702990896,3.352451347684105,0.9980978282492272,slow_wet_dry
72.31109710907313,0.31356193081462,0.25072165082115155,3.3086598914140217,0.9851491933373626,slow_wet_dry
72.51109710907313,0.3253020726769562,0.24513618661728365,3.266533562330416,0.9602545751676712,slow_wet_dry
72.71109710907314,0.33460992067283885,0.2407963751621781,3.227050555419495,0.9240269618599919,slow_wet_dry
72.91109710907314,0.3410362679236252,0.2379075455167518,3.191112570259392,0.8773583974865148,slow_wet_dry
73.11109710907314,0.34424764684594333,0.23661739817258245,3.159530522537265,0.8213980169861977,slow_wet_dry
73.31109710907315,0.34406997249881105,0.23699598737028987,3.133011377633126,0.7575237506488185,slow_wet_dry
73.51109710907315,0.340514895015694,0.23902412377886562,3.1121460197325317,0.6873083948981373,slow_wet_dry
73.71109710907315,0.33378122295855844,0.24259376769021543,3.0973985942947753,0.6124808848241415,slow_wet_dry
73.91109710907315,0.3242302273089941,0.24752083761787264,3.0890980493666302,0.534883722063121,slow_wet_dry
74.11109710907316,0.3123407747654377,0.2535674177098883,3.0874325232981272,0.4564276062924667,slow_wet_dry
74.31109710907316,0.29865506953664506,0.260468067051871,3.0924468385578177,0.3790443874633795,slow_wet_dry
74.51109710907316,0.28372658213243057,0.2679546320640356,3.1040428685533596,0.30463949724360706,slow_wet_dry
74.71109710907317,0.2680788890333208,0.2757754269800026,3.1219821806069143,0.23504503096603335,slow_wet_dry
74.91109710907317,0.2521795185738665,0.28370694034419586,3.1458902668850905,0.17197463536120378,slow_wet_dry
75.11109710907317,0.23642855744251143,0.29155833978777457,3.1752618620589317,0.11698131288755159,slow_wet_dry
75.31109710907317,0.22115895932202329,0.2991703899748225,3.2094672128267865,0.07141918165674954,slow_wet_dry
75.51109710907318,0.20664442182589585,0.3064108842132257,3.247759574380767,0.036410132551748464,slow_wet_dry
75.71109710907318,0.19311090369241637,0.31316855457037057,3.2892845461035827,0.012816204549883747,slow_wet_dry
75.91109710907318,0.18074870441822394,0.31934698488429036,3.333092051043612,0.0012183584623189914,slow_wet_dry
76.11109710907319,0.16972302101796893,0.3248595500696249,3.3781517817007094,0.0019021717507743952,slow_wet_dry
76.31109710907319,0.16018176163430128,0.3296259708282244,3.4233727796518236,0.01485080666264299,slow_wet_dry
76.51109710907319,0.15226005748983085,0.333570737216093,3.467627508703812,0.03974542483233778,slow_wet_dry
76.7110971090732,0.14608140746743997,0.3366233971412151,3.509780352823124,0.07597303814002038,slow_wet_dry
76.9110971090732,0.14175578071514833,0.3387204929876657,3.548719963121773,0.12264160251350031,slow_wet_dry
77.1110971090732,0.13937533940754387,0.33980874028106556,3.5833943443334886,0.1786019830138172,slow_wet_dry
77.3110971090732,0.13900872650651908,0.3398488815244813,3.6128470710474643,0.2424762493512012,slow_wet_dry
77.5110971090732,0.14069504397097957,0.33881954634868316,3.6362526238799227,0.312691605101884,slow_wet_dry
77.71109710907321,0.1444386522487256,0.336720448276403,3.652948601476346,0.3875191151758809,slow_wet_dry
77.91109710907321,0.15020569583661086,0.33357438012698337,3.6624625506651913,0.4651162779369021,slow_wet_dry
78.11109710907321,0.15792280664554312,0.32942773144215054,3.6645313959586714,0.5435723937075527,slow_wet_dry
78.31109710907322,0.1674778437899126,0.32434959358914456,3.6591119379667205,0.6209556125366429,slow_wet_dry
78.51109710907322,0.1787219479370127,0.31842985645758576,3.646381584245606,0.6953605027564141,slow_wet_dry
78.71109710907322,0.19147178806066462,0.3117769417361019,3.6267292934880926,0.7649549690339862,slow_wet_dry
78.91109710907322,0.20551078233591655,0.3045158923917796,3.600737547074209,0.8280253646388136,slow_wet_dry
79.11109710907323,0.22058832931529304,0.2967874200821744,3.569156897323393,0.8830186871124632,slow_wet_dry
79.31109710907323,0.23641666353669233,0.28874821717163585,3.532875180930401,0.9285808183432605,slow_wet_dry
79.51109710907323,0.25266578053447397,0.2805724087867525,3.4928837619410715,0.9635898674482601,slow_wet_dry
79.71109710907324,0.268957868027452,0.27245350579264904,3.4502431535305527,0.9871837954501215,slow_wet_dry
79.91109710907324,0.2848637087574841,0.2646056893845017,3.4060500740019655,0.9987816415376827,slow_wet_dry
80.11109710907324,0.29990438068446035,0.25726281685921376,3.3614074683859276,0.9980978282492236,slow_wet_dry
80.31109710907324,0.31356193081462724,0.2506733536241943,3.3173983538861886,0.9851491933373523,slow_wet_dry
80.51109710907325,0.3253020726769622,0.2450897342942621,3.275063635821856,0.9602545751676532,slow_wet_dry
80.71109710907325,0.3346099206728434,0.2407516424795295,3.235383424292898,0.9240269618599675,slow_wet_dry
80.91109710907325,0.34103626792362796,0.23786439718973143,3.199260997762056,0.8773583974864846,slow_wet_dry
81.11109710907326,0.3442476468459441,0.23657569239330772,3.1675085090652995,0.8213980169861652,slow_wet_dry
81.31109710907326,0.3440699724988099,0.23695557898138997,3.140833823080226,0.7575237506487821,slow_wet_dry
81.51109710907326,0.34051489501569104,0.238984867067168,3.1198283967845177,0.6873083948980979,slow_wet_dry
81.71109710907326,0.3337812229585537,0.24255551881002335,3.104956636997657,0.6124808848240967,slow_wet_dry
81.91109710907327,0.32423022730898804,0.24748345667908017,3.096547459148433,0.5348837220630785,slow_wet_dry
82.11109710907327,0.3123407747654304,0.25353077058240936,3.0947886929876267,0.45642760629242435,slow_wet_dry
82.31109710907327,0.29865506953663684,0.2604320269452572,3.0997245938817297,0.3790443874633348,slow_wet_dry
82.51109710907328,0.28372658213242175,0.2679190809407393,3.1112562261214904,0.30463949724356787,slow_wet_dry
82.71109710907328,0.2680788890333117,0.27574025685364084,3.129144121483868,0.23504503096599427,slow_wet_dry
82.91109710907328,0.25217951857385745,0.2836720545015628,3.153012525433722,0.17197463536117175,slow_wet_dry
83.11109710907328,0.23642855744250255,0.291523653956409,3.1823547307305624,0.11698131288752195,slow_wet_dry
83.31109710907329,0.22115895932201482,0.2991358334379066,3.2165393648444915,0.07141918165672584,slow_wet_dry
83.51109710907329,0.20664442182588785,0.30637640085189427,3.2548179076677153,0.03641013255173253,slow_wet_dry
83.7110971090733,0.193110903692409,0.3131341037918272,3.2963340531796304,0.012816204549873367,slow_wet_dry
83.9110971090733,0.18074870441821728,0.31931254237448325,3.3401357207661313,0.0012183584623159938,slow_wet_dry
84.1110971090733,0.16972302101796308,0.32482510829392336,3.3851905394722377,0.0019021717507784475,slow_wet_dry
84.3110971090733,0.1601817616342963,0.3295915391949976,3.430405472882706,0.014850806662654092,slow_wet_dry
84.5110971090733,0.15226005748982682,0.3335363418185834,3.4746509437622612,0.03974542483235438,slow_wet_dry
84.71109710907331,0.146081407467437,0.3365890800043168,3.516789388346042,0.0759730381400448,slow_wet_dry
84.91109710907331,0.1417557807151464,0.3386863107688292,3.5557076623961894,0.12264160251352818,slow_wet_dry
85.11109710907331,0.1393753394075431,0.33977476240780197,3.5903521865865615,0.17860198301385244,slow_wet_dry
85.31109710907332,0.1390087265065194,0.3398151877924183,3.619765218100482,0.24247624935124068,slow_wet_dry
85.51109710907332,0.14069504397098112,0.33878622404979913,3.643120235017728,0.3126916051019234,slow_wet_dry
85.71109710907332,0.1444386522487284,0.3366875889716842,3.6597541859114298,0.3875191151759258,slow_wet_dry
85.91109710907332,0.15020569583661475,0.333542076215522,3.669194344010818,0.4651162779369445,slow_wet_dry
86.11109710907333,0.1579228066455481,0.32939607270426013,3.671177745014805,0.5435723937075986,slow_wet_dry
86.31109710907333,0.16747784378991848,0.3243186638904107,3.665661677132924,0.6209556125366875,slow_wet_dry
86.51109710907333,0.17872194793701957,0.3183997307920525,3.652824387150647,0.6953605027564533,slow_wet_dry
86.71109710907334,0.19147178806067222,0.3117476837607533,3.6330559849634296,0.7649549690340253,slow_wet_dry
86.91109710907334,0.20551078233592476,0.30448755256432924,3.6069403632452843,0.8280253646388457,slow_wet_dry
87.11109710907334,0.2205883293153018,0.29676003446508503,3.5752296850690137,0.8830186871124928,slow_wet_dry
87.31109710907334,0.2364166635367014,0.2887218069134195,3.538813531901144,0.928580818343286,slow_wet_dry
87.51109710907335,0.25266578053448324,0.28054698024307323,3.498685080335006,0.9635898674482761,slow_wet_dry
87.71109710907335,0.26895786802746113,0.2724290512096763,3.455906660523572,0.9871837954501318,slow_wet_dry
87.91109710907335,0.2848637087574929,0.2645821880387448,3.4115767548146176,0.9987816415376856,slow_wet_dry
88.11109710907336,0.2999043806844685,0.257240236533129,3.3667999702335303,0.9980978282492196,slow_wet_dry
88.31109710907336,0.31356193081463446,0.2506516522947139,3.3226608444122374,0.985149193337342,slow_wet_dry
88.51109710907336,0.32530207267696815,0.24506886192007654,3.2802016320727603,0.9602545751676366,slow_wet_dry
88.71109710907336,0.33460992067284784,0.2407315427895718,3.2404036019604474,0.924026961859943,slow_wet_dry
88.91109710907337,0.3410362679236307,0.23784500939664738,3.2041709894657253,0.8773583974864567,slow_wet_dry
89.11109710907337,0.3442476468459449,0.23655695277870845,3.1723166990678133,0.8213980169861299,slow_wet_dry
89.31109710907337,0.3440699724988088,0.23693742232186435,3.145549144228813,0.7575237506487457,slow_wet_dry
89.51109710907338,0.340514895015688,0.23896722788956726,3.124460133831459,0.6873083948980552,slow_wet_dry
89.71109710907338,0.3337812229585492,0.24253833248030934,3.1095142389299917,0.6124808848240517,slow_wet_dry
89.91109710907338,0.3242302273089819,0.2474666603405766,3.101040361862787,0.5348837220630326,slow_wet_dry
90.11109710907338,0.312340774765423,0.2535143039665835,3.0992261526578684,0.4564276062923785,slow_wet_dry
90.31109710907339,0.2986550695366286,0.2604158330814881,3.104115530724603,0.379044387463297,slow_wet_dry
90.51109710907339,0.283726582132413,0.26790310679133783,3.115609077977706,0.30463949724352546,slow_wet_dry
90.71109710907339,0.26807888903330285,0.27572445389719724,3.133466706683004,0.23504503096595525,slow_wet_dry
90.9110971090734,0.25217951857384857,0.2836563792820326,3.1573119147628694,0.17197463536113694,slow_wet_dry
91.1110971090734,0.2364285574424938,0.29150806860773437,3.186637128922614,0.11698131288749236,slow_wet_dry
91.3110971090734,0.22115895932200638,0.2991203061849731,3.220810002769231,0.0714191816567058,slow_wet_dry
91.5110971090734,0.20664442182587991,0.30636090647887015,3.2590809472588855,0.03641013255171527,slow_wet_dry
91.7110971090734,0.19311090369240172,0.31311862405919333,3.3005925079621035,0.012816204549862986,slow_wet_dry
91.91109710907341,0.1807487044182107,0.3192970663572319,3.3443913955479863,0.0012183584623127741,slow_wet_dry
92.11109710907341,0.1697230210179573,0.3248096326065267,3.389443993223269,0.0019021717507824443,slow_wet_dry
92.31109710907342,0.1601817616342914,0.32957606806490836,3.4346560089274947,0.01485080666266353,slow_wet_dry
92.51109710907342,0.15226005748982288,0.3335208869702511,3.4788966310868923,0.03974542483237237,slow_wet_dry
92.71109710907342,0.14608140746743398,0.33657366032074376,3.521027117002372,0.07597303814006923,slow_wet_dry
92.91109710907342,0.1417557807151445,0.3386709517078488,3.5599332346845936,0.12264160251355843,slow_wet_dry
93.11109710907343,0.13937533940754235,0.3397594951652058,3.5945604439642977,0.17860198301388774,slow_wet_dry
93.31109710907343,0.13900872650651988,0.3398000482226931,3.623950201716928,0.2424762493512741,slow_wet_dry
93.51109710907343,0.14069504397098279,0.33877125137575914,3.647275375594066,0.31269160510196614,slow_wet_dry
93.71109710907344,0.14443865224873104,0.33667282433433265,3.6638725165743367,0.3875191151759707,slow_wet_dry
93.91109710907344,0.15020569583661855,0.3335275611324471,3.6732687278849063,0.4651162779369904,slow_wet_dry
94.11109710907344,0.1579228066455529,0.3293818475163573,3.675201108087688,0.5435723937076444,slow_wet_dry
94.31109710907344,0.16747784378992436,0.32430476628091653,3.6696272362925093,0.6209556125367254,slow_wet_dry
94.51109710907345,0.1787219479370264,0.3183861944579633,3.656725863445471,0.6953605027564957,slow_wet_dry
94.71109710907345,0.19147178806067985,0.3117345373049957,3.636887793053116,0.7649549690340642,slow_wet_dry
94.91109710907345,0.20551078233593312,0.30447481865901543,3.610697769598769,0.8280253646388804,slow_wet_dry
95.11109710907346,0.22058832931531058,0.2967477293141242,3.5789089295647702,0.8830186871125225,slow_wet_dry
95.31109710907346,0.23641666353671054,0.28870994001945055,3.542411909865755,0.9285808183433061,slow_wet_dry
95.51109710907346,0.2526657805344925,0.2805355544618803,3.502200984483409,0.9635898674482933,slow_wet_dry
95.71109710907346,0.2689578680274703,0.2724180630572388,3.4593395845084998,0.9871837954501406,slow_wet_dry
95.91109710907347,0.2848637087575017,0.26457162820339813,3.4149272619680486,0.9987816415376889,slow_wet_dry
96.0,0.2916864008821035,0.2612313509590255,3.3949771120371786,1.0,slow_wet_dry
0.0,1.0,0.01,0.01,1.0,overheated_loss
0.010363892557769873,0.99587466980709,0.011990185608279053,0.010016048490576926,0.9999834360779687,overheated_loss
0.09876137516098886,0.9622000641575581,0.02781550630599791,0.010351862741673885,0.9984965940388603,overheated_loss
0.19628103637252542,0.9277049805521949,0.04321246643842078,0.011096933002670591,0.994070525516192,overheated_loss
0.30367171246238694,0.8922062862573297,0.05816743837074574,0.012313055006606734,0.9858463393370112,overheated_loss
0.42028498585964474,0.8558696910623473,0.0725529256554385,0.014042435883148399,0.9730064167726364,overheated_loss
0.5463730780246312,0.8184596597517647,0.08645269488143723,0.016331417499475122,0.954666036278312,overheated_loss
0.6826735490079747,0.7795765667828001,0.10003734327887134,0.01923881927509343,0.9298356224025661,overheated_loss
0.8302779363941671,0.7387676957225283,0.11350994490643698,0.022842380492542867,0.8974059506566315,overheated_loss
0.9904876214223414,0.6956376668440891,0.12706358974475748,0.027241967362794897,0.8561848981452324,overheated_loss
1.164419021490414,0.6500299154810476,0.14082679072372573,0.03255206734116943,0.8050804917694898,overheated_loss
1.3519587027886018,0.6023581076679395,0.1547761274169392,0.03886395861675654,0.7436392247609587,overheated_loss
1.5501402398386175,0.5539780283468677,0.16864761542593243,0.04616486382597997,0.6730068593634587,overheated_loss
1.7501402398386174,0.5076284428010763,0.1818206662248951,0.054166735430674656,0.5974911465547458,overheated_loss
1.9501402398386174,0.46412030223387224,0.1942315512111942,0.06278904153157869,0.5195748781632898,overheated_loss
2.1501402398386174,0.42369556419532267,0.2059604576418655,0.07202147191925523,0.44117661130615765,overheated_loss
2.3501402398386175,0.38646359215524506,0.21710481307140253,0.08185907685342199,0.3642267715023023,overheated_loss
2.5501402398386177,0.3524156342424885,0.22776970872229738,0.09230111062156018,0.2906201191895713,overheated_loss
2.750140239838618,0.32145498596076705,0.2380521115579073,0.10334911338129474,0.2221690944343775,overheated_loss
2.950140239838618,0.2934308134953857,0.24802409514127577,0.1150041246662317,0.16055918864212065,overheated_loss
3.1501402398386182,0.2681685583699197,0.2577178971033457,0.12726311873037963,0.10730744216496046,overheated_loss
3.3501402398386184,0.24549382250145826,0.2671140429779077,0.14011485358410594,0.06372508973357849,overheated_loss
3.5501402398386186,0.22524917166306263,0.2761330796831513,0.15353537946330642,0.03088527350637077,overheated_loss
3.7501402398386188,0.20730457074433656,0.2846313840592776,0.16748349541435523,0.009596618747952423,overheated_loss
3.950140239838619,0.1915625808964085,0.29240172920598245,0.1818964937064789,0.0003833227914700754,overheated_loss
4.150140239838619,0.17795939745152933,0.29917950815770467,0.1966865921530524,0.003472247560548647,overheated_loss
4.350140239838619,0.16646257722397484,0.30465549623046806,0.2117385106628588,0.01878733347581979,overheated_loss
4.550140239838619,0.15706607709539153,0.30849562258189883,0.22690867659165503,0.04595147229419361,overheated_loss
4.750140239838619,0.14978310180094462,0.31036736054509906,0.24202651518456164,0.08429579276535348,overheated_loss
4.950140239838619,0.14463727318289513,0.30997110863645033,0.2568981710138451,0.1328761304617958,overheated_loss
5.15014023983862,0.14165276773127755,0.30707354463745,0.27131280051660894,0.19049627624053728,overheated_loss
5.35014023983862,0.14084425733950895,0.30153875189164275,0.28505128261171664,0.25573743088220474,overheated_loss
5.55014023983862,0.14220762712452234,0.2933523544161564,0.297896848996426,0.32699314063654206,overheated_loss
5.75014023983862,0.14571242406499774,0.28263429467507467,0.3096467984095839,0.402508853445255,overheated_loss
5.95014023983862,0.15129673811012742,0.269637360226683,0.32012420418604454,0.480425121836711,overheated_loss
6.1501402398386205,0.15886473921446537,0.25473090510331525,0.32918842058488235,0.5588233886938436,overheated_loss
6.350140239838621,0.16828648950941294,0.23837189994241975,0.33674328184974706,0.6357732284976989,overheated_loss
6.550140239838621,0.1793990865620478,0.22106779576298233,0.342742166100657,0.7093798808104298,overheated_loss
6.750140239838621,0.19200784513842814,0.20333707617142702,0.3471895143088771,0.7778309055656234,overheated_loss
6.950140239838621,0.2058862102532879,0.18567345671975005,0.35013886850967973,0.8394408113578802,overheated_loss
7.150140239838621,0.2207734491490041,0.16851850841601446,0.35168792789004627,0.8926925578350402,overheated_loss
7.3501402398386215,0.23636985911616845,0.15224541475733258,0.3519714363114125,0.9362749102664221,overheated_loss
7.550140239838622,0.2523301793782056,0.13715417427401216,0.35115286386821126,0.9691147264936297,overheated_loss
7.750140239838622,0.2682570155312302,0.12347637325020475,0.34941582198056,0.9904033812520479,overheated_loss
7.950140239838622,0.28369723212380016,0.11138606557752617,0.3469559843584141,0.99961667720853,overheated_loss
8.150140239838622,0.29814518171292165,0.10101251649658675,0.3439740249101488,0.9965277524394511,overheated_loss
8.350140239838622,0.31105687416586636,0.09245067167743735,0.3406697873285574,0.9812126665241798,overheated_loss
8.55014023983862,0.3218781631867952,0.08576621164571152,0.33723762866464096,0.9540485277058062,overheated_loss
8.75014023983862,0.3300872597142936,0.08099387334656877,0.33386268370887423,0.9157042072346464,overheated_loss
8.95014023983862,0.3352474709472274,0.07813009820320457,0.3307177183770864,0.8671238695382041,overheated_loss
9.150140239838619,0.33706114292072165,0.07712339665744954,0.3279602933252759,0.8095037237594631,overheated_loss
9.350140239838618,0.335412495917111,0.07786720525381431,0.32573011918400246,0.7442625691177961,overheated_loss
9.550140239838617,0.3303876190080626,0.08019964071519883,0.32414668432297167,0.6730068593634588,overheated_loss
9.750140239838617,0.322265125566292,0.08391228695991713,0.3233073837058413,0.5974911465547463,overheated_loss
9.950140239838616,0.3114791975845472,0.08876684938929469,0.32328640098457057,0.5195748781632904,overheated_loss
10.150140239838615,0.298564446866944,0.09451568497695921,0.32413448325034755,0.44117661130615865,overheated_loss
10.350140239838614,0.2840959066935552,0.10092111990850142,0.3258795544494281,0.36422677150230326,overheated_loss
10.550140239838614,0.2686364280457391,0.10776935319729165,0.328527929264823,0.29062011918957265,overheated_loss
10.750140239838613,0.252699178217098,0.1148768677810842,0.3320657877236659,0.22216909443437927,overheated_loss
10.950140239838612,0.2367274161763972,0.12208951557910734,0.33646057690514525,0.16055918864212254,overheated_loss
11.150140239838612,0.22108940201784544,0.1292760067303847,0.3416620984724391,0.1073074421649623,overheated_loss
11.35014023983861,0.2060840744983172,0.13631819309727472,0.3476031759917564,0.06372508973357988,overheated_loss
11.55014023983861,0.19195276988511223,0.14310050459564372,0.3541999340393183,0.03088527350637188,overheated_loss
11.75014023983861,0.17889301396255625,0.1495005254440992,0.36135183762759865,0.00959661874795309,overheated_loss
11.950140239838609,0.1670715725661358,0.15538225616991488,0.36894172653278984,0.00038332279147024195,overheated_loss
12.150140239838608,0.15663503412000374,0.16059320815506714,0.3768361340141473,0.003472247560548092,overheated_loss
12.350140239838607,0.1477170366882249,0.16496610056397132,0.38488620353483527,0.01878733347581868,overheated_loss
12.550140239838607,0.1404418431769672,0.1683254905296818,0.3929295075624175,0.04595147229419161,overheated_loss
12.750140239838606,0.13492439441623555,0.17049908921226867,0.4007930229191157,0.08429579276535054,overheated_loss
12.950140239838605,0.13126731848010806,0.17133278518471665,0.40829742048897516,0.13287613046179197,overheated_loss
13.150140239838604,0.12955569176522685,0.17070759619317347,0.41526268106543657,0.19049627624053228,overheated_loss
13.350140239838604,0.12985061824209998,0.16855608161803107,0.42151486180602044,0.2557374308821988,overheated_loss
13.550140239838603,0.13218284947866357,0.1648754066690325,0.4268936314307244,0.3269931406365361,overheated_loss
13.750140239838602,0.13654762086446218,0.15973446355329599,0.43126000294034034,0.40250885344524834,overheated_loss
13.950140239838602,0.14290157162485811,0.15327330643067874,0.4345035635139356,0.4804251218367038,overheated_loss
14.150140239838601,0.15116206966449658,0.14569453057671738,0.4365484712940378,0.5588233886938355,overheated_loss
14.3501402398386,0.16120859456406347,0.13724781014201115,0.4373575791835108,0.6357732284976907,overheated_loss
14.5501402398386,0.17288522535962794,0.12821018424354677,0.4369342503012706,0.7093798808104225,overheated_loss
14.750140239838599,0.18600291513906075,0.11886546815395711,0.43532171332042463,0.7778309055656163,overheated_loss
14.950140239838598,0.20034022796489154,0.1094861619923113,0.43260011319586233,0.8394408113578735,overheated_loss
15.150140239838597,0.21564158937711025,0.10032046960421417,0.42888168348790623,0.8926925578350344,overheated_loss
15.350140239838597,0.23161281111123855,0.0915857634366375,0.42430465152218544,0.9362749102664171,overheated_loss
15.550140239838596,0.2479146117855053,0.08346837021528511,0.41902656013624046,0.969114726493626,overheated_loss
15.750140239838595,0.26415597292234416,0.07612821922231598,0.4132176480358966,0.9904033812520459,overheated_loss
15.950140239838595,0.2798903068395278,0.0697059134554727,0.4070547940774322,0.9996166772085295,overheated_loss
16.150140239838596,0.2946183187272474,0.0643292907561473,0.4007163318679591,0.9965277524394525,overheated_loss
16.350140239838595,0.30780168806261254,0.06011663461778304,0.39437781952113565,0.9812126665241827,overheated_loss
16.550140239838594,0.3188906966681357,0.05717446371563297,0.388208647613407,0.9540485277058106,overheated_loss
16.750140239838593,0.32736620983455655,0.055589311444026776,0.382369228542638,0.9157042072346524,overheated_loss
16.950140239838593,0.3327920494053141,0.05541493566535582,0.37700846815307876,0.8671238695382111,overheated_loss
17.150140239838592,0.33486888354749034,0.05665844770844252,0.3722612915394562,0.8095037237594712,overheated_loss
17.35014023983859,0.33347741084975385,0.05927006037157495,0.3682461595297297,0.7442625691178051,overheated_loss
17.55014023983859,0.32869907335981274,0.06314071307702478,0.3650627086016416,0.6730068593634689,overheated_loss
17.75014023983859,0.32080763516425814,0.06810956379467348,0.3627897886940324,0.597491146554757,overheated_loss
17.95014023983859,0.310233112205839,0.07398005668475527,0.3614841910777759,0.5195748781633007,overheated_loss
18.15014023983859,0.29750726290605123,0.08054045545342847,0.36118024034349144,0.4411766113061689,overheated_loss
18.350140239838588,0.2832038431642284,0.08758362300281997,0.36189022560630935,0.36422677150231364,overheated_loss
18.550140239838587,0.2678859209117702,0.0949216996823059,0.3636054556428604,0.2906201191895824,overheated_loss
18.750140239838586,0.252068060514743,0.10239345668789095,0.36629761468418587,0.2221690944343882,overheated_loss
18.950140239838586,0.2361956897146959,0.10986436768597711,0.3699200957917391,0.16055918864213048,overheated_loss
19.150140239838585,0.2206396183618983,0.11722103780551377,0.37440907628463854,0.10730744216496846,overheated_loss
19.350140239838584,0.20570140664373543,0.12436231860293633,0.37968423115622785,0.06372508973358515,overheated_loss
19.550140239838584,0.19162487532727696,0.13118942447646414,0.3856491151378227,0.0308852735063756,overheated_loss
19.750140239838583,0.1786097804042714,0.13759700100431269,0.3921913570123302,0.009596618747955199,overheated_loss
19.950140239838582,0.16682481533054205,0.14346665401544603,0.3991828915016155,0.00038332279147068604,overheated_loss
20.15014023983858,0.15641819053800116,0.1486640493823898,0.4064805038812304,0.003472247560546926,overheated_loss
20.35014023983858,0.14752488291384422,0.15304032474286952,0.4139269812946366,0.018787333475815737,overheated_loss
20.55014023983858,0.14027024473775251,0.15643813657215228,0.4213531506746548,0.04595147229418706,overheated_loss
20.75014023983858,0.13477009293353,0.15870212336305273,0.428581031064542,0.08429579276534505,overheated_loss
20.95014023983858,0.13112775222579073,0.15969288106317306,0.4354282322118151,0.13287613046178465,overheated_loss
21.150140239838578,0.12942884580601074,0.15930279534660813,0.44171359009559263,0.1904962762405245,overheated_loss
21.350140239838577,0.12973489978935157,0.157471425005148,0.447263851651441,0.2557374308821894,overheated_loss
21.550140239838576,0.1320769848594344,0.15419780381404097,0.4519210266919515,0.326993140636526,overheated_loss
21.750140239838576,0.13645057159984586,0.14954722260241055,0.45554984893431333,0.4025088534452387,overheated_loss
21.950140239838575,0.14281246797199074,0.14365084870105121,0.45804467086911466,0.480425121836693,overheated_loss
22.150140239838574,0.15108016038422842,0.13669782954623827,0.4593350953470514,0.5588233886938258,overheated_loss
22.350140239838574,0.1611332115810337,0.128921017253484,0.4593897396623437,0.6357732284976803,overheated_loss
22.550140239838573,0.17281576154575914,0.12057874503296714,0.45821772886266493,0.7093798808104127,overheated_loss
22.750140239838572,0.1859388129385115,0.11193582480032019,0.4558677899768626,0.7778309055656065,overheated_loss
22.95014023983857,0.2002809762291093,0.10324692616786216,0.4524251146512306,0.8394408113578655,overheated_loss
23.15014023983857,0.21558672571465892,0.09474477476667417,0.4480064166920771,0.8926925578350282,overheated_loss
23.35014023983857,0.23156192725459418,0.08663439801732506,0.4427537865143152,0.9362749102664119,overheated_loss
23.55014023983857,0.2478673598097537,0.07909326311085718,0.4368280111133228,0.9691147264936225,overheated_loss
23.75014023983857,0.26411207047123914,0.07227588844831627,0.43040198454135875,0.9904033812520436,overheated_loss
23.950140239838568,0.2798495397345726,0.06632057647531042,0.4236546985948552,0.9996166772085291,overheated_loss
24.150140239838567,0.2945805394806064,0.06135544448955434,0.41676610803606384,0.9965277524394537,overheated_loss
24.350140239838566,0.3077668090356165,0.057501020468062165,0.4099129474165281,0.9812126665241859,overheated_loss
24.550140239838566,0.3188586771442578,0.05486742130440457,0.40326537873898183,0.9540485277058152,overheated_loss
24.750140239838565,0.32733703729857644,0.053545585965046355,0.3969842123196921,0.915704207234659,overheated_loss
24.950140239838564,0.33276571681035605,0.053594037343085855,0.3912184026501092,0.8671238695382191,overheated_loss
25.150140239838564,0.33484536592089703,0.05502467238956364,0.3861025928266246,0.8095037237594798,overheated_loss
25.350140239838563,0.3334566455428772,0.05779227478011813,0.38175464569687606,0.7442625691178153,overheated_loss
25.550140239838562,0.3286809479232295,0.06179199378272399,0.3782732957565908,0.673006859363479,overheated_loss
25.75014023983856,0.32079198507521395,0.06686676110921033,0.37573619710653955,0.5974911465547684,overheated_loss
25.95014023983856,0.3102197280859732,0.07282333713430324,0.3741986601835871,0.5195748781633124,overheated_loss
26.15014023983856,0.2974959045179333,0.07945286098605693,0.37369325178158297,0.44117661130617963,overheated_loss
26.35014023983856,0.28319425627824935,0.08655067228036355,0.37423023403450567,0.36422677150232485,overheated_loss
26.55014023983856,0.26787785334246306,0.09393104668428283,0.375798627916882,0.29062011918959224,overheated_loss
26.750140239838558,0.2520612748192734,0.10143461416841562,0.37836757917893626,0.22216909443439792,overheated_loss
26.950140239838557,0.236189971525967,0.10892849735903436,0.38188770520269816,0.16055918864213836,overheated_loss
27.150140239838557,0.2206347805318405,0.11630080492931796,0.38629218910342644,0.10730744216497512,overheated_loss
27.350140239838556,0.2056972900611319,0.12345180525070572,0.3914975190174535,0.06372508973359081,overheated_loss
27.550140239838555,0.1916213474866985,0.13028409263023102,0.39740390515640117,0.030885273506379374,overheated_loss
27.750140239838554,0.1786067327048281,0.13669369330125458,0.40389551978245,0.009596618747957475,overheated_loss
27.950140239838554,0.1668221598471184,0.14256361644428542,0.41084078629046916,0.0003833227914710746,overheated_loss
28.150140239838553,0.15641585675292294,0.14776095679164275,0.4180929924158558,0.0034722475605454828,overheated_loss
28.350140239838552,0.1475228146841969,0.15213828738892765,0.4254915201702336,0.018787333475812573,overheated_loss
28.55014023983855,0.14026839762136945,0.1555396650909021,0.4328639696951636,0.04595147229418256,overheated_loss
28.75014023983855,0.13476843190100737,0.15781103154125103,0.44002940082425834,0.08429579276533805,overheated_loss
28.95014023983855,0.13112624973432754,0.15881411139095478,0.4468028192053568,0.13287613046177732,overheated_loss
29.15014023983855,0.12942748019003109,0.15844216167842332,0.453000892059004,0.19049627624051468,overheated_loss
29.35014023983855,0.12973365392124867,0.15663527892403384,0.4584487002835802,0.25573743088218004,overheated_loss
29.550140239838548,0.13207584504222436,0.15339264464378713,0.46298714002186614,0.3269931406365159,overheated_loss
29.750140239838547,0.1364495266649384,0.14877928284860187,0.46648041195965395,0.40250885344522636,overheated_loss
29.950140239838547,0.14281150856457747,0.1429256942794372,0.4688229210948801,0.48042512183668223,overheated_loss
30.150140239838546,0.15107927842310084,0.1360200153752848,0.4699448896681523,0.5588233886938132,overheated_loss
30.350140239838545,0.16113239987857192,0.1282938329087689,0.46981608057449104,0.6357732284976699,overheated_loss
30.550140239838544,0.17281501356910942,0.12000407315412392,0.4684472309669752,0.7093798808104028,overheated_loss
30.750140239838544,0.18593812268742058,0.11141411929135654,0.46588907175467315,0.7778309055655976,overheated_loss
30.950140239838543,0.2002803382021053,0.10277730124648435,0.4622291050834517,0.8394408113578576,overheated_loss
31.150140239838542,0.2155861349345689,0.09432518278520571,0.45758657107422307,0.8926925578350204,overheated_loss
31.35014023983854,0.23156137932650905,0.08626186591599602,0.4521062104383265,0.9362749102664065,overheated_loss
31.55014023983854,0.2478668509881331,0.07876415515734497,0.4459514957913992,0.9691147264936188,overheated_loss
31.75014023983854,0.26411159771629844,0.07198616593795497,0.4392979602404578,0.9904033812520414,overheated_loss
31.95014023983854,0.27984910074046593,0.06606603170177423,0.4323271157887656,0.9996166772085286,overheated_loss
32.15014023983854,0.2945801326594824,0.06113189455859525,0.425221257866061,0.9965277524394549,overheated_loss
32.350140239838545,0.30776643344400034,0.05730445461598107,0.4181592341336067,0.9812126665241879,overheated_loss
32.55014023983855,0.3188583323438911,0.0546941020406971,0.4113130569933611,0.9540485277058182,overheated_loss
32.75014023983855,0.32733672315485646,0.053392108981073265,0.40484510154605075,0.915704207234662,overheated_loss
32.950140239838554,0.33276543324756014,0.053457357678680754,0.39890558951156957,0.8671238695382215,overheated_loss
33.15014023983856,0.3348451126702766,0.05490210516660034,0.393630130916098,0.8095037237594827,overheated_loss
33.35014023983856,0.3334564219299801,0.057681478405823196,0.38913725966518536,0.744262569117817,overheated_loss
33.55014023983856,0.3286807527373278,0.06169094241172455,0.38552609495729273,0.6730068593634791,overheated_loss
33.750140239838565,0.32079181654481964,0.06677371175445876,0.38287440191070027,0.5974911465547668,overheated_loss
33.95014023983857,0.3102195839565501,0.07273679542398816,0.38123734248034796,0.5195748781633089,overheated_loss
34.15014023983857,0.29749578220260914,0.07937154834114928,0.3806470899539249,0.4411766113061762,overheated_loss
34.350140239838574,0.2831941530394434,0.08647349630259372,0.38111328194960775,0.36422677150231986,overheated_loss
34.550140239838576,0.26787776646457423,0.09385707579977012,0.3826240972185866,0.29062011918958586,overheated_loss
34.75014023983858,0.252061201745429,0.10136305703390444,0.38514763439845734,0.22216909443439065,overheated_loss
34.95014023983858,0.23618990994776462,0.10885868715433726,0.38863327186013163,0.16055918864213192,overheated_loss
35.150140239838585,0.2206347284339715,0.11623218837484442,0.3930127759722196,0.10730744216496857,overheated_loss
35.35014023983859,0.2056972457301939,0.1233839359505374,0.3982010569525828,0.06372508973358482,overheated_loss
35.55014023983859,0.19162130949578934,0.130216628107887,0.40409660620342697,0.03088527350637449,overheated_loss
35.75014023983859,0.17860669988446037,0.13662639484346192,0.41058176152528036,0.009596618747954422,overheated_loss
35.950140239838596,0.16682213125045237,0.14249635059740204,0.41752302738280805,0.000383322791470464,overheated_loss
36.1501402398386,0.1564158316205725,0.14769369709265667,0.4247717257963049,0.0034722475605477587,overheated_loss
36.3501402398386,0.14752279241157265,0.1520711147118822,0.4321652704229489,0.018787333475817847,overheated_loss
36.550140239838605,0.14026837772988365,0.15547276492375098,0.43952934026632334,0.04595147229419072,overheated_loss
36.75014023983861,0.13476841401343573,0.1577446866550721,0.44668117528303675,0.08429579276535082,overheated_loss
36.95014023983861,0.13112623355406716,0.15874868878037018,0.4534341184748244,0.13287613046179292,overheated_loss
37.15014023983861,0.1294274654837695,0.15837809334805747,0.4596033866619568,0.1904962762405355,overheated_loss
37.350140239838616,0.12973364050454184,0.15657303700955738,0.46501287337018865,0.25573743088220313,overheated_loss
37.55014023983862,0.1320758327675719,0.15333271235034673,0.46950259356720586,0.3269931406365408,overheated_loss
37.75014023983862,0.1364495154120676,0.14872212357086054,0.47293620538138104,0.40250885344525583,overheated_loss
37.950140239838625,0.14281149823274794,0.1428717218315825,0.4752079289871207,0.48042512183671227,overheated_loss
38.15014023983863,0.1510792689252871,0.13596956834989252,0.47624816367256323,0.5588233886938448,overheated_loss
38.35014023983863,0.16113239113737138,0.1282471557454734,0.47602719981849845,0.6357732284977022,overheated_loss
38.55014023983863,0.17281500551417042,0.11996130560501189,0.4745566260765332,0.7093798808104335,overheated_loss
38.750140239838636,0.18593811525412685,0.1113752948049916,0.47188830914527535,0.7778309055656285,overheated_loss
38.95014023983864,0.2002803313312119,0.10274235360279152,0.4681111208737504,0.839440811357885,overheated_loss
39.15014023983864,0.21558612857247683,0.09429395933634041,0.4633458472769559,0.8926925578350446,overheated_loss
39.350140239838645,0.2315613734258896,0.08623414518885818,0.45773888972821786,0.9362749102664265,overheated_loss
39.55014023983865,0.24786684550865057,0.0787396664097522,0.4514554347789713,0.9691147264936328,overheated_loss
39.75014023983865,0.2641115926252173,0.07196460848580764,0.4446727244729166,0.9904033812520501,overheated_loss
39.95014023983865,0.2798490960129543,0.0660470923287245,0.4375739223984382,0.9996166772085304,overheated_loss
40.150140239838656,0.2945801282784402,0.06111526193484369,0.43034287372670865,0.9965277524394498,overheated_loss
40.35014023983866,0.30776642939926707,0.057289830254889706,0.42315983849720845,0.9812126665241758,overheated_loss
40.55014023983866,0.31885832863074687,0.05468120781743498,0.416198077889702,0.9540485277057997,overheated_loss
40.750140239838665,0.32733671977185147,0.05338069158164219,0.4096210348360921,0.9157042072346373,overheated_loss
40.95014023983867,0.33276543019387866,0.05344719053767882,0.4035798085470937,0.8671238695381926,overheated_loss
41.15014023983867,0.3348451099430245,0.05489298851313725,0.39821069345293064,0.8095037237594465,overheated_loss
41.35014023983867,0.33345641952189425,0.05767323800685168,0.3936327171883132,0.7442625691177768,overheated_loss
41.550140239838676,0.3286807506353699,0.06168342751891413,0.3899453080699439,0.6730068593634376,overheated_loss
41.75014023983868,0.3207918147299129,0.06676679265604245,0.3872263640537492,0.5974911465547234,overheated_loss
41.95014023983868,0.3102195824044156,0.07273036089859623,0.3855310130863884,0.5195748781632665,overheated_loss
42.150140239838684,0.2974957808853893,0.07936550321907183,0.38489123726976526,0.44117661130613045,overheated_loss
42.35014023983869,0.2831941519276576,0.08646775926640544,0.3853163352168683,0.36422677150227556,overheated_loss
42.55014023983869,0.26787776552897846,0.09385157750102582,0.38679400769125283,0.29062011918954567,overheated_loss
42.75014023983869,0.2520612009584887,0.10135773856298597,0.3892917447815348,0.22216909443435384,overheated_loss
42.950140239838696,0.23618990928462077,0.1088534988724636,0.39275819413750007,0.16055918864209945,overheated_loss
43.1501402398387,0.2206347278729215,0.1162270890964052,0.3971242781990239,0.10730744216494226,overheated_loss
43.3501402398387,0.20569724525278635,0.12337889244634177,0.4023039603461931,0.06372508973356233,overheated_loss
43.550140239838704,0.191621309086658,0.1302116148825973,0.40819469469019276,0.030885273506359168,overheated_loss
43.75014023983871,0.17860669953101116,0.13662139412171068,0.4146777066881627,0.009596618747945762,overheated_loss
43.95014023983871,0.16682213094248888,0.14249135243289798,0.4216183323991236,0.00038332279146874315,overheated_loss
44.15014023983871,0.156415831349917,0.1476886994949908,0.42886669234553504,0.0034722475605527547,overheated_loss
44.350140239838716,0.14752279217171438,0.15206612367075115,0.4362589925812393,0.018787333475830392,overheated_loss
44.55014023983872,0.1402683775156688,0.15546779420539134,0.443619729008489,0.04595147229420998,overheated_loss
44.75014023983872,0.13476841382080207,0.15773975725660008,0.450765016342564,0.08429579276537547,overheated_loss
44.950140239838724,0.13112623337982054,0.15874382795869352,0.45750716497483485,0.132876130461823,overheated_loss
45.15014023983873,0.1294274653253975,0.15837333319173935,0.4636604861906697,0.19049627624056886,overheated_loss
45.35014023983873,0.1297336403600582,0.15656841258990542,0.4690481271578483,0.2557374308822433,overheated_loss
45.55014023983873,0.13207583263538816,0.1533282595618745,0.47350954330415257,0.326993140636584,overheated_loss
45.750140239838736,0.13644951529088856,0.1487178768367621,0.4769080412094719,0.4025088534452993,overheated_loss
45.95014023983874,0.14281149812148863,0.14286771189177389,0.47913771051803083,0.48042512183675656,overheated_loss
46.15014023983874,0.15107926882301037,0.13596582035589816,0.48012904473384926,0.5588233886938889,overheated_loss
46.350140239838744,0.16113239104324356,0.1282436878538962,0.47985264714770415,0.6357732284977432,overheated_loss
46.55014023983875,0.17281500542743378,0.11995812819489644,0.47832062244659024,0.7093798808104752,overheated_loss
46.75014023983875,0.18593811517408546,0.11137241035783402,0.47558553239574697,0.7778309055656654,overheated_loss
46.95014023983875,0.20028033125722758,0.10273975719556094,0.4717370919413077,0.8394408113579175,overheated_loss
47.150140239838755,0.21558612850397227,0.09429163962528604,0.46689704239333385,0.892692557835072,overheated_loss
47.35014023983876,0.23156137336235494,0.08623208571734489,0.4612128142679387,0.9362749102664472,overheated_loss
47.55014023983876,0.2478668454496512,0.07873784706121517,0.45485065856140794,0.9691147264936488,overheated_loss
47.750140239838764,0.26411159257040046,0.07196300691966241,0.4479888804400222,0.9904033812520587,overheated_loss
47.95014023983877,0.2798490959620524,0.06604568527378826,0.440811672329959,0.9996166772085322,overheated_loss
48.15014023983877,0.29458012823126867,0.061114026260524604,0.43350384590804286,0.9965277524394445,overheated_loss
48.35014023983877,0.3077664293557162,0.057288743785132476,0.42624654297627146,0.9812126665241643,overheated_loss
48.550140239838775,0.3188583285907655,0.05468024988922672,0.41921380516498064,0.9540485277057804,overheated_loss
48.75014023983878,0.3273367197354238,0.05337984337545095,0.4125697435751822,0.9157042072346118,overheated_loss
48.95014023983878,0.3327654301609957,0.053446435221316604,0.4064660073436201,0.8671238695381613,overheated_loss
49.150140239838784,0.33484510991365496,0.05489231124507801,0.4010393208062017,0.809503723759413,overheated_loss
49.35014023983879,0.3334564194959597,0.057672625842795845,0.39640902295129665,0.7442625691177396,overheated_loss
49.55014023983879,0.32868075061273017,0.06168286925921166,0.39267473866273767,0.6730068593633944,overheated_loss
49.75014023983879,0.32079181471036283,0.06676627866380205,0.389914452868309,0.5974911465546782,overheated_loss
49.950140239838795,0.31021958238769404,0.07272988291054223,0.38818327677815934,0.5195748781632205,overheated_loss
50.1501402398388,0.29749578087119655,0.07936505416440079,0.3875130780848716,0.44117661130608826,overheated_loss
50.3501402398388,0.2831941519156764,0.08646733310343092,0.38791294916092883,0.3642267715022346,overheated_loss
50.550140239838804,0.2678777655188942,0.09385116907729847,0.38937029821137936,0.29062011918950703,overheated_loss
50.75014023983881,0.25206120095000517,0.10135734350163748,0.39185224169555444,0.22216909443431554,overheated_loss
50.95014023983881,0.2361899092774705,0.10885311348544154,0.3953069777803803,0.1605591886420656,overheated_loss
51.15014023983881,0.22063472786687094,0.1162267103237209,0.39966490913138925,0.10730744216491378,overheated_loss
51.350140239838815,0.2056972452476369,0.12337851781914988,0.40483941543916746,0.06372508973354157,overheated_loss
51.55014023983882,0.1916213090822444,0.130211242506639,0.41072731091081016,0.030885273506344457,overheated_loss
51.75014023983882,0.17860669952719788,0.1366210226762582,0.41720913439859325,0.00959661874793677,overheated_loss
51.950140239838824,0.16682213093916617,0.14249098117883618,0.4241495003840219,0.0003833227914669113,overheated_loss
52.15014023983883,0.15641583134699688,0.14768832828421657,0.43139778702709974,0.003472247560558195,overheated_loss
52.35014023983883,0.1475227921691268,0.15206575294795638,0.43878945390874086,0.018787333475841883,overheated_loss
52.55014023983883,0.14026837751335836,0.1554674249929293,0.4461482652692487,0.0459514722942278,overheated_loss
52.750140239838835,0.134768413818725,0.1577393911139445,0.45328963960811824,0.08429579276540106,overheated_loss
52.95014023983884,0.13112623337794257,0.1587434669103006,0.4600252480730567,0.13287613046185426,overheated_loss
53.15014023983884,0.12942746532369157,0.15837297962096344,0.4661688410214812,0.19049627624060506,overheated_loss
53.350140239838844,0.12973364035850293,0.15656806910166216,0.4715431029232205,0.25573743088228046,overheated_loss
53.550140239838846,0.13207583263396655,0.15332792882223317,0.4759871419109756,0.3269931406366239,overheated_loss
53.75014023983885,0.1364495152895866,0.14871756140251274,0.4793640458567975,0.40250885344534093,overheated_loss
53.95014023983885,0.1428114981202946,0.14286741404612815,0.4815678224341546,0.4804251218368026,overheated_loss
54.150140239838855,0.15107926882191408,0.13596554196698268,0.4825290223068362,0.5588233886939347,overheated_loss
54.35014023983886,0.16113239104223598,0.12824343027027985,0.48221844138703285,0.6357732284977875,overheated_loss
54.55014023983886,0.1728150054265067,0.11995789218745902,0.4806485028693097,0.7093798808105138,overheated_loss
54.75014023983886,0.18593811517323125,0.11137219611085462,0.4778721980396008,0.7778309055657007,overheated_loss
54.950140239838866,0.2002803312564392,0.10273956434333875,0.47397976320786633,0.8394408113579512,overheated_loss
55.15014023983887,0.21558612850324335,0.09429146732521505,0.4690935307100343,0.8926925578351005,overheated_loss
55.35014023983887,0.2315613733616798,0.08623193274705626,0.46336156799417166,0.9362749102664697,overheated_loss
55.550140239838875,0.24786684544902501,0.07873771192649812,0.4569507850064744,0.9691147264936635,overheated_loss
55.75014023983888,0.26411159256981914,0.07196288796111895,0.450040145176505,0.990403381252067,overheated_loss
55.95014023983888,0.27984909596151275,0.06604558076290384,0.44281447806825724,0.999616677208534,overheated_loss
56.15014023983888,0.2945801282307685,0.06111393447923192,0.4354591939773059,0.9965277524394391,overheated_loss
56.350140239838886,0.307766429355254,0.057288663086267844,0.42815598090567925,0.9812126665241518,overheated_loss
56.55014023983889,0.31885832859034047,0.05468017873801304,0.4210793639877303,0.9540485277057627,overheated_loss
56.75014023983889,0.32733671973503536,0.05337978037404052,0.41439386832719155,0.9157042072345881,overheated_loss
56.950140239838895,0.33276543016064364,0.053446379119475584,0.4082514838622182,0.86712386953813,overheated_loss
57.1501402398389,0.3348451099133388,0.05489226094043191,0.40278920142329866,0.8095037237593768,overheated_loss
57.3501402398389,0.33345641949567867,0.05767258037388867,0.39812655309333606,0.7442625691176994,overheated_loss
57.5501402398389,0.3286807506124828,0.0616828277941726,0.39436328578165925,0.6730068593633545,overheated_loss
57.750140239838906,0.320791814710147,0.06676624048683524,0.3915774385874937,0.5974911465546364,overheated_loss
57.95014023983891,0.3102195823875073,0.07272984740787791,0.3898241126847256,0.5195748781631779,overheated_loss
58.15014023983891,0.297495780871036,0.07936502081084117,0.389135105260604,0.4411766113060425,overheated_loss
58.350140239838915,0.283194151915539,0.0864673014502172,0.3895193813316953,0.3642267715021903,overheated_loss
58.55014023983892,0.26787776551877684,0.09385113874172149,0.3909641683113586,0.29062011918946523,overheated_loss
58.75014023983892,0.25206120094990486,0.10135731415859606,0.39343635168106106,0.22216909443428018,overheated_loss
58.95014023983892,0.23618990927738465,0.10885308486099775,0.3968838516739481,0.1605591886420344,overheated_loss
59.150140239838926,0.22063472786679722,0.11622668219058775,0.40123674950869814,0.10730744216488525,overheated_loss
59.35014023983893,0.20569724524757332,0.1233784899939488,0.4064080638618141,0.06372508973351904,overheated_loss
59.55014023983893,0.1916213090821893,0.13021121484866982,0.41229421312355236,0.030885273506328526,overheated_loss
59.750140239838935,0.17860669952714986,0.13662099508742037,0.4187753114123989,0.009596618747928498,overheated_loss
59.95014023983894,0.16682213093912418,0.142490953604229,0.4257155268146038,0.00038332279146524595,overheated_loss
60.15014023983894,0.15641583134696002,0.14768830071283692,0.43296377821065674,0.0034722475605635794,overheated_loss
60.35014023983894,0.14752279216909442,0.15206572541283103,0.4403550633337669,0.01878733347585443,overheated_loss
60.550140239838946,0.14026837751332988,0.15546739756999076,0.4477126937152884,0.045951472294247064,overheated_loss
60.75014023983895,0.13476841381870006,0.15773936391901983,0.45485165705277264,0.08429579276542465,overheated_loss
60.95014023983895,0.13112623337792087,0.15874344009375316,0.46158322891965714,0.13287613046188312,overheated_loss
61.150140239838954,0.12942746532367283,0.1583729533598137,0.4677208125360439,0.19049627624063847,overheated_loss
61.35014023983896,0.12973364035848695,0.15656804358938697,0.4730868059977782,0.25573743088232065,overheated_loss
61.55014023983896,0.13207583263395312,0.1533279042568517,0.4775201024583205,0.32699314063666707,overheated_loss
61.75014023983896,0.13644951528957555,0.14871753797392756,0.48088365436963426,0.4025088534453861,overheated_loss
61.950140239838966,0.14281149812028587,0.14286739192392212,0.4830714185938512,0.48042512183684505,overheated_loss
62.15014023983897,0.15107926882190748,0.13596552128990874,0.4840139810796432,0.5588233886939769,overheated_loss
62.35014023983897,0.16113239104223126,0.12824341113850132,0.48368225685570154,0.6357732284978319,overheated_loss
62.550140239838974,0.17281500542650371,0.11995787465823195,0.4820888661438791,0.7093798808105557,overheated_loss
62.75014023983898,0.18593811517322978,0.11137218019786588,0.47928706596767473,0.777830905565739,overheated_loss
62.95014023983898,0.20028033125643913,0.10273955001942597,0.475367415223767,0.8394408113579825,overheated_loss
63.15014023983898,0.21558612850324438,0.09429145452779432,0.4704526119580304,0.8926925578351268,overheated_loss
63.350140239838986,0.2315613733616817,0.08623192138533715,0.4646911177500259,0.9362749102664922,overheated_loss
63.55014023983899,0.24786684544902748,0.07873770188949948,0.45825025031468597,0.9691147264936795,overheated_loss
63.75014023983899,0.264111592569822,0.07196287912559053,0.4513093804352075,0.990403381252076,overheated_loss
63.950140239838994,0.27984909596151564,0.06604557300046186,0.44405373196377135,0.9996166772085356,overheated_loss
64.15014023983899,0.2945801282307706,0.06111392766226878,0.43666908565297075,0.9965277524394341,overheated_loss
64.35014023983899,0.3077664293552556,0.05728865709244192,0.42933746752742424,0.9812126665241403,overheated_loss
64.550140239839,0.31885832859034124,0.05468017345333035,0.42223370194838855,0.9540485277057448,overheated_loss
64.750140239839,0.3273367197350351,0.05337977569467736,0.41552257023851363,0.9157042072345645,overheated_loss
64.950140239839,0.3327654301606421,0.053446374952572116,0.40935627325655866,0.8671238695381036,overheated_loss
65.150140239839,0.3348451099133358,0.0548922572041104,0.4038719667707947,0.8095037237593463,overheated_loss
65.350140239839,0.3334564194956744,0.05767257699673786,0.399189302380056,0.7442625691176623,overheated_loss
65.55014023983901,0.3286807506124772,0.0616828247144061,0.3954081025302142,0.6730068593633146,overheated_loss
65.75014023983901,0.32079181471014023,0.06676623765128792,0.3926064398672289,0.5974911465545948,overheated_loss
65.95014023983902,0.3102195823874996,0.07272984477096252,0.39083940937848316,0.5195748781631355,overheated_loss
66.15014023983902,0.29749578087102757,0.07936501833354903,0.3901387646451813,0.44117661130600383,overheated_loss
66.35014023983902,0.28319415191553016,0.08646729909921703,0.3905133918976451,0.3642267715021494,overheated_loss
66.55014023983902,0.26787776551876785,0.09385113648858788,0.3919504066960656,0.29062011918942665,overheated_loss
66.75014023983903,0.25206120094989587,0.10135731197918234,0.39441655161281614,0.22216909443424482,overheated_loss
66.95014023983903,0.23618990927737585,0.10885308273495738,0.3978595749149967,0.1605591886420032,overheated_loss
67.15014023983903,0.22063472786678875,0.11622668010103915,0.4022093589287461,0.10730744216486116,overheated_loss
67.35014023983904,0.20569724524756539,0.12337848792727162,0.4073786989531764,0.06372508973349827,overheated_loss
67.55014023983904,0.19162130908218195,0.13021121279441364,0.41326376846444157,0.030885273506313815,overheated_loss
67.75014023983904,0.17860669952714314,0.13662099303829883,0.4197444187721634,0.009596618747920227,overheated_loss
67.95014023983904,0.16682213093911816,0.1424909515561643,0.42668454174841564,0.0003833227914635806,overheated_loss
68.15014023983905,0.15641583134695478,0.14768829866501174,0.4339327720852463,0.003472247560568187,overheated_loss
68.35014023983905,0.14752279216909,0.15206572336769827,0.4413238217364345,0.018787333475865975,overheated_loss
68.55014023983905,0.14026837751332635,0.15546739553319014,0.448680722106881,0.04595147229426488,overheated_loss
68.75014023983906,0.13476841381869747,0.15773936189915413,0.4558181943214077,0.0842957927654483,overheated_loss
68.95014023983906,0.1311262333779193,0.15874343810199038,0.46254726917711075,0.132876130461912,overheated_loss
69.15014023983906,0.1294274653236723,0.15837295140930172,0.4686811350879881,0.19049627624067184,overheated_loss
69.35014023983906,0.1297336403584875,0.156568041694496,0.4740420129416535,0.2557374308823546,overheated_loss
69.55014023983907,0.13207583263395467,0.1533279024322894,0.4784686628601303,0.326993140636707,overheated_loss
69.75014023983907,0.13644951528957816,0.1487175362337987,0.4818239534931959,0.40250885344542786,overheated_loss
69.95014023983907,0.1428114981202895,0.14286739028082227,0.4840018102551461,0.4804251218368875,overheated_loss
70.15014023983908,0.15107926882191205,0.1359655197541437,0.48493284092206584,0.558823388694019,overheated_loss
70.35014023983908,0.16113239104223676,0.12824340971751066,0.48458803422443053,0.6357732284978694,overheated_loss
70.55014023983908,0.17281500542650993,0.11995787335626848,0.482980132296857,0.7093798808105942,overheated_loss
70.75014023983908,0.1859381151732367,0.11137217901594625,0.48016255659366386,0.7778309055657744,overheated_loss
70.95014023983909,0.2002803312564466,0.10273954895553283,0.4762260656210093,0.8394408113580137,overheated_loss
71.15014023983909,0.21558612850325226,0.09429145357727944,0.4712935837194855,0.8926925578351531,overheated_loss
71.35014023983909,0.23156137336168986,0.08623192054145729,0.4655138163513137,0.9362749102665112,overheated_loss
71.5501402398391,0.2478668454490357,0.07873770114401174,0.4590543335535432,0.9691147264936941,overheated_loss
71.7501402398391,0.26411159256983,0.07196287846934073,0.4520947581753554,0.9904033812520843,overheated_loss
71.9501402398391,0.2798490959615233,0.06604557242391453,0.44482055805072684,0.9996166772085373,overheated_loss
72.1501402398391,0.29458012823077817,0.06111392715594593,0.43741774316799653,0.9965277524394291,overheated_loss
72.3501402398391,0.3077664293552621,0.057288656647257075,0.4300685487177487,0.9812126665241288,overheated_loss
72.55014023983911,0.3188583285903464,0.05468017306081681,0.42294798422104557,0.9540485277057269,overheated_loss
72.75014023983911,0.32733671973503875,0.053379775347123765,0.4162209895475866,0.9157042072345389,overheated_loss
72.95014023983911,0.33276543016064397,0.053446374643081475,0.410039896073146,0.8671238695380724,overheated_loss
73.15014023983912,0.33484510991333577,0.05489225692660139,0.40454196162938205,0.8095037237593101,overheated_loss
73.35014023983912,0.3334564194956723,0.05767257674590649,0.3998469117719968,0.7442625691176252,overheated_loss
73.55014023983912,0.32868075061247326,0.06168282448566315,0.3960546156897882,0.6730068593632748,overheated_loss
73.75014023983913,0.3207918147101348,0.06676623744068447,0.39324316678883464,0.5974911465545496,overheated_loss
73.95014023983913,0.3102195823874928,0.07272984457511257,0.39146765623017926,0.5195748781630894,overheated_loss
74.15014023983913,0.2974957808710197,0.07936501814955522,0.39075981061392595,0.4411766113059581,overheated_loss
74.35014023983913,0.2831941519155215,0.08646729892460363,0.39112846742022367,0.36422677150210847,overheated_loss
74.55014023983914,0.26787776551875875,0.09385113632124348,0.39256067299769737,0.290620119189388,overheated_loss
74.75014023983914,0.25206120094988677,0.10135731181731333,0.3950230814901477,0.22216909443420652,overheated_loss
74.95014023983914,0.2361899092773669,0.10885308257705252,0.3984633347560384,0.16055918864196933,overheated_loss
75.15014023983915,0.2206347278667801,0.11622667994584457,0.4028111920511058,0.10730744216483262,overheated_loss
75.35014023983915,0.2056972452475571,0.12337848777377566,0.40797931045314323,0.06372508973347751,overheated_loss
75.55014023983915,0.19162130908217417,0.13021121264184005,0.41386371189032656,0.030885273506299105,overheated_loss
75.75014023983915,0.17860669952713604,0.13662099288610635,0.4203440850512118,0.009596618747911234,overheated_loss
75.95014023983916,0.16682213093911183,0.14249095140405,0.4272841508917065,0.00038332279146180426,overheated_loss
76.15014023983916,0.15641583134694928,0.14768829851291482,0.4345323682532235,0.0034722475605735714,overheated_loss
76.35014023983916,0.14752279216908543,0.15206572321580086,0.44192327225429334,0.01878733347587752,overheated_loss
76.55014023983917,0.14026837751332275,0.155467395381911,0.44927972096239255,0.0459514722942827,overheated_loss
76.75014023983917,0.13476841381869492,0.1577393617491322,0.4564162705515918,0.08429579276547189,overheated_loss
76.95014023983917,0.13112623337791776,0.15874343795405507,0.46314380035533725,0.13287613046194324,overheated_loss
77.15014023983917,0.12942746532367186,0.15837295126442952,0.46927536586893215,0.19049627624070803,overheated_loss
77.35014023983918,0.12973364035848825,0.1565680415537542,0.47463307832612567,0.2557374308823948,overheated_loss
77.55014023983918,0.13207583263395664,0.15332790229677035,0.47905561553086246,0.3269931406367469,overheated_loss
77.75014023983918,0.13644951528958127,0.14871753610455013,0.4824057942770374,0.40250885344546955,overheated_loss
77.95014023983919,0.14281149812029362,0.14286739015877986,0.48457752051905567,0.48042512183693353,overheated_loss
78.15014023983919,0.1510792688219172,0.13596551964007297,0.4855014155389761,0.5588233886940648,overheated_loss
78.35014023983919,0.16113239104224292,0.12824340961196426,0.4851485136723033,0.6357732284979137,overheated_loss
78.5501402398392,0.17281500542651704,0.11995787325956239,0.48353163249091735,0.7093798808106329,overheated_loss
78.7501402398392,0.18593811517324454,0.11137217892815617,0.4807042951959616,0.7778309055658097,overheated_loss
78.9501402398392,0.200280331256455,0.1027395488765091,0.47675738380848953,0.8394408113580476,overheated_loss
79.1501402398392,0.2155861285032611,0.0942914535066769,0.47181396269646764,0.8926925578351816,overheated_loss
79.3501402398392,0.23156137336169896,0.08623192047877518,0.466022888232704,0.9362749102665338,overheated_loss
79.55014023983921,0.24786684544904494,0.07873770108863788,0.45955188658710167,0.9691147264937089,overheated_loss
79.75014023983921,0.2641115925698391,0.0719628784205953,0.4525807365832594,0.9904033812520926,overheated_loss
79.95014023983921,0.279849095961532,0.06604557238108938,0.4452950570272459,0.999616677208539,overheated_loss
80.15014023983922,0.29458012823078616,0.06111392711833718,0.4378809997549024,0.9965277524394237,overheated_loss
80.35014023983922,0.3077664293552691,0.05728865661418987,0.43052092938547626,0.9812126665241163,overheated_loss
80.55014023983922,0.31885832859035207,0.05468017303166237,0.42338997001407763,0.9540485277057077,overheated_loss
80.75014023983923,0.3273367197350427,0.0533797753213094,0.4166531596169125,0.9157042072345153,overheated_loss
80.95014023983923,0.3327654301606461,0.05344637462009491,0.41046291033172816,0.8671238695380435,overheated_loss
81.15014023983923,0.334845109913336,0.05489225690599089,0.40495654314550666,0.8095037237592739,overheated_loss
81.35014023983923,0.3334564194956706,0.05767257672727809,0.40025382937740955,0.744262569117585,overheated_loss
81.55014023983924,0.3286807506124697,0.06168282446867597,0.39645466714014227,0.6730068593632281,overheated_loss
81.75014023983924,0.32079181471012946,0.06676623742504514,0.39363716268594523,0.5974911465545079,overheated_loss
81.95014023983924,0.31021958238748615,0.07272984456056941,0.3918564048083171,0.5195748781630435,overheated_loss
82.15014023983925,0.2974957808710121,0.07936501813589292,0.3911441034120235,0.4411766113059159,overheated_loss
82.35014023983925,0.28319415191551306,0.08646729891163828,0.39150906581152356,0.3642267715020641,overheated_loss
82.55014023983925,0.26787776551875,0.0938511363088181,0.3929382955285724,0.29062011918934944,overheated_loss
82.75014023983925,0.2520612009498777,0.10135731180529471,0.3953983919889278,0.2221690944341712,overheated_loss
82.95014023983926,0.23618990927735795,0.1088530825653283,0.3988369312072379,0.16055918864193552,overheated_loss
83.15014023983926,0.2206347278667714,0.11622667993432158,0.40318359628539224,0.10730744216480631,overheated_loss
83.35014023983926,0.20569724524754882,0.12337848776237871,0.40835095877219446,0.06372508973345503,overheated_loss
83.55014023983927,0.19162130908216646,0.13021121263051139,0.4142349468205081,0.030885273506284394,overheated_loss
83.75014023983927,0.17860669952712896,0.13662099287480575,0.42071514849172603,0.009596618747902907,overheated_loss
83.95014023983927,0.1668221309391055,0.14249095139275486,0.4276551789817139,0.0003833227914599724,overheated_loss
84.15014023983927,0.15641583134694378,0.14768829850162057,0.4349033883184656,0.0034722475605785674,overheated_loss
84.35014023983928,0.14752279216908082,0.15206572320452094,0.4422942021978202,0.01878733347589001,overheated_loss
84.55014023983928,0.14026837751331908,0.1554673953706765,0.44965037142894776,0.045951472294300466,overheated_loss
84.75014023983928,0.13476841381869228,0.15773936173799039,0.4567863501171357,0.08429579276549748,overheated_loss
84.95014023983929,0.13112623337791615,0.15874343794306758,0.46351292387263054,0.1328761304619745,overheated_loss
85.15014023983929,0.1294274653236714,0.1583729512536688,0.4696430659428365,0.1904962762407414,overheated_loss
85.35014023983929,0.12973364035848897,0.15656804154329945,0.4749988197094863,0.255737430882435,overheated_loss
85.5501402398393,0.13207583263395847,0.15332790228670282,0.4794188120394323,0.32699314063678675,overheated_loss
85.7501402398393,0.1364495152895843,0.14871753609494762,0.48276582763897474,0.4025088534455147,overheated_loss
85.9501402398393,0.1428114981202977,0.142867390149712,0.4849337604210252,0.48042512183697955,overheated_loss
86.1501402398393,0.15107926882192235,0.13596551963159667,0.48585324002488,0.558823388694107,overheated_loss
86.3501402398393,0.16113239104224908,0.1282434096041207,0.48549532900564824,0.635773228497958,overheated_loss
86.55014023983931,0.17281500542652403,0.11995787325237524,0.48387289161451075,0.7093798808106715,overheated_loss
86.75014023983931,0.18593811517325234,0.11137217892163112,0.48103951401183875,0.7778309055658479,overheated_loss
86.95014023983931,0.20028033125646336,0.10273954887063523,0.47708615464764176,0.8394408113580814,overheated_loss
87.15014023983932,0.21558612850326997,0.09429145350142863,0.47213596453649675,0.892692557835208,overheated_loss
87.35014023983932,0.2315613733617082,0.0862319204741154,0.46633789343218024,0.9362749102665562,overheated_loss
87.55014023983932,0.24786684544905424,0.07873770108452129,0.45985976411702095,0.9691147264937237,overheated_loss
87.75014023983933,0.2641115925698483,0.07196287841697144,0.4528814519290094,0.9904033812521016,overheated_loss
87.95014023983933,0.27984909596154073,0.06604557237790573,0.445588669093253,0.9996166772085409,overheated_loss
88.15014023983933,0.29458012823079416,0.06111392711554152,0.43816765521848866,0.9965277524394187,overheated_loss
88.35014023983933,0.30776642935527604,0.05728865661173214,0.4308008550122885,0.9812126665241037,overheated_loss
88.55014023983934,0.3188583285903577,0.054680173029495904,0.4236634634662982,0.9540485277056898,overheated_loss
88.75014023983934,0.3273367197350467,0.05337977531939173,0.4169205792634174,0.9157042072344896,overheated_loss
88.95014023983934,0.3327654301606483,0.053446374618388,0.41072466451557665,0.8671238695380099,overheated_loss
89.15014023983935,0.33484510991333616,0.05489225690446122,0.40521307928923805,0.8095037237592405,overheated_loss
89.35014023983935,0.33345641949566884,0.05767257672589629,0.40050562322124494,0.7442625691175448,overheated_loss
89.55014023983935,0.3286807506124661,0.06168282446741665,0.39670221232194836,0.6730068593631916,overheated_loss
89.75014023983935,0.32079181471012413,0.06676623742388647,0.3938809607925912,0.5974911465544627,overheated_loss
89.95014023983936,0.3102195823874795,0.07272984455949257,0.39209695596168476,0.5195748781630045,overheated_loss
90.15014023983936,0.2974957808710043,0.07936501813488182,0.39138189740320517,0.4411766113058701,overheated_loss
90.35014023983936,0.28319415191550473,0.08646729891067906,0.39174457376559185,0.36422677150201976,overheated_loss
90.55014023983937,0.26787776551874115,0.09385113630789914,0.3931719620700514,0.29062011918930764,overheated_loss
90.75014023983937,0.2520612009498687,0.10135731180440602,0.39563062788373204,0.2221690944341329,overheated_loss
90.95014023983937,0.23618990927734904,0.10885308256446144,0.39906810647822843,0.16055918864190694,overheated_loss
91.15014023983937,0.22063472786676275,0.11622667993346958,0.4034140338326999,0.10730744216477778,overheated_loss
91.35014023983938,0.2056972452475407,0.12337848776153586,0.4085809285720368,0.0637250897334325,overheated_loss
91.55014023983938,0.19162130908215888,0.13021121262967345,0.41446466082250133,0.030885273506268462,overheated_loss
91.75014023983938,0.17860669952712202,0.13662099287396967,0.4209447563790728,0.00959661874789397,overheated_loss
91.95014023983939,0.16682213093909928,0.1424909513919189,0.42788476499506256,0.0003833227914584736,overheated_loss
92.15014023983939,0.15641583134693837,0.1476882985007843,0.4351329693665305,0.0034722475605840075,overheated_loss
92.35014023983939,0.14752279216907627,0.1520657232036853,0.44252372748037344,0.0187873334759025,overheated_loss
92.5501402398394,0.1402683775133155,0.15546739536984366,0.44987972377610363,0.045951472294319784,overheated_loss
92.7501402398394,0.13476841381868976,0.1577393617371638,0.4570153492005407,0.08429579276552313,overheated_loss
92.9501402398394,0.13112623337791476,0.1587434379422517,0.46374133136957113,0.13287613046200097,overheated_loss
93.1501402398394,0.12942746532367114,0.158372951252869,0.46987059263696396,0.19049627624077758,overheated_loss
93.3501402398394,0.1297336403584897,0.15656804154252174,0.4752251343987491,0.25573743088247525,overheated_loss
93.55014023983941,0.13207583263396042,0.15332790228595308,0.4796435520027496,0.32699314063682994,overheated_loss
93.75014023983941,0.13644951528958743,0.1487175360942317,0.4829886102999925,0.40250885344555987,overheated_loss
93.95014023983941,0.14281149812030203,0.14286739014903513,0.48515419575231045,0.4804251218370185,overheated_loss
94.15014023983942,0.15107926882192774,0.13596551963096323,0.48607094317031696,0.5588233886941527,overheated_loss
94.35014023983942,0.16113239104225524,0.12824340960353403,0.48570993257094147,0.6357732284980023,overheated_loss
94.55014023983942,0.1728150054265311,0.11995787325183706,0.484084057089739,0.7093798808107133,overheated_loss
94.75014023983942,0.18593811517326023,0.111372178921142,0.48124694184520417,0.7778309055658863,overheated_loss
94.95014023983943,0.20028033125647193,0.10273954887019446,0.4772895925803141,0.83944081135811,overheated_loss
95.15014023983943,0.21558612850327902,0.09429145350103448,0.4723352139251294,0.8926925578352365,overheated_loss
95.35014023983943,0.2315613733617174,0.08623192047376528,0.46653281341601915,0.9362749102665787,overheated_loss
95.55014023983944,0.24786684544906354,0.07873770108421181,0.4600502736174771,0.9691147264937395,overheated_loss
95.75014023983944,0.2641115925698574,0.07196287841669899,0.4530675295889974,0.9904033812521105,overheated_loss
95.95014023983944,0.2798490959615494,0.06604557237766645,0.4457703513618383,0.9996166772085424,overheated_loss
96.0,0.2836361730190962,0.06471905502564537,0.44392401366558015,1.0,overheated_loss
