step,n_lineages,total_biomass,resource,mean_similarity,fusion_events_cum,hgt_events_cum,scenario
0,5,1.9152664857049675,1.422125,0.6101550706956027,0,0,competition_dominant
1,5,1.8053896598675483,1.467129375,0.6101550706956027,0,0,competition_dominant
2,5,1.7076002074395529,1.510108553125,0.6101550706956027,0,0,competition_dominant
3,5,1.6200378334458339,1.551153668234375,0.6101550706956027,0,0,competition_dominant
4,5,1.5412057648011044,1.590351753163828,0.6101550706956027,0,0,competition_dominant
5,5,1.4698844441719503,1.6277859242714559,0.6101550706956027,0,0,competition_dominant
6,5,1.4050688759288064,1.6635355576792403,0.6101550706956027,0,0,competition_dominant
7,5,1.3459223764725001,1.6976764575836745,0.6101550706956027,0,0,competition_dominant
8,5,1.2917419231999185,1.7302810169924092,0.6101550706956027,0,0,competition_dominant
9,5,1.2419318467764602,1.7614183712277507,0.6101550706956027,0,0,competition_dominant
10,5,1.1959836187986432,1.791154544522502,0.6101550706956027,0,0,competition_dominant
11,5,1.1534601552877453,1.8195525900189893,0.6101922887064495,0,0,competition_dominant
12,5,1.1143166731947638,1.8466727234681348,0.6101922887064495,0,0,competition_dominant
13,5,1.0778621040036365,1.8725724509120687,0.6101922887064495,0,0,competition_dominant
14,5,1.0438123225206581,1.8973066906210256,0.6101922887064495,0,0,competition_dominant
15,5,1.0119181238743409,1.9209278895430795,0.6101922887064495,0,0,competition_dominant
16,5,0.9819602686391841,1.943486134513641,0.6101922887064495,0,0,competition_dominant
17,5,0.9537454417953457,1.9650292584605271,0.6101922887064495,0,0,competition_dominant
18,5,0.9271029326961059,1.9856029418298033,0.6101922887064495,0,0,competition_dominant
19,5,0.9018818859456239,2.005250809447462,0.6101922887064495,0,0,competition_dominant
20,5,0.8779490052882037,2.0240145230223265,0.6101922887064494,0,0,competition_dominant
21,5,0.8552994802899282,2.041933869486322,0.608419370853063,0,0,competition_dominant
22,5,0.8335413758671266,2.0590468453594375,0.608419370853063,0,0,competition_dominant
23,5,0.812762049021431,2.075389737318263,0.608419370853063,0,0,competition_dominant
24,5,0.792881612338308,2.090997199138941,0.608419370853063,0,0,competition_dominant
25,5,0.7738303531129254,2.1059023251776887,0.608419370853063,0,0,competition_dominant
26,5,0.7555477340255209,2.120136720544693,0.6077180108736152,0,0,competition_dominant
27,5,0.7380368264246022,2.1337305681201815,0.6077180108736152,0,0,competition_dominant
28,5,0.72119234201555,2.1467126925547735,0.6077180108736152,0,0,competition_dominant
29,5,0.7049765340111704,2.1591106213898086,0.6077180108736152,0,0,competition_dominant
30,5,0.6893575361650387,2.1709506434272674,0.6074973819288119,0,0,competition_dominant
31,5,0.6745025199402306,2.18225786447304,0.6074973819288119,0,0,competition_dominant
32,5,0.6601848003868374,2.1930562605717534,0.6074973819288119,0,0,competition_dominant
33,5,0.6463873169897436,2.2033687288460246,0.6074973819288119,0,0,competition_dominant
34,5,0.6330963241362155,2.2132171360479536,0.6074973819288119,0,0,competition_dominant
35,5,0.6203008309885198,2.2226223649257957,0.6074973819288119,0,0,competition_dominant
36,5,0.6079920754780425,2.2316043585041347,0.6074973819288119,0,0,competition_dominant
37,5,0.5961630344335624,2.2401821623714486,0.6074973819288119,0,0,competition_dominant
38,5,0.5848079717155503,2.2483739650647334,0.6074973819288119,0,0,competition_dominant
39,5,0.5739220258353722,2.2561971366368203,0.6074973819288119,0,0,competition_dominant
40,5,0.5635008379656774,2.2636682654881635,0.6074973819288119,0,0,competition_dominant
41,5,0.5535402205685267,2.2708031935411963,0.6074973819288119,0,0,competition_dominant
42,5,0.5440358661497088,2.2776170498318424,0.6074973819288119,0,0,competition_dominant
43,5,0.534983094952902,2.2841242825894095,0.6074973819288119,0,0,competition_dominant
44,5,0.526376639787914,2.290338689872886,0.6074973819288119,0,0,competition_dominant
45,5,0.518210465683853,2.296273448828606,0.6074973819288119,0,0,competition_dominant
46,5,0.5104776216991843,2.3019411436313186,0.6074973819288119,0,0,competition_dominant
47,5,0.5031701220224396,2.3073537921679095,0.6074973819288119,0,0,competition_dominant
48,5,0.49627885346457246,2.3125228715203536,0.6074973819288119,0,0,competition_dominant
49,5,0.48977734007594986,2.317459342301938,0.6074973819288119,0,0,competition_dominant
50,5,0.4836695998982025,2.3221736718983506,0.6074973819288119,0,0,competition_dominant
51,5,0.47794277522834605,2.3266754374407794,0.6074973819288119,0,0,competition_dominant
52,5,0.4725827304814646,2.33097245565725,0.6074973819288119,0,0,competition_dominant
53,5,0.46757405703907867,2.335073984592498,0.6074973819288119,0,0,competition_dominant
54,5,0.46290009823594686,2.3389888822066296,0.6074973819288119,0,0,competition_dominant
55,5,0.4585429870673141,2.342725624625312,0.6074973819288119,0,0,competition_dominant
56,5,0.454483700427399,2.3462923234319257,0.6074973819288119,0,0,competition_dominant
57,5,0.45070213096363715,2.3496967420144497,0.6074973819288119,0,0,competition_dominant
58,5,0.44717717796573264,2.352946310973735,0.6074973819288119,0,0,competition_dominant
59,5,0.4438868588904191,2.3560481425958697,0.6074973819288119,0,0,competition_dominant
60,5,0.4408084431218702,2.359009044389899,0.6074973819288119,0,0,competition_dominant
61,5,0.437918609360058,2.3618355316936253,0.6074973819288119,0,0,competition_dominant
62,5,0.4351936275998629,2.36453383935476,0.6074973819288119,0,0,competition_dominant
63,5,0.432609566008499,2.3671099325024003,0.6057389227185643,0,0,competition_dominant
64,5,0.43009434317384176,2.3695695164345643,0.6057389227185643,0,0,competition_dominant
65,5,0.42767509625503036,2.3719180426203335,0.6057389227185643,0,0,competition_dominant
66,5,0.4253287987478603,2.3741607232554895,0.6057389227185643,0,0,competition_dominant
67,5,0.423033258734599,2.3763025355324006,0.6057389227185643,0,0,competition_dominant
68,5,0.42076741708927634,2.3783482285468827,0.6057389227185643,0,0,competition_dominant
69,5,0.4185116496977785,2.3803023296796826,0.6057389227185643,0,0,competition_dominant
70,5,0.41624806597873504,2.3821691505712352,0.6057389227185643,0,0,competition_dominant
71,5,0.4139607951838663,2.3839527928185906,0.6057389227185643,0,0,competition_dominant
72,5,0.4116362514977605,2.385657153528798,0.6057389227185643,0,0,competition_dominant
73,5,0.409263368916271,2.3872859308626837,0.6057389227185643,0,0,competition_dominant
74,5,0.4068337973044075,2.3888426296962018,0.6057389227185643,0,0,competition_dominant
75,5,0.4043420519319598,2.3903305675132795,0.6057389227185643,0,0,competition_dominant
76,5,0.40178561013597197,2.391752880624637,0.6057389227185643,0,0,competition_dominant
77,5,0.399164950505131,2.393112530782327,0.6057389227185643,0,0,competition_dominant
78,5,0.39648353203019426,2.394412312231058,0.6057389227185643,0,0,competition_dominant
79,5,0.3937477128975726,2.3956548592064504,0.6057389227185643,0,0,competition_dominant
80,5,0.3909666108831449,2.3968426538591796,0.6057389227185643,0,0,competition_dominant
81,5,0.3881519094869979,2.3979780345545234,0.6052475482957667,0,0,competition_dominant
82,5,0.3854401380249908,2.39906320447102,0.6052475482957667,0,0,competition_dominant
83,5,0.38271940240104924,2.4001002490057854,0.6052475482957667,0,0,competition_dominant
84,5,0.38000801511235854,2.401091126737404,0.6052475482957667,0,0,competition_dominant
85,5,0.3773257147621426,2.4020376876774265,0.6052475482957667,0,0,competition_dominant
86,5,0.3746933079840279,2.402941682000607,0.6052475482957667,0,0,competition_dominant
87,5,0.37213230789317553,2.4038047685200796,0.6052475482957667,0,0,competition_dominant
88,5,0.3696645777635145,2.4046285228101643,0.6052475482957667,0,0,competition_dominant
89,5,0.36731198742180826,2.405414444897356,0.6052475482957667,0,0,competition_dominant
90,5,0.36509608837348634,2.406163966461063,0.6052475482957667,0,0,competition_dominant
91,5,0.3630378120458181,2.4068784575081823,0.6052475482957667,0,0,competition_dominant
92,5,0.36115719386507766,2.4075592325080986,0.6052475482957667,0,0,competition_dominant
93,5,0.35947312428214884,2.408207555995692,0.6052475482957667,0,0,competition_dominant
94,5,0.3580031264179658,2.40882464766826,0.6052475482957667,0,0,competition_dominant
95,5,0.35681672605910825,2.4094116870169167,0.6052475482957667,0,0,competition_dominant
96,5,0.3558750299267465,2.409969821445725,0.6052475482957667,0,0,competition_dominant
97,5,0.35519053059096234,2.410500162265284,0.6075533632791945,0,0,competition_dominant
98,5,0.35472520061085155,2.4110037922546037,0.6075533632791945,0,0,competition_dominant
99,5,0.3545351005590065,2.4114817653627827,0.6075533632791945,0,0,competition_dominant
100,5,0.3548848173653538,2.411935117051627,0.6075533632791945,0,0,competition_dominant
101,5,0.3555247660975924,2.412364883259901,0.6075533632791945,0,0,competition_dominant
102,5,0.3564562721735015,2.412771515040094,0.6075533632791945,0,0,competition_dominant
103,5,0.3576779556188559,2.413156034293096,0.6075533632791945,0,0,competition_dominant
104,5,0.3591856370569673,2.413519463753113,0.6075533632791945,0,0,competition_dominant
105,5,0.36097225389040904,2.4138628219031646,0.6075533632791945,0,0,competition_dominant
106,5,0.3630277928993995,2.4141871246158066,0.6075533632791945,0,0,competition_dominant
107,5,0.36533924532092255,2.4144933864011233,0.6075533632791945,0,0,competition_dominant
108,5,0.36789059172771044,2.414782621164539,0.6075533632791945,0,0,competition_dominant
109,5,0.3706628250199275,2.4150558423658883,0.6075533632791945,0,0,competition_dominant
110,5,0.3736340204414622,2.415314062466438,0.6075533632791945,0,0,competition_dominant
111,5,0.37677946162741993,2.4155582915536153,0.6075533632791945,0,0,competition_dominant
112,5,0.3800718311809166,2.4157895350451843,0.6075533632791945,0,0,competition_dominant
113,5,0.38348147308835356,2.4160087903964347,0.6075533632791945,0,0,competition_dominant
114,5,0.3870187032361445,2.4162170427657808,0.6075533632791945,0,0,competition_dominant
115,5,0.39060658475149856,2.416415264640263,0.6075533632791945,0,0,competition_dominant
116,5,0.39421070745320647,2.416604399252132,0.6075533632791945,0,0,competition_dominant
117,5,0.39779616498809006,2.4167853584923424,0.6075533632791945,0,0,competition_dominant
118,5,0.4013281977783865,2.416959014901991,0.6075533632791945,0,0,competition_dominant
119,5,0.40477288924986143,2.417126193153581,0.6075533632791945,0,0,competition_dominant
120,5,0.4081190427356638,2.4172876612973364,0.6075533632791945,0,0,competition_dominant
121,5,0.4113139903006603,2.4174441248501406,0.6075533632791945,0,0,competition_dominant
122,5,0.41433079985853016,2.4175962128285367,0.6075533632791945,0,0,competition_dominant
123,5,0.4171463178025729,2.4177444732767164,0.6075533632791945,0,0,competition_dominant
124,5,0.4197418153079993,2.4178893669781636,0.6075533632791945,0,0,competition_dominant
125,5,0.4221035505486351,2.418031176077801,0.6075533632791945,0,0,competition_dominant
126,5,0.4242232243875874,2.4181697032717704,0.6075533632791945,0,0,competition_dominant
127,5,0.4260983106745189,2.418305162579815,0.6075533632791945,0,0,competition_dominant
128,5,0.4277322532706826,2.418437681427013,0.6075533632791945,0,0,competition_dominant
129,5,0.4291345164875373,2.4185673028505636,0.6075533632791945,0,0,competition_dominant
130,5,0.4303204904481785,2.4186939895477484,0.6075533632791945,0,0,competition_dominant
131,5,0.4313112568924183,2.418817629635594,0.6075533632791945,0,0,competition_dominant
132,5,0.43213322675418064,2.418938043917194,0.6075533632791945,0,0,competition_dominant
133,5,0.432817665774705,2.4190549943883877,0.6075533632791945,0,0,competition_dominant
134,5,0.4334001281642774,2.4191681936754845,0.6084579475536234,0,0,competition_dominant
135,5,0.4327106708421158,2.419295452465944,0.6084579475536234,0,0,competition_dominant
136,5,0.4320059859773259,2.4194174392271313,0.6084579475536234,0,0,competition_dominant
137,5,0.43132519331209296,2.4195338947937493,0.6084579475536234,0,0,competition_dominant
138,5,0.4307081707776926,2.4196445582565986,0.6084579475536234,0,0,competition_dominant
139,5,0.4301949386939512,2.4197491749001943,0.6084579475536234,0,0,competition_dominant
140,5,0.4298250773218374,2.4198475034117304,0.6084579475536234,0,0,competition_dominant
141,5,0.42963718553046953,2.419939322288798,0.6084579475536234,0,0,competition_dominant
142,5,0.42966838496348564,2.4200244354209266,0.6084579475536234,0,0,competition_dominant
143,5,0.4299538709222028,2.4201026768631118,0.6084579475536234,0,0,competition_dominant
144,5,0.43052650840657497,2.420173914855792,0.6084579475536234,0,0,competition_dominant
145,5,0.43141646951045437,2.4202380551735048,0.6084579475536234,0,0,competition_dominant
146,5,0.4326509067525443,2.420295043902772,0.6084579475536234,0,0,competition_dominant
147,5,0.4342536559946195,2.420344869758182,0.6084579475536234,0,0,competition_dominant
148,5,0.43624496234398297,2.4203871377981168,0.6084579475536234,0,0,competition_dominant
149,5,0.4386505073670907,2.4204217269131827,0.6084579475536234,0,0,competition_dominant
150,5,0.44146392903958537,2.4204487849504273,0.6084579475536234,0,0,competition_dominant
151,5,0.4447025827453394,2.420468515931411,0.6084579475536234,0,0,competition_dominant
152,5,0.44836987969782105,2.4204811819966374,0.610101672881764,0,0,competition_dominant
153,5,0.45253247785038375,2.4204871040280707,0.610101672881764,0,0,competition_dominant
154,5,0.4571153864106475,2.4204866733291315,0.6098636579444111,0,0,competition_dominant
155,5,0.46044149467686474,2.4205053120028217,0.6098636579444111,0,0,competition_dominant
156,5,0.4640879199922567,2.4205185128496227,0.6098636579444111,0,0,competition_dominant
157,5,0.46803052397406586,2.420526860959619,0.6098636579444111,0,0,competition_dominant
158,5,0.4722407212488258,2.420530981668055,0.6098636579444111,0,0,competition_dominant
159,5,0.47668563987436635,2.420531536634346,0.6098636579444111,0,0,competition_dominant
160,5,0.4813283630129261,2.4205292188796323,0.6098636579444111,0,0,competition_dominant
161,5,0.48612826236815504,2.42052474666778,0.6098636579444111,0,0,competition_dominant
162,5,0.49104143193597843,2.4205188561488145,0.6098636579444111,0,0,competition_dominant
163,5,0.4960212276644703,2.420512292731368,0.6098636579444111,0,0,competition_dominant
164,5,0.5010189147076396,2.4205058012105494,0.6098636579444111,0,0,competition_dominant
165,5,0.5059844192070228,2.4205001147476284,0.6098636579444111,0,0,competition_dominant
166,5,0.5108671761421612,2.42049594287456,0.6098636579444111,0,0,competition_dominant
167,5,0.5156170590383325,2.420493958775226,0.6098636579444111,0,0,competition_dominant
168,5,0.5201853715616422,2.4204947861709027,0.6098636579444111,0,0,competition_dominant
169,5,0.5245258756739917,2.420498986203936,0.6106569436855468,0,0,competition_dominant
170,5,0.5283783278729925,2.420510307248611,0.6106569436855468,0,0,competition_dominant
171,5,0.5319176675452475,2.420525806665539,0.6106569436855468,0,0,competition_dominant
172,5,0.5351122392459406,2.4205457723632255,0.6106569436855468,0,0,competition_dominant
173,5,0.5379366963879137,2.4205703868569772,0.6106569436855468,0,0,competition_dominant
174,5,0.5403726851300983,2.4205997216044497,0.6106569436855468,0,0,competition_dominant
175,5,0.5424093705176831,2.420633733924253,0.6106569436855468,0,0,competition_dominant
176,5,0.5440437839422845,2.42067226670076,0.6106569436855468,0,0,competition_dominant
177,5,0.5452809782490295,2.420715050961153,0.6106569436855468,0,0,competition_dominant
178,5,0.5461339849190965,2.4207617112859685,0.6106569436855468,0,0,competition_dominant
179,5,0.5466235761296885,2.4208113692968674,0.6106569436855468,0,0,competition_dominant
180,5,0.5467778404967503,2.420863301962008,0.6106569436855468,0,0,competition_dominant
181,5,0.5466315966894845,2.4209169634513996,0.6106569436855468,0,0,competition_dominant
182,5,0.5462256653230242,2.4209717530106505,0.6106569436855468,0,0,competition_dominant
183,5,0.5456060265515991,2.421027028303289,0.6106569436855468,0,0,competition_dominant
184,5,0.544822895148091,2.421080812029641,0.6106569436855468,0,0,competition_dominant
185,5,0.5439297419129459,2.4211321754883075,0.6106569436855468,0,0,competition_dominant
186,5,0.5429823069839312,2.4211812275913336,0.6106569436855468,0,0,competition_dominant
187,5,0.5420376213355215,2.4212280723497237,0.6106569436855468,0,0,competition_dominant
188,5,0.5411530572354423,2.421272809093986,0.6106569436855468,0,0,competition_dominant
189,5,0.5403854319052454,2.4213155326847566,0.6106569436855468,0,0,competition_dominant
190,5,0.5397901784469609,2.42135627723211,0.6106569436855468,0,0,competition_dominant
191,5,0.5394205906426898,2.4213924243924074,0.6106569436855468,0,0,competition_dominant
192,5,0.539327138582316,2.421423519317771,0.6106569436855468,0,0,competition_dominant
193,5,0.5395568828390349,2.4214491712242854,0.6106569436855468,0,0,competition_dominant
194,5,0.5401529527175757,2.421468753592689,0.6106569436855468,0,0,competition_dominant
195,5,0.5411540886772195,2.421481555665573,0.6106569436855468,0,0,competition_dominant
196,5,0.5425942418572873,2.421487370652088,0.6106569436855468,0,0,competition_dominant
197,5,0.5445022232347343,2.421486076875915,0.6106569436855468,0,0,competition_dominant
198,5,0.5468802729958995,2.4214776387756043,0.6106569436855468,0,0,competition_dominant
199,5,0.5497673335851259,2.421462103061633,0.6106569436855468,0,0,competition_dominant
200,5,0.553174986217137,2.421439607880607,0.6106569436855468,0,0,competition_dominant
201,5,0.5571085606560903,2.4214103781831198,0.6106569436855468,0,0,competition_dominant
202,5,0.5615669023338381,2.4213747254327602,0.6106569436855468,0,0,competition_dominant
203,5,0.566542160250788,2.4213330470229475,0.6106569436855468,0,0,competition_dominant
204,5,0.5720196032444775,2.421285825299977,0.6087717971829141,0,0,competition_dominant
205,5,0.5775241665511768,2.4212404256849065,0.6087717971829141,0,0,competition_dominant
206,5,0.5834572834981346,2.421190737940326,0.6087717971829141,0,0,competition_dominant
207,5,0.5897824368800667,2.421137492746703,0.6087717971829141,0,0,competition_dominant
208,5,0.5964563993700425,2.421081488752871,0.6087717971829141,0,0,competition_dominant
209,5,0.6034294732148205,2.421023586059858,0.6087717971829141,0,0,competition_dominant
210,5,0.6106458629129788,2.420964697998969,0.6087717971829141,0,0,competition_dominant
211,5,0.6180441983357737,2.4209057810166463,0.6087717971829141,0,0,competition_dominant
212,5,0.625558222020261,2.420847822542829,0.6087717971829141,0,0,competition_dominant
213,5,0.632974719452799,2.420793970750181,0.6087717971829141,0,0,competition_dominant
214,5,0.6403608419708486,2.420743028482021,0.6087717971829141,0,0,competition_dominant
215,5,0.6476420146220763,2.420695978384336,0.6087717971829141,0,0,competition_dominant
216,5,0.6547432996893267,2.4206537653649263,0.6087717971829141,0,0,competition_dominant
217,5,0.6615908595942147,2.42061727638318,0.6087717971829141,0,0,competition_dominant
218,5,0.6681135043820159,2.420587319858683,0.6087717971829141,0,0,competition_dominant
219,5,0.6742442796782877,2.4205646053768097,0.6087717971829141,0,0,competition_dominant
220,5,0.6799220443551791,2.4205497244394056,0.6087717971829141,0,0,competition_dominant
221,5,0.6850929828887473,2.420543133039602,0.6087717971829141,0,0,competition_dominant
222,5,0.6897119960632122,2.4205451368253526,0.6087717971829141,0,0,competition_dominant
223,5,0.6937439156148076,2.4205558795535342,0.6017968666821483,0,0,competition_dominant
224,5,0.694970882847322,2.420608239605261,0.6017968666821483,0,0,competition_dominant
225,5,0.6956439491895035,2.420666594068241,0.6017968666821483,0,0,competition_dominant
226,5,0.6957683872698652,2.4207305978308002,0.6017968666821483,0,0,competition_dominant
227,5,0.6953600122079999,2.4207938783981167,0.6017968666821483,0,0,competition_dominant
228,5,0.6944448137447902,2.420855274648109,0.6017968666821483,0,0,competition_dominant
229,5,0.6930584161102408,2.420914812676588,0.6017968666821484,0,0,competition_dominant
230,5,0.6912402786143554,2.4209724968690773,0.6017968666821484,0,0,competition_dominant
231,5,0.6890481059241699,2.4210283122147187,0.6017968666821484,0,0,competition_dominant
232,5,0.6865409050514347,2.421082038165056,0.6023724775731477,0,0,competition_dominant
233,5,0.6837841073240076,2.4211333464476286,0.6023724775731477,0,0,competition_dominant
234,5,0.6808453231525718,2.4211823458574853,0.6102212088660406,0,0,competition_dominant
235,5,0.6778433796837542,2.4212291402938986,0.6102212088660406,0,0,competition_dominant
236,5,0.6748044704276553,2.4212738289806732,0.6102212088660406,0,0,competition_dominant
237,5,0.6718021442870091,2.421316506676543,0.6102212088660406,0,0,competition_dominant
238,5,0.6689091002063171,2.4213572626606936,0.6102212088660406,0,0,competition_dominant
239,5,0.6661961071907102,2.4213956801604013,0.6102212088660406,0,0,competition_dominant
240,5,0.6637310323973794,2.4214316938083487,0.6102212088660406,0,0,competition_dominant
241,5,0.6615779918663439,2.4214652445599185,0.6102212088660406,0,0,competition_dominant
242,5,0.6597966154766386,2.4214962811234426,0.6102212088660406,0,0,competition_dominant
243,5,0.6584414225082501,2.4215247611172477,0.6102212088660406,0,0,competition_dominant
244,5,0.657561297740842,2.4215506519876433,0.6102212088660406,0,0,competition_dominant
245,5,0.6571990551840358,2.4215739317308134,0.6102268400135529,0,0,competition_dominant
246,5,0.6574236182114342,2.4215945894669924,0.6102268400135529,0,0,competition_dominant
247,5,0.658230381933107,2.4216082082986317,0.6102268400135529,0,0,competition_dominant
248,5,0.659641982869351,2.421612217995365,0.6102268400135529,0,0,competition_dominant
249,5,0.6616737849734625,2.421606816977766,0.6104741460634416,0,0,competition_dominant
250,5,0.6645362732655068,2.4215892676796704,0.6104741460634416,0,0,competition_dominant
251,5,0.6680420174029714,2.4215630351175816,0.6104741460634416,0,0,competition_dominant
252,4,0.6711712086426542,2.421528610631464,0.5826225490128277,0,0,competition_dominant
253,4,0.6759566280101494,2.421486318804983,0.5826225490128277,0,0,competition_dominant
254,4,0.6813318134431297,2.42143712587728,0.5826225490128277,0,0,competition_dominant
255,4,0.6872655765549691,2.4213818064534305,0.5826225490128277,0,0,competition_dominant
256,4,0.693718519269703,2.4213212234473662,0.5826225490128277,0,0,competition_dominant
257,4,0.7006431215875086,2.421256322840566,0.5826225490128277,0,0,competition_dominant
258,4,0.7079839411673036,2.4211881269985955,0.5826225490128277,0,0,competition_dominant
259,4,0.7156779493242024,2.4211177262407553,0.5826225490128277,0,0,competition_dominant
260,4,0.7236550272034645,2.4210462683842358,0.5826225490128277,0,0,competition_dominant
261,4,0.7318386431398696,2.42097494603796,0.5826225490128277,0,0,competition_dominant
262,4,0.7401467274041978,2.4209049815034573,0.5826225490128277,0,0,competition_dominant
263,4,0.7484927536620746,2.420837609249657,0.5826225490128277,0,0,competition_dominant
264,4,0.7567870276651686,2.4207740560621063,0.5826225490128277,0,0,competition_dominant
265,4,0.7649381732786446,2.4207155191188856,0.5826225490128277,0,0,competition_dominant
266,4,0.7728547944261801,2.4206631424071223,0.5826225490128277,0,0,competition_dominant
267,4,0.7804472795844563,2.4206179920547792,0.5826225490128277,0,0,competition_dominant
268,4,0.7876297039043031,2.420581031300074,0.5826225490128277,0,0,competition_dominant
269,4,0.7943217737821343,2.4205530959424326,0.5826225490128277,0,0,competition_dominant
270,4,0.8004507506675009,2.420534871201739,0.5826225490128277,0,0,competition_dominant
271,4,0.8059532859028349,2.4205268709460617,0.5826225490128277,0,0,competition_dominant
272,4,0.8107770971061394,2.420529420224369,0.5826225490128277,0,0,competition_dominant
273,4,0.8148824194222651,2.4205426419566334,0.5826225490128277,0,0,competition_dominant
274,4,0.8182431719551962,2.4205664484907263,0.5826225490128277,0,0,competition_dominant
275,4,0.8208477905687143,2.420600538540616,0.5826225490128277,0,0,competition_dominant
276,4,0.8226996878432666,2.420642848247729,0.5826225490128277,0,0,competition_dominant
277,4,0.8238173012866018,2.4206852320998373,0.5826225490128277,0,0,competition_dominant
278,4,0.824233763216427,2.4207276664417767,0.5826225490128277,0,0,competition_dominant
279,4,0.8239962951262189,2.420770070690723,0.5826225490128277,0,0,competition_dominant
280,3,0.8221883441195702,2.4208123097592873,0.5789838443019767,0,0,competition_dominant
281,3,0.8208844546711939,2.4208541367239187,0.5789838443019767,0,0,competition_dominant
282,3,0.8191394259674946,2.4208953856441195,0.5789838443019767,0,0,competition_dominant
283,3,0.817044062983714,2.4209357844501045,0.5789838443019767,0,0,competition_dominant
284,3,0.8146958881771434,2.4209750272920365,0.5789838443019767,0,0,competition_dominant
285,3,0.8097458005733504,2.4210127812841233,0.5789838443019767,0,0,competition_dominant
286,3,0.804844478989366,2.4210485337080287,0.5789838443019767,0,0,competition_dominant
287,3,0.8000850044975437,2.4210819275491655,0.5789838443019767,0,0,competition_dominant
288,3,0.795559387399802,2.4211125969073626,0.5789838443019767,0,0,competition_dominant
289,3,0.7913573695278326,2.4211401723286254,0.5789838443019767,0,0,competition_dominant
290,3,0.7875653782183896,2.4211642854680657,0.5789838443019767,0,0,competition_dominant
291,3,0.7842656360564212,2.421184573026984,0.5789838443019767,0,0,competition_dominant
292,3,0.7815354221775563,2.421200679964372,0.5789838443019767,0,0,competition_dominant
293,3,0.7794464738080865,2.421212262037269,0.5789838443019767,0,0,competition_dominant
294,3,0.7780645110404376,2.421218987772906,0.5789838443019767,0,0,competition_dominant
295,3,0.7774488637245318,2.4212205400166686,0.5789838443019767,0,0,competition_dominant
296,3,0.7776521768295338,2.4212166172324303,0.5789838443019767,0,0,competition_dominant
297,3,0.7787201696470238,2.4212069347552125,0.5789838443019767,0,0,competition_dominant
298,3,0.7806914246625475,2.421191226210176,0.5789838443019767,0,0,competition_dominant
299,3,0.7835971836844965,2.421169245316449,0.5789838443019767,0,0,competition_dominant
300,3,0.7874611317443025,2.421140768289149,0.5789838443019767,0,0,competition_dominant
301,3,0.7922989932579648,2.4211055970376143,0.5789838443019767,0,0,competition_dominant
302,3,0.7981187340555457,2.421063563318377,0.5789838443019767,0,0,competition_dominant
303,3,0.804919739624837,2.4210132589493956,0.5789838443019767,0,0,competition_dominant
304,3,0.8126925836937755,2.420950651466998,0.5789838443019767,0,0,competition_dominant
305,3,0.8214186295079805,2.420876572901837,0.5903664497330232,0,0,competition_dominant
306,3,0.831748982365152,2.4207817717240783,0.5903664497330232,0,0,competition_dominant
307,3,0.8430273250661964,2.4206770237469937,0.5903664497330232,0,0,competition_dominant
308,3,0.8552108284309283,2.4205634179244764,0.5903664497330232,0,0,competition_dominant
309,3,0.8682457513743547,2.4204421579397084,0.5903664497330232,0,0,competition_dominant
310,3,0.8820670887301291,2.4203145623390427,0.5903664497330232,0,0,competition_dominant
311,3,0.8965983681984133,2.4201820624224553,0.5929486982117204,0,1,competition_dominant
312,2,0.9106369554010991,2.420046197107611,0.6720578778628923,0,2,competition_dominant
313,2,0.9269313357246005,2.4198997025329163,0.6720578778628923,0,2,competition_dominant
314,2,0.9436724324090398,2.4197530994686685,0.6720578778628923,0,2,competition_dominant
315,2,0.9607405687860076,2.419608187946924,0.6720578778628923,0,2,competition_dominant
316,2,0.9780071415786842,2.419465858463809,0.6720578778628923,0,2,competition_dominant
317,2,0.9953364116028629,2.419321682321311,0.6720578778628923,0,2,competition_dominant
318,2,1.0125879123420645,2.419177049511904,0.6720578778628923,0,2,competition_dominant
319,2,1.02961939641691,2.419033438515327,0.6720578778628923,0,2,competition_dominant
320,2,1.046290197921774,2.418892379870054,0.6720578778628923,0,2,competition_dominant
321,2,1.062464984598424,2.4187554121630006,0.6720578778628923,0,2,competition_dominant
322,2,1.0780177893856535,2.4186240316692635,0.6720578778628923,0,2,competition_dominant
323,2,1.0928361796745008,2.418499637451091,0.6720578778628923,0,2,competition_dominant
324,2,1.106825398387173,2.4183834742231247,0.6720578778628923,0,2,competition_dominant
325,2,1.11991229708536,2.418276575648353,0.6720578778628923,0,2,competition_dominant
326,2,1.1320488802647324,2.418179710894391,0.6720578778628923,0,2,competition_dominant
327,2,1.1432152931854327,2.4180933372184406,0.6720578778628923,0,2,competition_dominant
328,2,1.153422112895535,2.4180175610515797,0.6720578778628923,0,2,competition_dominant
329,2,1.1627118417742328,2.417952109536262,0.6720578778628923,0,2,competition_dominant
330,2,1.1711595517030355,2.41789631377919,0.6720578778628923,0,2,competition_dominant
331,2,1.1788726804747818,2.4178491042809265,0.6720578778628923,0,2,competition_dominant
332,2,1.1859900352790937,2.417809018172829,0.6720578778628923,0,2,competition_dominant
333,2,1.1926801060937535,2.4177742171132635,0.6720578778628923,0,2,competition_dominant
334,2,1.1991388302362926,2.417742514042988,0.6720578778628923,0,2,competition_dominant
335,2,1.2055869749861357,2.4177114065321494,0.6720578778628923,0,2,competition_dominant
336,2,1.2122673162901263,2.4176781142041954,0.6720578778628923,0,2,competition_dominant
337,2,1.2194417878108486,2.4176396177066524,0.6720578778628923,0,2,competition_dominant
338,2,1.227388756995379,2.4175926969040478,0.7109234777476756,0,3,competition_dominant
339,2,1.234526344961625,2.4175620795228485,0.7109234777476756,0,3,competition_dominant
340,2,1.2429755646073324,2.4175160647580514,0.7109234777476756,0,3,competition_dominant
341,2,1.2530332541307299,2.417451281351424,0.7109234777476756,0,3,competition_dominant
342,2,1.265002289986088,2.417364304819224,0.7109234777476756,0,3,competition_dominant
343,2,1.279190532220983,2.4172516743992354,0.7109234777476756,0,3,competition_dominant
344,2,1.295909995251765,2.417109907279907,0.7109234777476756,0,3,competition_dominant
345,2,1.3154761015802972,2.4169355121423233,0.7109234777476756,0,3,competition_dominant
346,2,1.33820683539972,2.4167250046315796,0.7109234777476756,0,3,competition_dominant
347,2,1.3644215753161404,2.416474927906711,0.7109234777476756,0,3,competition_dominant
348,2,1.3944393513390323,2.416181881882783,0.7109234777476756,0,3,competition_dominant
349,2,1.428576242415697,2.415842565149724,0.7109234777476756,0,3,competition_dominant
350,2,1.4671416098406893,2.415453833787115,0.7109234777476756,0,3,competition_dominant
351,2,1.5104328532008853,2.415012781326363,0.7109234777476756,0,3,competition_dominant
352,2,1.5587283853755458,2.41451684384788,0.7109234777476756,0,3,competition_dominant
353,2,1.612278559749826,2.4139639335196788,0.7109234777476756,0,3,competition_dominant
354,2,1.6712943561660014,2.4133526026414467,0.7109234777476756,0,3,competition_dominant
355,2,1.735933752985915,2.412682238303519,0.7109234777476756,0,3,competition_dominant
356,2,1.806285890862493,2.4119532849710636,0.7109234777476756,0,3,competition_dominant
357,2,1.8823533758215123,2.4111674885879766,0.7109234777476756,0,3,competition_dominant
358,2,1.9640333743788427,2.410328151204567,0.7109234777476756,0,3,competition_dominant
359,2,2.051098509707872,2.409440379887726,0.7109234777476756,0,3,competition_dominant
360,2,2.1431789479123338,2.4085113082288414,0.7109234777476756,0,3,competition_dominant
361,2,2.239747421559743,2.407550263854399,0.7109234777476756,0,3,competition_dominant
362,2,2.340109210094803,2.4065688519586366,0.7109234777476756,0,3,competition_dominant
363,2,2.4433992071372246,2.4055809241769115,0.7109234777476756,0,3,competition_dominant
364,2,2.5485880753803984,2.40460240524172,0.7109234777476756,0,3,competition_dominant
365,2,2.654499059917381,2.4036509576462857,0.7109234777476756,0,3,competition_dominant
366,2,2.7598362775607113,2.402745477184302,0.7109234777476756,0,3,competition_dominant
367,2,2.863224258322672,2.4019054290107973,0.7109234777476756,0,3,competition_dominant
368,2,2.9632572897137086,2.401150052980203,0.7109234777476756,0,3,competition_dominant
369,2,3.0585558723095687,2.4004974857176626,0.7109234777476756,0,3,competition_dominant
370,2,3.14782654155528,2.399963861910529,0.7109234777476756,0,3,competition_dominant
371,2,3.2299206469008888,2.3995624655948653,0.7022463533225388,0,3,competition_dominant
372,2,3.3422968968512237,2.3987268614771993,0.7022463533225388,0,3,competition_dominant
373,2,3.4448825608835096,2.3980763639447904,0.7022463533225388,0,3,competition_dominant
374,2,3.536663990763833,2.3976196454856114,0.7022463533225388,0,3,competition_dominant
375,2,3.6170200720445114,2.3973589376883537,0.6888830290508591,0,3,competition_dominant
376,2,3.7644682733517563,2.3961090737241486,0.6888830290508591,0,3,competition_dominant
377,2,3.897561119713379,2.3951333913445128,0.6888830290508591,0,3,competition_dominant
378,2,4.01577773885676,2.39442936228566,0.6888830290508591,0,3,competition_dominant
379,2,4.11932339278788,2.3939833249925044,0.6888830290508591,0,3,competition_dominant
380,2,4.209081267824835,2.393771674545483,0.6888830290508591,0,3,competition_dominant
381,2,4.286527185591221,2.3937625891771477,0.6903676878507409,0,3,competition_dominant
382,2,4.362477863463745,2.3937852032113422,0.6903676878507409,0,3,competition_dominant
383,2,4.4297563865831435,2.393945668356235,0.6903676878507409,0,3,competition_dominant
384,2,4.4909864098196834,2.394198445448754,0.6848148724917398,0,3,competition_dominant
385,2,4.549020167788377,2.394496799137534,0.6848148724917398,0,3,competition_dominant
386,2,4.606760632060488,2.3947942783147633,0.6848148724917398,0,3,competition_dominant
387,2,4.667193992739567,2.3950456626524996,0.6848148724917398,0,3,competition_dominant
388,2,4.7333035860456985,2.3952077412533446,0.6848148724917398,0,3,competition_dominant
389,2,4.808038214419258,2.395239733635927,0.6848148724917398,0,3,competition_dominant
390,2,4.894292931168233,2.395103496549129,0.6848148724917398,0,3,competition_dominant
391,2,4.994897338445475,2.3947636013918827,0.6848148724917398,0,3,competition_dominant
392,2,5.112606020292042,2.394187369899265,0.7660069146404398,0,4,competition_dominant
393,2,5.26398421771859,2.393136474582415,0.7660069146404398,0,4,competition_dominant
394,2,5.436743039417683,2.3918160548974132,0.7660069146404398,0,4,competition_dominant
395,2,5.6334628198790275,2.3901991931882582,0.7660069146404398,0,4,competition_dominant
396,2,5.856481939589113,2.3882638480979024,0.7660069146404398,0,4,competition_dominant
397,2,6.107811818043054,2.385993911646006,0.7660069146404398,0,4,competition_dominant
398,2,6.389026481657913,2.383380597971037,0.7660069146404398,0,4,competition_dominant
399,2,6.70112796315182,2.3804241302852573,0.7660069146404398,0,4,competition_dominant
0,5,2.18533747744832,1.7226375,0.6422732249849022,0,0,niche_abundance_coexistence
1,5,2.165948653647786,1.9376218359375001,0.6422732249849022,0,0,niche_abundance_coexistence
2,5,2.14743778025089,2.1452160853271485,0.6422732249849022,0,0,niche_abundance_coexistence
3,5,2.1298015886456323,2.345674282394028,0.6422732249849022,0,0,niche_abundance_coexistence
4,5,2.1130329221591895,2.5392417289367333,0.6422732249849022,0,0,niche_abundance_coexistence
5,5,2.0971202786053356,2.726155294504533,0.6422732249849022,0,0,niche_abundance_coexistence
6,5,2.0820474751347375,2.90664370625594,0.6422732249849022,0,0,niche_abundance_coexistence
7,5,2.0678939477213794,3.080927828853392,0.6422732249849022,0,0,niche_abundance_coexistence
8,5,2.054431859519572,3.249220934736557,0.6422732249849022,0,0,niche_abundance_coexistence
9,5,2.041731529020148,3.4117289651049876,0.6422732249849022,0,0,niche_abundance_coexistence
10,5,2.029757173537717,3.5686507819295037,0.6422732249849022,0,0,niche_abundance_coexistence
11,5,2.0187629136782683,3.720178411300677,0.6412540472637881,0,0,niche_abundance_coexistence
12,5,2.0083560406745704,3.8664972784122162,0.6412540472637881,0,0,niche_abundance_coexistence
13,5,1.99854816563592,4.007786434466796,0.6412540472637881,0,0,niche_abundance_coexistence
14,5,1.9892872542445286,4.144217696456343,0.636955383736778,0,0,niche_abundance_coexistence
15,5,1.9802860720231397,4.275957056418153,0.636955383736778,0,0,niche_abundance_coexistence
16,5,1.971706967315051,4.40316606311369,0.636955383736778,0,0,niche_abundance_coexistence
17,5,1.9634937346548846,4.526000718851507,0.636955383736778,0,0,niche_abundance_coexistence
18,5,1.9555903598571511,4.644611665435404,0.636955383736778,0,0,niche_abundance_coexistence
19,5,1.9479419164005565,4.759144363988992,0.636955383736778,0,0,niche_abundance_coexistence
20,5,1.9404954760984745,4.869739268380897,0.6369553837367781,0,0,niche_abundance_coexistence
21,5,1.9331038694052356,4.976531992562769,0.6369553837367781,0,0,niche_abundance_coexistence
22,5,1.9258209394011132,5.079653471879784,0.6369553837367781,0,0,niche_abundance_coexistence
23,5,1.9186052708263726,5.17923011969786,0.6369553837367781,0,0,niche_abundance_coexistence
24,5,1.9114207914707144,5.275383978086525,0.6369553837367781,0,0,niche_abundance_coexistence
25,5,1.9042374563478481,5.368232863918815,0.6369553837367781,0,0,niche_abundance_coexistence
26,5,1.8970318289856016,5.457890510406099,0.6369553837367781,0,0,niche_abundance_coexistence
27,5,1.889787543504804,5.544466704336846,0.6369553837367781,0,0,niche_abundance_coexistence
28,5,1.8830300316105355,5.628067419265795,0.6369553837367781,0,0,niche_abundance_coexistence
29,5,1.8756868749826672,5.708794946286891,0.6369553837367781,0,0,niche_abundance_coexistence
30,5,1.8683009642936854,5.786748015461829,0.6369553837367781,0,0,niche_abundance_coexistence
31,5,1.8608860546420143,5.862021922402778,0.6369553837367781,0,0,niche_abundance_coexistence
32,5,1.8534631476260721,5.934708645690638,0.6369553837367781,0,0,niche_abundance_coexistence
33,5,1.8460600836511045,6.004896962499381,0.6369553837367781,0,0,niche_abundance_coexistence
34,5,1.8387110010007899,6.072672561026743,0.6369553837367781,0,0,niche_abundance_coexistence
35,5,1.831471529407417,6.138117911957965,0.6342319637360136,0,0,niche_abundance_coexistence
36,5,1.8249491797473676,6.20131303182821,0.6342319637360136,0,0,niche_abundance_coexistence
37,5,1.8181385295969175,6.262334972194337,0.6342319637360136,0,0,niche_abundance_coexistence
38,5,1.811572665655639,6.32125813858199,0.6342319637360136,0,0,niche_abundance_coexistence
39,5,1.8053062442767627,6.37815434872764,0.6342319637360136,0,0,niche_abundance_coexistence
40,5,1.799395191107982,6.433092939102267,0.6342319637360136,0,0,niche_abundance_coexistence
41,5,1.793895707183645,6.486140855421999,0.6342319637360136,0,0,niche_abundance_coexistence
42,5,1.7888632855658169,6.537362740063082,0.6342319637360136,0,0,niche_abundance_coexistence
43,5,1.784351754247133,6.586821016408733,0.6374906316019116,0,1,niche_abundance_coexistence
44,5,1.7803981755967304,6.6345759701697675,0.6374906316019116,0,1,niche_abundance_coexistence
45,5,1.7775382482172064,6.680685827696636,0.6374906316019116,0,1,niche_abundance_coexistence
46,5,1.7748723179375179,6.725206802501938,0.6374906316019116,0,1,niche_abundance_coexistence
47,5,1.7729099758122884,6.768193252774349,0.6374906316019116,0,1,niche_abundance_coexistence
48,5,1.7721940196964059,6.809696843756941,0.6374906316019116,0,1,niche_abundance_coexistence
49,5,1.7717315915754546,6.849766905553067,0.6374906316019116,0,1,niche_abundance_coexistence
50,5,1.772052681181804,6.888452468751385,0.6374906316019116,0,1,niche_abundance_coexistence
51,5,1.773170033427963,6.925800931014983,0.6374906316019116,0,1,niche_abundance_coexistence
52,5,1.7750888138835892,6.9618581241597735,0.6374906316019116,0,1,niche_abundance_coexistence
53,5,1.7781534304157525,6.996668371846778,0.6374906316019116,0,1,niche_abundance_coexistence
54,5,1.7816600441245984,7.030274531160322,0.6374906316019116,0,1,niche_abundance_coexistence
55,5,1.7859359135768667,7.062717426213612,0.6374906316019116,0,1,niche_abundance_coexistence
56,5,1.7907587505662579,7.094039185994374,0.6374906316019116,0,1,niche_abundance_coexistence
57,5,1.7963531314078423,7.124274809261517,0.6374906316019116,0,1,niche_abundance_coexistence
58,5,1.8025953135485686,7.153463292395874,0.6374906316019116,0,1,niche_abundance_coexistence
59,5,1.8094340306798298,7.181641183916983,0.6374906316019116,0,1,niche_abundance_coexistence
60,5,1.8168109990422352,7.208842995225117,0.6374906316019116,0,1,niche_abundance_coexistence
61,5,1.8246615022860144,7.235102959910298,0.6374906316019116,0,1,niche_abundance_coexistence
62,5,1.8329151157815153,7.26045442415655,0.6374906316019116,0,1,niche_abundance_coexistence
63,5,1.8414965642043422,7.284929660319154,0.6374906316019116,0,1,niche_abundance_coexistence
64,5,1.8503267127789091,7.308559890281528,0.6374906316019116,0,1,niche_abundance_coexistence
65,5,1.8593236880663642,7.331375306062713,0.6374906316019116,0,1,niche_abundance_coexistence
66,5,1.8684041189023155,7.353405087888501,0.6374906316019116,0,1,niche_abundance_coexistence
67,5,1.8774844830707076,7.37467742000669,0.6374906316019116,0,1,niche_abundance_coexistence
68,5,1.8864825400204153,7.395219504596448,0.6404509975840484,0,2,niche_abundance_coexistence
69,5,1.895881028777246,7.415049141127555,0.6459877117381903,0,2,niche_abundance_coexistence
70,5,1.9049936810090484,7.434200450949053,0.6459877117381903,0,2,niche_abundance_coexistence
71,5,1.9137914393880955,7.452697766820219,0.6459877117381903,0,2,niche_abundance_coexistence
72,5,1.9222111134477666,7.470564483472101,0.6459877117381903,0,2,niche_abundance_coexistence
73,5,1.9301983663455096,7.487823068413768,0.6459877117381903,0,2,niche_abundance_coexistence
74,5,1.9377090250933946,7.504495074455004,0.6459877117381903,0,2,niche_abundance_coexistence
75,5,1.945079298200504,7.520601147135919,0.6459877117381903,0,2,niche_abundance_coexistence
76,5,1.9515541148862279,7.536159548275192,0.6459877117381903,0,2,niche_abundance_coexistence
77,5,1.957491162428591,7.551189301333909,0.6459877117381903,0,2,niche_abundance_coexistence
78,5,1.9628963107690263,7.565708553860617,0.6459877117381903,0,2,niche_abundance_coexistence
79,5,1.9677891154274043,7.579733508398105,0.6459877117381903,0,2,niche_abundance_coexistence
80,5,1.9722027483012914,7.593280739476386,0.645241085339493,0,2,niche_abundance_coexistence
81,5,1.9759802466316925,7.606369308318856,0.645241085339493,0,2,niche_abundance_coexistence
82,5,1.979387883265436,7.619011329134344,0.645241085339493,0,2,niche_abundance_coexistence
83,5,1.9824961060459274,7.6312214849746765,0.645241085339493,0,2,niche_abundance_coexistence
84,5,1.9853860265468883,7.6430138365771745,0.645241085339493,0,2,niche_abundance_coexistence
85,5,1.988148177050405,7.654401854785856,0.645241085339493,0,2,niche_abundance_coexistence
86,5,1.9908811179066086,7.665398453600119,0.645241085339493,0,2,niche_abundance_coexistence
87,5,1.9936899326193867,7.676016023448525,0.645241085339493,0,2,niche_abundance_coexistence
88,5,1.9966846482213354,7.686266464292236,0.645241085339493,0,2,niche_abundance_coexistence
89,5,1.9999786169813603,7.696161218189668,0.645241085339493,0,2,niche_abundance_coexistence
90,5,2.0041858645518578,7.705711300997975,0.645241085339493,0,2,niche_abundance_coexistence
91,5,2.008424931784027,7.71492731705142,0.645241085339493,0,2,niche_abundance_coexistence
92,5,2.0133073315600374,7.723819535164501,0.645241085339493,0,2,niche_abundance_coexistence
93,5,2.0189438517563505,7.732397870327842,0.645241085339493,0,2,niche_abundance_coexistence
94,5,2.0254409255627626,7.740671398009821,0.645241085339493,0,2,niche_abundance_coexistence
95,5,2.032899303519366,7.748648179527991,0.6525233201218553,0,3,niche_abundance_coexistence
96,5,2.041446001043513,7.756336670616498,0.6525233201218553,0,3,niche_abundance_coexistence
97,5,2.0511351777610205,7.7637460990022396,0.6525233201218553,0,3,niche_abundance_coexistence
98,5,2.062568783603863,7.7708838122387345,0.6525233201218553,0,3,niche_abundance_coexistence
99,5,2.0747665605534564,7.777757439827733,0.6525233201218553,0,3,niche_abundance_coexistence
100,5,2.088306128197645,7.784375270420895,0.6525233201218553,0,3,niche_abundance_coexistence
101,5,2.1032311934966805,7.790745429529441,0.6525233201218553,0,3,niche_abundance_coexistence
102,5,2.1195728067606336,7.796875945306163,0.6525233201218553,0,3,niche_abundance_coexistence
103,5,2.137348663400445,7.802774762723345,0.6525233201218553,0,3,niche_abundance_coexistence
104,5,2.156643071736781,7.808449756183774,0.6525233201218553,0,3,niche_abundance_coexistence
105,5,2.177284198953006,7.81390873625559,0.6525233201218553,0,3,niche_abundance_coexistence
106,5,2.199326825549001,7.819159471135232,0.6525233201218553,0,3,niche_abundance_coexistence
107,5,2.222730019145645,7.82420968131304,0.6525531545342901,0,3,niche_abundance_coexistence
108,5,2.2464519029415415,7.829081831733598,0.6525531545342901,0,3,niche_abundance_coexistence
109,5,2.271372223875183,7.833768788777097,0.6525531545342901,0,3,niche_abundance_coexistence
110,5,2.297405300881345,7.838278141496099,0.6525531545342901,0,3,niche_abundance_coexistence
111,5,2.324788057417263,7.842617428302008,0.6525531545342901,0,3,niche_abundance_coexistence
112,5,2.3527367201096845,7.846794085283654,0.6525531545342901,0,3,niche_abundance_coexistence
113,5,2.381459889855001,7.850815561283473,0.6525531545342901,0,3,niche_abundance_coexistence
114,5,2.4108213743615416,7.85468917107033,0.6525531545342901,0,3,niche_abundance_coexistence
115,5,2.440675921924638,7.858422116266186,0.6525531545342901,0,3,niche_abundance_coexistence
116,5,2.470871317511755,7.862021458736989,0.6525531545342901,0,3,niche_abundance_coexistence
117,5,2.5012508105410385,7.86549408987011,0.6525531545342901,0,3,niche_abundance_coexistence
118,5,2.5316558507336606,7.868846696217653,0.6525531545342901,0,3,niche_abundance_coexistence
119,5,2.561929092900438,7.872085722202028,0.6525531545342901,0,3,niche_abundance_coexistence
120,5,2.591917615783909,7.875217330793484,0.6525531545342901,0,3,niche_abundance_coexistence
121,5,2.6214762851022644,7.87824736326427,0.6525531545342901,0,3,niche_abundance_coexistence
122,5,2.6504711777917773,7.881181299285464,0.6525531545342901,0,3,niche_abundance_coexistence
123,5,2.6787829741747706,7.884024218745458,0.6525531545342901,0,3,niche_abundance_coexistence
124,5,2.7063102183473284,7.886780766720962,0.6579841388295529,0,3,niche_abundance_coexistence
125,5,2.733171741674976,7.889452132066304,0.6579841388295529,0,3,niche_abundance_coexistence
126,5,2.759109032059856,7.892045130265743,0.6531275030765528,0,3,niche_abundance_coexistence
127,5,2.783757184279146,7.894567946038684,0.6531275030765528,0,3,niche_abundance_coexistence
128,5,2.80744069173219,7.8970181491592175,0.6531275030765528,0,3,niche_abundance_coexistence
129,5,2.8301852952500566,7.899397823262214,0.6531275030765528,0,3,niche_abundance_coexistence
130,5,2.8521138559400416,7.901706954896584,0.6531275030765528,0,3,niche_abundance_coexistence
131,5,2.8731751422903944,7.903946894464276,0.6531275030765528,0,3,niche_abundance_coexistence
132,5,2.8935503238941385,7.906118543956588,0.6531275030765528,0,3,niche_abundance_coexistence
133,5,2.913380201973247,7.908222389010618,0.6531275030765528,0,3,niche_abundance_coexistence
134,5,2.9328314508783984,7.910258533136611,0.6531275030765528,0,3,niche_abundance_coexistence
135,5,2.952094470179241,7.912226738187609,0.6531275030765528,0,3,niche_abundance_coexistence
136,5,2.971380865732144,7.9141264687851605,0.6531275030765528,0,3,niche_abundance_coexistence
137,5,2.990920644789145,7.91595693939988,0.6531275030765528,0,3,niche_abundance_coexistence
138,5,3.0109592114587613,7.917717162806307,0.6531275030765528,0,3,niche_abundance_coexistence
139,5,3.0317542451265442,7.919405998722681,0.6531275030765528,0,3,niche_abundance_coexistence
140,5,3.0535725363740456,7.921022201597329,0.6531275030765528,0,3,niche_abundance_coexistence
141,5,3.076686843344294,7.92256446670054,0.6531275030765528,0,3,niche_abundance_coexistence
142,5,3.1013728174103994,7.92403147390793,0.6531275030765528,0,3,niche_abundance_coexistence
143,5,3.1279060315178153,7.925421928801598,0.6531275030765528,0,3,niche_abundance_coexistence
144,5,3.1565591287986448,7.926734600952416,0.6531275030765528,0,3,niche_abundance_coexistence
145,5,3.187599094039708,7.927968359465638,0.6531275030765528,0,3,niche_abundance_coexistence
146,5,3.2212846316459154,7.929121521101518,0.6531275030765528,0,3,niche_abundance_coexistence
147,5,3.2578636336289835,7.930192052988524,0.6531275030765528,0,3,niche_abundance_coexistence
148,5,3.2975707223384383,7.931179282781792,0.6531275030765528,0,3,niche_abundance_coexistence
149,5,3.3406248131898564,7.932082790654699,0.6531275030765528,0,3,niche_abundance_coexistence
150,5,3.3872266697227924,7.932902437362407,0.6531275030765528,0,3,niche_abundance_coexistence
151,5,3.437556420940425,7.933638391993106,0.6531275030765528,0,3,niche_abundance_coexistence
152,5,3.491771017637744,7.9342911597636245,0.6531275030765528,0,3,niche_abundance_coexistence
153,5,3.5500016157988683,7.934861610032649,0.6531275030765528,0,3,niche_abundance_coexistence
154,5,3.612797805754839,7.935351004472565,0.6531275030765528,0,3,niche_abundance_coexistence
155,5,3.6793567535551097,7.935760731498746,0.6531275030765528,0,3,niche_abundance_coexistence
156,5,3.7501447319093333,7.936093203338325,0.6531275030765528,0,3,niche_abundance_coexistence
157,5,3.825162656066634,7.9363510220001485,0.6531275030765528,0,3,niche_abundance_coexistence
158,5,3.9048191799785945,7.936537284886813,0.6531275030765528,0,3,niche_abundance_coexistence
159,5,3.9879604157024184,7.936658307233916,0.6531275030765528,0,3,niche_abundance_coexistence
160,5,4.075087525544147,7.936715472374123,0.6531275030765528,0,3,niche_abundance_coexistence
161,5,4.166033340945076,7.936713435932406,0.6531275030765528,0,3,niche_abundance_coexistence
162,5,4.26058552627763,7.936657371047847,0.6531275030765528,0,3,niche_abundance_coexistence
163,5,4.358486868571284,7.936552946984753,0.6531275030765528,0,3,niche_abundance_coexistence
164,5,4.459436628581108,7.936406292548534,0.6531275030765528,0,3,niche_abundance_coexistence
165,5,4.563093108323852,7.936223942489323,0.6531275030765528,0,3,niche_abundance_coexistence
166,5,4.669077563601467,7.9360127655375745,0.6531275030765528,0,3,niche_abundance_coexistence
167,5,4.776979550843911,7.93577987335035,0.6531275030765528,0,3,niche_abundance_coexistence
168,5,4.886363746300555,7.935532510441692,0.6531275030765528,0,3,niche_abundance_coexistence
169,5,4.9967782137398284,7.935277926096699,0.6640511289916168,0,4,niche_abundance_coexistence
170,5,5.10860542687743,7.935010609284806,0.6640511289916168,0,4,niche_abundance_coexistence
171,5,5.220547234128854,7.934750452280428,0.6640511289916168,0,4,niche_abundance_coexistence
172,5,5.333075311490158,7.934490122606097,0.6640511289916168,0,4,niche_abundance_coexistence
173,5,5.444862702617928,7.934249524090982,0.6640511289916168,0,4,niche_abundance_coexistence
174,5,5.555533221842822,7.934033621462939,0.6640511289916168,0,4,niche_abundance_coexistence
175,5,5.664764441744744,7.933846408027619,0.6640511289916168,0,4,niche_abundance_coexistence
176,5,5.77229984867806,7.933690756527756,0.6640511289916168,0,4,niche_abundance_coexistence
177,5,5.877959972089617,7.933565950676287,0.6640511289916168,0,4,niche_abundance_coexistence
178,5,5.982108620007203,7.933472301333819,0.6640511289916168,0,4,niche_abundance_coexistence
179,5,6.083841324697363,7.933408747859826,0.6640511289916168,0,4,niche_abundance_coexistence
180,5,6.183712031425115,7.933372968254448,0.6640511289916168,0,4,niche_abundance_coexistence
181,5,6.281929646402548,7.93336108343426,0.6640511289916168,0,4,niche_abundance_coexistence
182,5,6.378810149293646,7.933367772073934,0.6640511289916168,0,4,niche_abundance_coexistence
183,5,6.474776269483954,7.933386320273845,0.6640511289916168,0,4,niche_abundance_coexistence
184,5,6.570355125770067,7.933408699656978,0.6640511289916168,0,4,niche_abundance_coexistence
185,5,6.666174037930616,7.933425669917174,0.6640511289916168,0,4,niche_abundance_coexistence
186,5,6.762954781921565,7.933426901027887,0.6640511289916168,0,4,niche_abundance_coexistence
187,5,6.861506601261399,7.933401109867964,0.6436978049186936,0,5,niche_abundance_coexistence
188,5,6.962765507330225,7.933336205946525,0.6436317164259051,0,5,niche_abundance_coexistence
189,5,7.0676423560668535,7.933219443222391,0.6569474277217323,0,6,niche_abundance_coexistence
190,5,7.176954203638388,7.933040659291505,0.6572606420049407,0,6,niche_abundance_coexistence
191,5,7.290966401467921,7.932798285569394,0.6572606420049407,0,6,niche_abundance_coexistence
192,5,7.411773817147533,7.9324633457777765,0.6572606420049407,0,6,niche_abundance_coexistence
193,5,7.540525952187082,7.9320220106849515,0.6572606420049407,0,6,niche_abundance_coexistence
194,5,7.679618585362105,7.931442202832216,0.6572606420049407,0,6,niche_abundance_coexistence
195,5,7.829089673684852,7.930728277760774,0.6572606420049407,0,6,niche_abundance_coexistence
196,5,7.9901540755377125,7.929866756840976,0.6572606420049407,0,6,niche_abundance_coexistence
197,5,8.164030017664402,7.9288445368996054,0.6621790613037015,0,6,niche_abundance_coexistence
198,5,8.347329821104177,7.927718014781076,0.6621790613037015,0,6,niche_abundance_coexistence
199,5,8.545358462481994,7.926411235292443,0.6621790613037015,0,6,niche_abundance_coexistence
200,5,8.75922841330662,7.924913686052488,0.6621790613037015,0,6,niche_abundance_coexistence
201,5,8.990010229062953,7.923215804029739,0.6621790613037015,0,6,niche_abundance_coexistence
202,5,9.238719301093207,7.921309141970857,0.6621790613037015,0,6,niche_abundance_coexistence
203,5,9.506300836795905,7.91918585229385,0.6621790613037015,0,6,niche_abundance_coexistence
204,5,9.79361299532226,7.916839718843498,0.6621790613037015,0,6,niche_abundance_coexistence
205,5,10.045554398901483,7.914267083893967,0.6621790613037015,0,6,niche_abundance_coexistence
206,5,10.065235473223305,7.911494898846232,0.6596681873404726,0,6,niche_abundance_coexistence
207,5,10.086032401401807,7.90865978105053,0.6596681873404726,0,6,niche_abundance_coexistence
208,5,10.108014706890671,7.905776380002391,0.6596681873404726,0,6,niche_abundance_coexistence
209,5,10.131379279958859,7.902862910910609,0.6596681873404726,0,6,niche_abundance_coexistence
210,5,10.155453350201626,7.899938586209742,0.6600321773895749,0,7,niche_abundance_coexistence
211,5,10.180510136848689,7.8970218203949365,0.6600321773895749,0,7,niche_abundance_coexistence
212,5,10.206536845260814,7.894134752479495,0.6600321773895749,0,7,niche_abundance_coexistence
213,5,10.232942111929152,7.891297054213089,0.6600321773895749,0,7,niche_abundance_coexistence
214,5,10.259791993814849,7.888529936386912,0.6600321773895749,0,7,niche_abundance_coexistence
215,5,10.286924967082848,7.885853146841123,0.6600321773895749,0,7,niche_abundance_coexistence
216,5,10.314174146795027,7.883285531759577,0.6600321773895749,0,7,niche_abundance_coexistence
217,5,10.341370040321301,7.880844710338999,0.6600321773895749,0,7,niche_abundance_coexistence
218,5,10.368343572091577,7.878546762769715,0.6600321773895749,0,7,niche_abundance_coexistence
219,5,10.394929326383764,7.876405936674936,0.6600321773895749,0,7,niche_abundance_coexistence
220,5,10.420968939763796,7.874434377066983,0.6600321773895749,0,7,niche_abundance_coexistence
221,5,10.44631456137709,7.872641884701896,0.6600321773895749,0,7,niche_abundance_coexistence
222,5,10.470832286102196,7.871035347594142,0.6600321773895749,0,7,niche_abundance_coexistence
223,5,10.494405455652483,7.869617458706162,0.6600321773895749,0,7,niche_abundance_coexistence
224,5,10.516937755064335,7.868389896528466,0.6600321773895749,0,7,niche_abundance_coexistence
225,5,10.538466171068045,7.867351436289739,0.6600321773895748,0,8,niche_abundance_coexistence
226,5,10.558651926364492,7.866498966575748,0.6600321773895748,0,8,niche_abundance_coexistence
227,5,10.577655332595107,7.865824284808765,0.6600321773895748,0,8,niche_abundance_coexistence
228,5,10.595484569924487,7.865317404767948,0.6600321773895748,0,8,niche_abundance_coexistence
229,5,10.612177011797517,7.86496556364215,0.6600321773895748,0,8,niche_abundance_coexistence
230,5,10.627799265644676,7.864753373380929,0.6600321773895748,0,8,niche_abundance_coexistence
231,5,10.642610814764842,7.864663017585967,0.6600321773895748,0,8,niche_abundance_coexistence
232,5,10.656408568688102,7.8646740676455495,0.6600321773895748,0,8,niche_abundance_coexistence
233,5,10.669923708335707,7.864765051953552,0.6600321773895748,0,8,niche_abundance_coexistence
234,5,10.682491378628752,7.864912396299367,0.6600321773895748,0,8,niche_abundance_coexistence
235,5,10.694720288307273,7.865091398021886,0.6600321773895748,0,8,niche_abundance_coexistence
236,5,10.706821476766176,7.86527640591713,0.6600321773895748,0,8,niche_abundance_coexistence
237,5,10.71902084369815,7.865441270137765,0.6600321773895748,0,8,niche_abundance_coexistence
238,5,10.73155586052142,7.8655597403875275,0.6600321773895748,0,8,niche_abundance_coexistence
239,5,10.744672229718113,7.865605869699646,0.6600321773895748,0,8,niche_abundance_coexistence
240,5,10.758620565343849,7.86555441731656,0.6600321773895748,0,8,niche_abundance_coexistence
241,5,10.773653154915102,7.865381244263217,0.6600321773895748,0,8,niche_abundance_coexistence
242,5,10.79002084797664,7.865063695387723,0.6600321773895748,0,8,niche_abundance_coexistence
243,5,10.80797010101978,7.864580961919703,0.6600321773895748,0,8,niche_abundance_coexistence
244,5,10.827740193144232,7.8639144189566546,0.6600321773895748,0,8,niche_abundance_coexistence
245,5,10.849560612906021,7.863047932720295,0.6600321773895748,0,8,niche_abundance_coexistence
246,5,10.873648604994926,7.861968132917277,0.6600321773895748,0,8,niche_abundance_coexistence
247,5,10.900206856382125,7.860664646081182,0.6704685606811494,0,9,niche_abundance_coexistence
248,5,10.928602651838641,7.859142566015424,0.6704685606811494,0,9,niche_abundance_coexistence
249,5,10.959767856203687,7.85738609372788,0.6704685606811494,0,9,niche_abundance_coexistence
250,5,10.993843380331771,7.855394869630226,0.6704685606811494,0,9,niche_abundance_coexistence
251,5,11.03094709775646,7.853172011410948,0.6704685606811494,0,9,niche_abundance_coexistence
252,5,11.071171904228553,7.850724110902054,0.6704685606811494,0,9,niche_abundance_coexistence
253,5,11.114583808922859,7.8480611800515385,0.6704685606811494,0,9,niche_abundance_coexistence
254,5,11.161461484810792,7.845194943708814,0.6704685606811494,0,9,niche_abundance_coexistence
255,5,11.211974299333344,7.842140765926567,0.6704685606811494,0,9,niche_abundance_coexistence
256,5,11.265086325527042,7.838918549273125,0.6704685606811494,0,9,niche_abundance_coexistence
257,5,11.32134706168367,7.8355515035081,0.6704685606811494,0,9,niche_abundance_coexistence
258,5,11.380662367810876,7.8320644628970655,0.6704685606811494,0,9,niche_abundance_coexistence
259,5,11.443143693605984,7.828484357665981,0.7169210917021867,0,10,niche_abundance_coexistence
260,5,11.508221211729314,7.824838679640078,0.7169210917021867,0,10,niche_abundance_coexistence
261,5,11.57585467671198,7.821158576245788,0.7169210917021867,0,10,niche_abundance_coexistence
262,5,11.64580624551513,7.817474898693686,0.7169210917021867,0,10,niche_abundance_coexistence
263,5,11.717804402779388,7.8138189202058275,0.7169210917021867,0,10,niche_abundance_coexistence
264,5,11.79154648080629,7.810221858996315,0.7169210917021867,0,10,niche_abundance_coexistence
265,5,11.866702146709585,7.806714389012476,0.7169210917021867,0,10,niche_abundance_coexistence
266,5,11.942917903510383,7.803326144838184,0.7169210917021867,0,10,niche_abundance_coexistence
267,5,12.019822615106472,7.800085227634523,0.7169210917021867,0,10,niche_abundance_coexistence
268,5,12.09777269025014,7.797017719445293,0.7169210917021867,0,10,niche_abundance_coexistence
269,5,12.1749539038071,7.794145616063786,0.7169210917021867,0,10,niche_abundance_coexistence
270,5,12.251675325399544,7.791491226465532,0.7169210917021867,0,10,niche_abundance_coexistence
271,5,12.32756859625008,7.789071078487397,0.7169210917021867,0,10,niche_abundance_coexistence
272,5,12.402287797659593,7.786897423446912,0.7169210917021867,0,10,niche_abundance_coexistence
273,5,12.475518755963662,7.784979793478132,0.7169210917021867,0,10,niche_abundance_coexistence
274,5,12.546988147809508,7.783323447960343,0.7169210917021867,0,10,niche_abundance_coexistence
275,5,12.616713557634343,7.781929170426633,0.7169210917021867,0,10,niche_abundance_coexistence
276,5,12.684063457406468,7.780792102221266,0.7169210917021867,0,10,niche_abundance_coexistence
277,5,12.749159078019447,7.779904830536665,0.7169210917021867,0,10,niche_abundance_coexistence
278,5,12.81196762780956,7.779254208427773,0.7169210917021867,0,10,niche_abundance_coexistence
279,5,12.872529999226986,7.778822536968343,0.7169210917021867,0,10,niche_abundance_coexistence
280,5,12.930963203798415,7.778587744305589,0.7169210917021867,0,10,niche_abundance_coexistence
281,5,12.987461147160005,7.778523643455154,0.7169210917021867,0,10,niche_abundance_coexistence
282,5,13.042293757291498,7.778600265411084,0.7169210917021867,0,10,niche_abundance_coexistence
283,5,13.095804547067978,7.778784262383404,0.7169210917021867,0,10,niche_abundance_coexistence
284,5,13.148957700912506,7.779039374367038,0.7318546409854337,0,11,niche_abundance_coexistence
285,5,13.200509504905318,7.7793362739457015,0.7318546409854337,0,11,niche_abundance_coexistence
286,5,13.252160966647262,7.779624894329746,0.7318546409854337,0,11,niche_abundance_coexistence
287,5,13.304497542294001,7.7798635904775395,0.7318546409854337,0,11,niche_abundance_coexistence
288,5,13.358148561510959,7.780010130097597,0.7318546409854337,0,11,niche_abundance_coexistence
289,5,13.413779596108327,7.780022335423535,0.7318546409854337,0,11,niche_abundance_coexistence
290,5,13.472084757904625,7.779858728251527,0.7318546409854337,0,11,niche_abundance_coexistence
291,5,13.53377909305345,7.779479167739122,0.7318546409854337,0,11,niche_abundance_coexistence
292,5,13.599591194130596,7.778845470984186,0.7318546409854337,0,11,niche_abundance_coexistence
293,5,13.670256101116745,7.7779220070921316,0.7318546409854337,0,11,niche_abundance_coexistence
294,5,13.746508511539433,7.776676256256755,0.7318546409854337,0,11,niche_abundance_coexistence
295,5,13.829076271735872,7.775079326285736,0.7318546409854337,0,11,niche_abundance_coexistence
296,5,13.918674078357016,7.7731064199608495,0.7318546409854337,0,11,niche_abundance_coexistence
297,5,14.015997284276695,7.770737247604367,0.735390787764869,0,11,niche_abundance_coexistence
298,5,14.121637218245194,7.767956380199976,0.735390787764869,0,11,niche_abundance_coexistence
299,5,14.236308774279475,7.7647535321847565,0.735390787764869,0,11,niche_abundance_coexistence
300,5,14.360611047011389,7.761123799774301,0.735390787764869,0,11,niche_abundance_coexistence
301,5,14.495097339630128,7.757067809889124,0.735390787764869,0,11,niche_abundance_coexistence
302,5,14.640267442266449,7.75259180707702,0.735390787764869,0,11,niche_abundance_coexistence
303,5,14.796559277801876,7.747707670658244,0.735390787764869,0,11,niche_abundance_coexistence
304,5,14.964608225775525,7.742432861988988,0.735390787764869,0,11,niche_abundance_coexistence
305,5,15.144184609450624,7.73679001746943,0.735390787764869,0,11,niche_abundance_coexistence
306,5,15.33573406824736,7.730807596967741,0.735390787764869,0,11,niche_abundance_coexistence
307,5,15.53935175610126,7.72451879695537,0.735390787764869,0,11,niche_abundance_coexistence
308,5,15.755167952687527,7.7179614942869925,0.735390787764869,0,11,niche_abundance_coexistence
309,5,15.982762145523985,7.711177064302081,0.735390787764869,0,11,niche_abundance_coexistence
310,5,16.222003946564612,7.704212286573018,0.735390787764869,0,11,niche_abundance_coexistence
311,5,16.472487997393728,7.697116440382218,0.735390787764869,0,11,niche_abundance_coexistence
312,5,16.733665714472266,7.689941502894304,0.735390787764869,0,11,niche_abundance_coexistence
313,5,17.00484261013956,7.682741487962894,0.735390787764869,0,11,niche_abundance_coexistence
314,5,17.28573000178283,7.675571720753349,0.735390787764869,0,11,niche_abundance_coexistence
315,5,17.574327575768482,7.668486855908272,0.735390787764869,0,11,niche_abundance_coexistence
316,5,17.869998190805273,7.6615436016915135,0.735390787764869,0,11,niche_abundance_coexistence
317,5,18.17151456980558,7.65479627424059,0.735390787764869,0,12,niche_abundance_coexistence
318,5,18.477444695701923,7.648297035423684,0.735390787764869,0,12,niche_abundance_coexistence
319,5,18.781824582907703,7.642094910278492,0.735390787764869,0,12,niche_abundance_coexistence
320,5,18.824879126376338,7.636236600869178,0.735390787764869,0,12,niche_abundance_coexistence
321,5,18.867080164963742,7.630857746040918,0.735390787764869,0,12,niche_abundance_coexistence
322,5,18.908207183214568,7.625980837005376,0.735390787764869,0,12,niche_abundance_coexistence
323,5,18.94806376382808,7.62162056778314,0.735390787764869,0,12,niche_abundance_coexistence
324,5,18.986483118899542,7.617783423685105,0.735390787764869,0,12,niche_abundance_coexistence
325,5,19.0234673497091,7.614467387776162,0.735390787764869,0,12,niche_abundance_coexistence
326,5,19.058654931149835,7.611661412811928,0.7348173446701962,0,13,niche_abundance_coexistence
327,5,19.092167537934447,7.609346482829681,0.7348173446701962,0,13,niche_abundance_coexistence
328,5,19.123962691414963,7.607494594188845,0.7348173446701962,0,13,niche_abundance_coexistence
329,5,19.154083673816157,7.606069359757509,0.7348173446701962,0,13,niche_abundance_coexistence
330,5,19.182906880521195,7.60502638284898,0.7348173446701962,0,13,niche_abundance_coexistence
331,5,19.21000074243798,7.604313087509505,0.7348173446701962,0,13,niche_abundance_coexistence
332,5,19.235837395726495,7.603871400021767,0.7348173446701962,0,13,niche_abundance_coexistence
333,5,19.26064710613436,7.603636416016639,0.7348173446701962,0,13,niche_abundance_coexistence
334,5,19.284701147759453,7.6035379760315935,0.7348173446701962,0,13,niche_abundance_coexistence
335,5,19.30830787379691,7.603501634673342,0.7348173446701962,0,13,niche_abundance_coexistence
336,5,19.331808216124276,7.603449719109603,0.7348173446701962,0,13,niche_abundance_coexistence
337,5,19.355570775241215,7.603302462198896,0.7348173446701962,0,13,niche_abundance_coexistence
338,5,19.379986659970225,7.602979193983334,0.7348173446701962,0,13,niche_abundance_coexistence
339,5,19.405464224872205,7.602399573904436,0.7348173446701962,0,13,niche_abundance_coexistence
340,5,19.432423833929835,7.601484844982436,0.7348173446701962,0,13,niche_abundance_coexistence
341,5,19.461292753569854,7.6001590903503775,0.7348173446701962,0,13,niche_abundance_coexistence
342,5,19.492500248685673,7.5983504719793045,0.7348173446701962,0,13,niche_abundance_coexistence
343,5,19.526472924241162,7.595992431192607,0.7348173446701962,0,13,niche_abundance_coexistence
344,5,19.563630324477035,7.593024830666912,0.7348173446701962,0,13,niche_abundance_coexistence
345,5,19.60438077369757,7.589395018071312,0.7348173446701962,0,13,niche_abundance_coexistence
346,5,19.649117418791626,7.58505879231861,0.7348173446701962,0,13,niche_abundance_coexistence
347,5,19.69821441540015,7.579981254596596,0.7348173446701962,0,13,niche_abundance_coexistence
348,5,19.75202318798909,7.57413752790968,0.735287949919917,0,13,niche_abundance_coexistence
349,5,19.8106204804554,7.564391508892155,0.735287949919917,0,13,niche_abundance_coexistence
350,5,19.874496414460847,7.553787607400182,0.735287949919917,0,13,niche_abundance_coexistence
351,5,19.943904087870504,7.542329094234858,0.7331353245168853,0,13,niche_abundance_coexistence
352,5,20.019075724559727,7.530979018203301,0.7331353245168853,0,13,niche_abundance_coexistence
353,5,20.100184962391282,7.518835844647671,0.7331353245168853,0,13,niche_abundance_coexistence
354,5,20.187357349276787,7.505941114771656,0.7331353245168853,0,13,niche_abundance_coexistence
355,5,20.28066630000118,7.492348090648686,0.7331353245168853,0,13,niche_abundance_coexistence
356,5,20.38040318435751,7.478121123106954,0.7331353245168853,0,13,niche_abundance_coexistence
357,5,20.486011561798396,7.463333291614106,0.7302670965542355,0,13,niche_abundance_coexistence
358,5,20.597800864085407,7.443979124512413,0.7302670965542355,0,13,niche_abundance_coexistence
359,5,20.715008238713725,7.4242272363564785,0.7302670965542355,0,13,niche_abundance_coexistence
360,5,20.837656204004443,7.404183854264456,0.7319250892508886,0,13,niche_abundance_coexistence
361,5,20.965371991742238,7.3826894662115885,0.7319250892508886,0,13,niche_abundance_coexistence
362,5,21.097743200902727,7.361156839205991,0.7336007685033131,0,13,niche_abundance_coexistence
363,5,21.23418060495111,7.3363246574887695,0.7336007685033131,0,13,niche_abundance_coexistence
364,5,21.374122451310388,7.311704562093092,0.7336007685033131,0,13,niche_abundance_coexistence
365,5,21.516948054090246,7.287423710731471,0.7336007685033131,0,13,niche_abundance_coexistence
366,5,21.662142043109387,7.263606308228591,0.7336007685033131,0,13,niche_abundance_coexistence
367,5,21.808700329031442,7.240369762301883,0.7336007685033131,0,13,niche_abundance_coexistence
368,5,21.95600996519106,7.217827355749423,0.7336007685033131,0,13,niche_abundance_coexistence
369,5,22.103311970092328,7.196081144623367,0.7336007685033131,0,13,niche_abundance_coexistence
370,5,22.249849736307635,7.175221512031406,0.7336007685033131,0,13,niche_abundance_coexistence
371,5,22.394887075219213,7.155325169058899,0.7336007685033131,0,13,niche_abundance_coexistence
372,5,22.537727137739353,7.136453286768275,0.7336007685033131,0,13,niche_abundance_coexistence
373,5,22.677731637458823,7.118649787381021,0.7336007685033131,0,13,niche_abundance_coexistence
374,5,22.814339749489193,7.101939821714269,0.7336007685033131,0,13,niche_abundance_coexistence
375,5,22.947086036361476,7.086328458712065,0.7336007685033131,0,13,niche_abundance_coexistence
376,5,23.07561676496723,7.071799611482209,0.7336007685033131,0,13,niche_abundance_coexistence
377,5,23.200000343185877,7.058814662159123,0.7336007685033131,0,13,niche_abundance_coexistence
378,5,23.31965936610711,7.047429996180637,0.7336007685033131,0,13,niche_abundance_coexistence
379,5,23.43490351383774,7.037529926696857,0.7336007685033131,0,13,niche_abundance_coexistence
380,5,23.545959055181434,7.02897902320738,0.7336007685033131,0,13,niche_abundance_coexistence
381,5,23.65320345610162,7.02162524409486,0.7336007685033131,0,13,niche_abundance_coexistence
382,5,23.757163947767683,7.015301698481852,0.7336007685033131,0,13,niche_abundance_coexistence
383,5,23.85880073645531,7.009828683815722,0.7336007685033131,0,13,niche_abundance_coexistence
384,5,23.95834536877417,7.00501517078046,0.7336007685033131,0,13,niche_abundance_coexistence
385,5,24.057128089953917,7.000663782151104,0.7337402462603383,0,13,niche_abundance_coexistence
386,5,24.177546829560036,6.99644443071306,0.7483983609374891,0,14,niche_abundance_coexistence
387,5,24.24180100142756,6.992470502562713,0.7483983609374891,0,14,niche_abundance_coexistence
388,5,24.239520517529265,6.988532319920515,0.7483983609374891,0,14,niche_abundance_coexistence
389,5,24.23699051475695,6.984427475044572,0.7470577360461463,0,14,niche_abundance_coexistence
390,5,24.23451105732054,6.980609911560146,0.7470577360461463,0,14,niche_abundance_coexistence
391,5,24.232091509831736,6.9762278517940235,0.7470577360461463,0,14,niche_abundance_coexistence
392,5,24.22974008276943,6.971116653386163,0.7470577360461463,0,14,niche_abundance_coexistence
393,5,24.227463958626164,6.965129587873217,0.7470577360461463,0,14,niche_abundance_coexistence
394,5,24.22526920796648,6.958140072139894,0.7470577360461463,0,14,niche_abundance_coexistence
395,5,24.223160724684504,6.9500436081184205,0.7470577360461463,0,14,niche_abundance_coexistence
396,5,24.221142180516438,6.940759383170001,0.7470577360461463,0,14,niche_abundance_coexistence
397,5,24.219215998565424,6.9302314896086585,0.7470577360461463,0,14,niche_abundance_coexistence
398,5,24.217383345349685,6.918429729541061,0.7470577360461463,0,14,niche_abundance_coexistence
399,5,24.21564414068918,6.905349980367185,0.7470577360461463,0,14,niche_abundance_coexistence
0,5,2.3173239643658796,1.66755,0.6319660985396267,0,0,hgt_without_fusion
1,5,2.2983193767064733,1.828816875,0.6472366905309107,0,1,hgt_without_fusion
2,5,2.2805811833334966,1.9840362421875,0.647561170881483,0,2,hgt_without_fusion
3,5,2.2642166332456304,2.1334348831054686,0.6503336994838362,0,3,hgt_without_fusion
4,5,2.2490697826750377,2.2772303671315823,0.650977431014248,0,4,hgt_without_fusion
5,5,2.235240222689268,2.415626207568999,0.650977431014248,0,4,hgt_without_fusion
6,5,2.222616482772029,2.5488248843116135,0.650977431014248,0,4,hgt_without_fusion
7,5,2.211228475435909,2.6770213193608727,0.654577468372382,0,5,hgt_without_fusion
8,5,2.2010923797670094,2.800403164278792,0.654577468372382,0,5,hgt_without_fusion
9,5,2.192122442419607,2.9191510754840224,0.6615479223356519,0,6,hgt_without_fusion
10,5,2.184533934019775,3.033436301132734,0.6764362041682725,0,7,hgt_without_fusion
11,5,2.1779616179071293,3.143424102320976,0.6887058622063955,0,8,hgt_without_fusion
12,5,2.172496423094017,3.2492761879318466,0.6776049699071753,0,9,hgt_without_fusion
13,5,2.1672419357762105,3.3511593494913003,0.6776049699071753,0,9,hgt_without_fusion
14,5,2.1628292253294967,3.4492126089257766,0.6688323306458235,0,10,hgt_without_fusion
15,5,2.158733624905353,3.543587098292001,0.6688323306458235,0,10,hgt_without_fusion
16,5,2.1553148492580654,3.6344150269769315,0.6688323306458235,0,10,hgt_without_fusion
17,5,2.1524931866444637,3.721830239218755,0.6688323306458235,0,11,hgt_without_fusion
18,5,2.1503809399912837,3.805961589431579,0.6890700804367419,0,12,hgt_without_fusion
19,5,2.1471846133995482,3.8869485039810847,0.6890700804367419,0,12,hgt_without_fusion
20,5,2.1443188763325263,3.9648948512679323,0.6890700804367419,0,12,hgt_without_fusion
21,5,2.1417108389634016,4.039915492337842,0.6890700804367419,0,12,hgt_without_fusion
22,5,2.1392921471870854,4.112120941118536,0.6940931178214788,0,13,hgt_without_fusion
23,5,2.1370468425195908,4.181621292420946,0.6986524849238377,0,14,hgt_without_fusion
24,5,2.134589816901252,4.2485148940307615,0.6986524849238377,0,14,hgt_without_fusion
25,5,2.1321555681230873,4.312900079267879,0.6986524849238377,0,14,hgt_without_fusion
26,5,2.129707971826465,4.374871365459504,0.6986524849238377,0,14,hgt_without_fusion
27,5,2.1272218137685073,4.43451959842332,0.7103445820705627,0,15,hgt_without_fusion
28,5,2.124262867361815,4.491938388669264,0.7055926094203144,0,16,hgt_without_fusion
29,5,2.1213464500894403,4.54720503322176,0.7103445820705627,0,17,hgt_without_fusion
30,5,2.1176756417006386,4.600410792260985,0.7100822115668352,0,18,hgt_without_fusion
31,5,2.1140209930269283,4.651622069083601,0.7100822115668352,0,18,hgt_without_fusion
32,5,2.110379142018715,4.700913219485128,0.7100822115668352,0,18,hgt_without_fusion
33,5,2.1067991826296057,4.7483556539067715,0.7258183072107205,0,19,hgt_without_fusion
34,5,2.103334629256126,4.7940179525919735,0.713376606490715,0,20,hgt_without_fusion
35,5,2.1000978053363024,4.837965978495793,0.713376606490715,0,20,hgt_without_fusion
36,5,2.097136213804591,4.880262989177107,0.7134349057707094,0,21,hgt_without_fusion
37,5,2.0946044957964784,4.920968784721904,0.7134349057707094,0,22,hgt_without_fusion
38,5,2.0925951857749245,4.960141857808874,0.7206349804869776,0,23,hgt_without_fusion
39,5,2.091220978416074,4.997839154964569,0.7206349804869776,0,24,hgt_without_fusion
40,5,2.0901739589903365,5.034119893390818,0.7205766812069829,0,25,hgt_without_fusion
41,5,2.0894863612944445,5.069036915601116,0.7431298640710711,0,26,hgt_without_fusion
42,5,2.0898003944863404,5.102633725589106,0.7431298640710711,0,26,hgt_without_fusion
43,5,2.091109905734985,5.1349583125128575,0.7431298640710711,0,26,hgt_without_fusion
44,5,2.093527465991048,5.166056851615959,0.7431298640710711,0,26,hgt_without_fusion
45,5,2.097163818403568,5.195973789468189,0.7431298640710711,0,26,hgt_without_fusion
46,5,2.102126685838172,5.224751923972699,0.7431298640710711,0,26,hgt_without_fusion
47,5,2.1087306830456938,5.252432481085908,0.7431298640710711,0,26,hgt_without_fusion
48,5,2.1166557987105943,5.2790551291269585,0.7555715647910768,0,27,hgt_without_fusion
49,5,2.126206702972469,5.304658224354058,0.7555715647910768,0,27,hgt_without_fusion
50,5,2.1374631168091707,5.329278707735923,0.7555715647910768,0,27,hgt_without_fusion
51,5,2.1505013344556687,5.352952227202822,0.7555715647910768,0,27,hgt_without_fusion
52,5,2.1653882589056486,5.375713201817522,0.7555715647910768,0,27,hgt_without_fusion
53,5,2.1821803777144972,5.397594884052012,0.7491875733864712,0,28,hgt_without_fusion
54,5,2.2009777868862836,5.418629420361614,0.7491875733864712,0,28,hgt_without_fusion
55,5,2.221758946262172,5.438847911007024,0.7815166052705828,0,29,hgt_without_fusion
56,5,2.244366974452444,5.458280465339175,0.7815166052705828,0,30,hgt_without_fusion
57,5,2.2683446919486863,5.476965772915403,0.7792075922525691,0,30,hgt_without_fusion
58,5,2.29427899781977,5.4949227660948825,0.7792075922525691,0,30,hgt_without_fusion
59,5,2.3221445525933015,5.512178912062964,0.7792075922525691,0,30,hgt_without_fusion
60,5,2.3518964415244783,5.528760887553563,0.7792075922525691,0,30,hgt_without_fusion
61,5,2.3834723504352295,5.5446946205552825,0.7792075922525691,0,30,hgt_without_fusion
62,5,2.41679226678787,5.560005327041772,0.7940727783254518,0,31,hgt_without_fusion
63,5,2.445753276363461,5.5748077407679455,0.7940727783254518,0,31,hgt_without_fusion
64,5,2.475822631678116,5.589038565789557,0.7940727783254518,0,31,hgt_without_fusion
65,5,2.506860875940698,5.602721049285826,0.7940727783254518,0,31,hgt_without_fusion
66,5,2.5389279720871514,5.6158777465952285,0.7940727783254518,0,31,hgt_without_fusion
67,5,2.5714505322994827,5.628530405104662,0.7940727783254518,0,31,hgt_without_fusion
68,5,2.604465990082521,5.640700295920744,0.7940727783254518,0,31,hgt_without_fusion
69,5,2.637805136152607,5.652407855158461,0.7952979800992803,0,31,hgt_without_fusion
70,5,2.6710537504730407,5.663672776016187,0.7952979800992803,0,31,hgt_without_fusion
71,5,2.704300845121208,5.6745139758095045,0.7952979800992803,0,31,hgt_without_fusion
72,5,2.737390190817519,5.684949577121736,0.7952979800992803,0,31,hgt_without_fusion
73,5,2.7701779795612596,5.694996869343437,0.7952979800992803,0,31,hgt_without_fusion
74,5,2.802537153200806,5.704672275985794,0.7891932405289562,0,32,hgt_without_fusion
75,5,2.8323754477933285,5.7140211168593815,0.7852259956355273,0,33,hgt_without_fusion
76,5,2.860462196572784,5.723048621830722,0.7841880876865095,0,34,hgt_without_fusion
77,5,2.88776586437892,5.7317477574433555,0.7841880876865095,0,34,hgt_without_fusion
78,5,2.914375066375078,5.740129598526652,0.7701412260390981,0,35,hgt_without_fusion
79,5,2.9403360295722596,5.748205912886873,0.7701412260390981,0,35,hgt_without_fusion
80,5,2.9656691190651787,5.755987539932074,0.7701412260390981,0,35,hgt_without_fusion
81,5,2.990461143335563,5.763484404999508,0.7701412260390981,0,35,hgt_without_fusion
82,5,3.0148347795510917,5.770705545538191,0.7750491553685124,0,36,hgt_without_fusion
83,5,3.039049561142222,5.777659145326064,0.7749959339143735,0,37,hgt_without_fusion
84,5,3.0632096581836747,5.784352579746571,0.7749959339143735,0,37,hgt_without_fusion
85,5,3.08752429097358,5.7907924594063305,0.7749959339143735,0,37,hgt_without_fusion
86,5,3.112250792920442,5.796984686963092,0.8070947699779818,0,38,hgt_without_fusion
87,5,3.1376898330275247,5.802934516311534,0.8070947699779818,0,38,hgt_without_fusion
88,5,3.164137974152202,5.8086466140683575,0.8070947699779818,0,38,hgt_without_fusion
89,5,3.191936458793989,5.814125120485705,0.8070947699779818,0,38,hgt_without_fusion
90,5,3.21970815846973,5.819399581502455,0.8070947699779818,0,38,hgt_without_fusion
91,5,3.24947607070678,5.824447536308531,0.8070947699779818,0,38,hgt_without_fusion
92,5,3.2816127765440326,5.829272087326636,0.8070947699779818,0,39,hgt_without_fusion
93,5,3.3165244702704633,5.8338760513616155,0.8034964431781125,0,40,hgt_without_fusion
94,5,3.352953730300157,5.838286358283887,0.7962270041458689,0,41,hgt_without_fusion
95,5,3.392957407095022,5.8424819745198215,0.8086687048658744,0,42,hgt_without_fusion
96,5,3.436776926321224,5.846465370786571,0.8086687048658744,0,42,hgt_without_fusion
97,5,3.4847679331850814,5.850238927911339,0.8086687048658746,0,43,hgt_without_fusion
98,5,3.5373175996316477,5.853804983698158,0.8086687048658746,0,43,hgt_without_fusion
99,5,3.5947730379187752,5.857165877628715,0.8086687048658746,0,43,hgt_without_fusion
100,5,3.6574860817035066,5.860323994783203,0.8086687048658746,0,43,hgt_without_fusion
101,5,3.72579408347559,5.863281814344798,0.8086687048658746,0,43,hgt_without_fusion
102,5,3.8000162710754024,5.866041961408342,0.8086687048658746,0,43,hgt_without_fusion
103,5,3.8806360071742185,5.868607263482444,0.8086687048658746,0,43,hgt_without_fusion
104,5,3.967561560407166,5.870980652299683,0.8086687048658744,0,44,hgt_without_fusion
105,5,4.061282146231833,5.873165702978164,0.8086687048658744,0,44,hgt_without_fusion
106,5,4.161926714359257,5.8751662437889625,0.8169410381895542,0,45,hgt_without_fusion
107,5,4.269748161750447,5.876986578527301,0.8169410381895542,0,45,hgt_without_fusion
108,5,4.384760545866634,5.87863157163533,0.8169410381895542,0,45,hgt_without_fusion
109,5,4.507017265953981,5.880106716868452,0.8169410381895542,0,45,hgt_without_fusion
110,5,4.6365099571995945,5.881418215066517,0.8169410381895542,0,45,hgt_without_fusion
111,5,4.773162615854338,5.882573040031076,0.8169410381895542,0,45,hgt_without_fusion
112,5,4.916826404162722,5.883578992013084,0.8032861704378431,0,46,hgt_without_fusion
113,5,5.0677747233747805,5.8844426996817765,0.8032861704378431,0,46,hgt_without_fusion
114,5,5.2251964370353585,5.88517646052224,0.8032861704378431,0,47,hgt_without_fusion
115,5,5.388738139412436,5.885790857357866,0.8032861704378431,0,48,hgt_without_fusion
116,5,5.5580042482557435,5.886296815594067,0.8032861704378431,0,48,hgt_without_fusion
117,5,5.732343967621622,5.886705662537995,0.8070939376971277,0,49,hgt_without_fusion
118,5,5.911164449938227,5.887029912148039,0.8070939376971277,0,50,hgt_without_fusion
119,5,6.093853260141633,5.887282492170193,0.8070939376971277,0,50,hgt_without_fusion
120,5,6.279630268327737,5.887476528013112,0.8215800709092853,0,51,hgt_without_fusion
121,5,6.467758761081507,5.887625074186789,0.8215800709092853,0,51,hgt_without_fusion
122,5,6.657751304060007,5.8877408229499935,0.8215800709092853,0,51,hgt_without_fusion
123,5,6.848379105908719,5.887835799954998,0.8215800709092853,0,51,hgt_without_fusion
124,5,7.039214712986323,5.88792096312883,0.8215800709092853,0,52,hgt_without_fusion
125,5,7.22961260526644,5.888005911820962,0.8215800709092853,0,52,hgt_without_fusion
126,5,7.419084349977812,5.888098522364744,0.8215800709092853,0,52,hgt_without_fusion
127,5,7.607547382642018,5.888204631012852,0.8215800709092853,0,52,hgt_without_fusion
128,5,7.794125120433596,5.88832743463085,0.8215800709092853,0,52,hgt_without_fusion
129,5,7.97902559211435,5.88846817165102,0.8215800709092853,0,53,hgt_without_fusion
130,5,8.151825274333524,5.888782733334809,0.8215800709092853,0,53,hgt_without_fusion
131,5,8.323163146425326,5.889108273150127,0.8215800709092853,0,54,hgt_without_fusion
132,5,8.493120959961855,5.889437173117578,0.8091383701892798,0,55,hgt_without_fusion
133,5,8.662664564298712,5.889759124635224,0.8091383701892798,0,55,hgt_without_fusion
134,5,8.832651172636885,5.89006106014292,0.8091383701892798,0,55,hgt_without_fusion
135,5,9.004193813803552,5.890327323228456,0.8126292244482091,0,55,hgt_without_fusion
136,5,9.227392320157074,5.889808039507691,0.8126292244482091,0,55,hgt_without_fusion
137,5,9.458111481752802,5.889194631843629,0.8126292244482091,0,55,hgt_without_fusion
138,5,9.698457494159596,5.888459288444427,0.8213474063173848,0,56,hgt_without_fusion
139,5,9.956370717328978,5.887487706447281,0.8213474063173848,0,56,hgt_without_fusion
140,5,10.229110259534837,5.886330023750041,0.8213474063173848,0,56,hgt_without_fusion
141,5,10.519604822203451,5.884949460116696,0.8213474063173848,0,56,hgt_without_fusion
142,5,10.808902530389144,5.8833066255722715,0.8372799612963195,0,57,hgt_without_fusion
143,5,10.840828349051165,5.8813692656200525,0.8372799612963195,0,57,hgt_without_fusion
144,5,10.876137974934394,5.879223537562582,0.8372799612963195,0,57,hgt_without_fusion
145,5,10.91526734107133,5.876846321939759,0.8372799612963195,0,58,hgt_without_fusion
146,5,10.958965349435386,5.874358167073689,0.8372799612963195,0,58,hgt_without_fusion
147,5,11.007071113790971,5.8716017333660595,0.8372799612963195,0,58,hgt_without_fusion
148,5,11.060317339627378,5.868564650511341,0.8372799612963195,0,58,hgt_without_fusion
149,5,11.119138304951113,5.8652377880518,0.8372799612963195,0,59,hgt_without_fusion
150,5,11.184093116697081,5.861615926101468,0.8372799612963195,0,60,hgt_without_fusion
151,5,11.249022569033258,5.857794597061606,0.8372799612963195,0,60,hgt_without_fusion
152,5,11.320187971586629,5.853684438251095,0.8372799612963195,0,61,hgt_without_fusion
153,5,11.398051377898286,5.849293193939224,0.8372799612963195,0,61,hgt_without_fusion
154,5,11.482631227178697,5.844632602757473,0.8372799612963195,0,61,hgt_without_fusion
155,5,11.574323983661998,5.839718582943543,0.8408364341072424,0,62,hgt_without_fusion
156,5,11.67336371578388,5.83457080799459,0.8408364341072424,0,62,hgt_without_fusion
157,5,11.779919018157845,5.829212599714673,0.8408364341072424,0,62,hgt_without_fusion
158,5,11.89411703245688,5.823670676800037,0.8508825088767168,0,63,hgt_without_fusion
159,5,12.016053610586493,5.817974860024895,0.8508825088767168,0,63,hgt_without_fusion
160,5,12.14570177853536,5.812157733586741,0.8508825088767168,0,63,hgt_without_fusion
161,5,12.282989522687041,5.806254248755394,0.8508825088767168,0,63,hgt_without_fusion
162,5,12.427764949399515,5.800301296310607,0.8732515198883786,0,64,hgt_without_fusion
163,5,12.579982454651653,5.7945718536007496,0.8732515198883786,0,64,hgt_without_fusion
164,5,12.738953192367498,5.788863752481605,0.8732515198883786,0,64,hgt_without_fusion
165,5,12.904624707133053,5.783217119264911,0.8717879342769461,0,64,hgt_without_fusion
166,5,13.075655962023653,5.777670309279701,0.8645333380192028,0,65,hgt_without_fusion
167,5,13.22449846678751,5.772676754015632,0.8656878445282098,0,66,hgt_without_fusion
168,5,13.376410183167394,5.768185647375509,0.8656878445282098,0,66,hgt_without_fusion
169,5,13.530703143517997,5.763897717191366,0.8656878445282098,0,66,hgt_without_fusion
170,5,13.686660701675411,5.759843314160217,0.8656878445282098,0,66,hgt_without_fusion
171,5,13.84355529394955,5.756049080278478,0.8850384196463276,0,67,hgt_without_fusion
172,5,14.000693359130086,5.753048117078867,0.8850384196463276,0,67,hgt_without_fusion
173,5,14.157387629702503,5.750322264258476,0.8850384196463276,0,67,hgt_without_fusion
174,5,14.313004247205695,5.747883780988243,0.8850384196463276,0,67,hgt_without_fusion
175,5,14.466986896519781,5.74573910468326,0.8850384196463276,0,67,hgt_without_fusion
176,5,14.618880336827447,5.743888448114494,0.8850384196463276,0,67,hgt_without_fusion
177,5,14.768352854721057,5.742325489019834,0.8850384196463276,0,67,hgt_without_fusion
178,5,14.915216825283132,5.741037165396688,0.8850384196463276,0,68,hgt_without_fusion
179,5,15.049895143438707,5.740146859782221,0.8850384196463276,0,69,hgt_without_fusion
180,5,15.181890012071529,5.739481363194788,0.8850384196463276,0,69,hgt_without_fusion
181,5,15.311522594062662,5.739007436104707,0.8850384196463276,0,69,hgt_without_fusion
182,5,15.439320452331046,5.73868563074372,0.8850384196463276,0,69,hgt_without_fusion
183,5,15.565998958923247,5.738470722415465,0.8850384196463276,0,69,hgt_without_fusion
184,5,15.692459812527957,5.738312248310729,0.8850384196463276,0,70,hgt_without_fusion
185,5,15.828302991558596,5.738027398066261,0.8850384196463276,0,70,hgt_without_fusion
186,5,15.966569283996343,5.737686330641691,0.8922930159040711,0,71,hgt_without_fusion
187,5,16.108756452496138,5.737226277408044,0.8922930159040711,0,71,hgt_without_fusion
188,5,16.256476870297668,5.736582095319837,0.8922930159040711,0,72,hgt_without_fusion
189,5,16.29166561865551,5.735893273748132,0.8922930159040711,0,72,hgt_without_fusion
190,5,16.286977081531294,5.734896617116146,0.9030389094332868,0,73,hgt_without_fusion
191,5,16.28239891826458,5.733190527280302,0.9030389094332868,0,73,hgt_without_fusion
192,5,16.27793716174462,5.731065321344334,0.9030389094332868,0,73,hgt_without_fusion
193,5,16.273596922234113,5.728465477361635,0.9030389094332868,0,73,hgt_without_fusion
194,5,16.269382192445732,5.725340637941363,0.9030389094332868,0,73,hgt_without_fusion
195,5,16.2652958105648,5.721646544972055,0.9030389094332868,0,73,hgt_without_fusion
196,5,16.261339442241816,5.717345900567109,0.9030389094332868,0,73,hgt_without_fusion
197,5,16.257513580592544,5.712409136348913,0.9030389094332868,0,74,hgt_without_fusion
198,5,16.254174187456634,5.706815074212839,0.9030389094332868,0,74,hgt_without_fusion
199,5,16.25076373204522,5.700550852888924,0.9030389094332868,0,74,hgt_without_fusion
200,5,16.247480332202812,5.693614184845541,0.9030389094332868,0,74,hgt_without_fusion
201,5,16.244671170034366,5.686011722078353,0.9082657940309898,0,75,hgt_without_fusion
202,5,16.241626946268457,5.678026611509137,0.9082657940309898,0,75,hgt_without_fusion
203,5,16.238695757943926,5.669418452887014,0.9082657940309898,0,75,hgt_without_fusion
204,5,16.23587101578118,5.660222446548447,0.9034171205958244,0,75,hgt_without_fusion
205,5,16.23302301385928,5.650482658738626,0.9022626140868173,0,76,hgt_without_fusion
206,5,16.23027029044141,5.640251445678141,0.9022626140868173,0,76,hgt_without_fusion
207,5,16.227598965575275,5.629588804312294,0.9022626140868173,0,77,hgt_without_fusion
208,5,16.22500035704135,5.618264528060682,0.9022626140868173,0,77,hgt_without_fusion
209,5,16.222465403272473,5.606652893727327,0.9022626140868173,0,77,hgt_without_fusion
210,5,16.21998508259304,5.594831675845518,0.9022626140868173,0,77,hgt_without_fusion
211,5,16.217550391194337,5.58288223043384,0.9267378730793618,0,78,hgt_without_fusion
212,5,16.21587150475718,5.570888228981835,0.9259546707690725,0,78,hgt_without_fusion
213,5,16.213223555280827,5.558934483422392,0.9259546707690725,0,78,hgt_without_fusion
214,5,16.21059965972228,5.547105080260455,0.9259546707690725,0,79,hgt_without_fusion
215,5,16.207992850583008,5.5360009671651556,0.9259546707690725,0,79,hgt_without_fusion
216,5,16.205396974763886,5.525164551758982,0.9259546707690725,0,79,hgt_without_fusion
217,5,16.202806322807394,5.514670304346592,0.9259546707690725,0,79,hgt_without_fusion
218,5,16.200215928497645,5.504587019143617,0.9259546707690725,0,80,hgt_without_fusion
219,5,16.197618492515407,5.49497659179022,0.9259546707690725,0,80,hgt_without_fusion
220,5,16.19501397406201,5.4858928732556755,0.9259546707690725,0,81,hgt_without_fusion
221,5,16.19276052250604,5.477380618135971,0.9259546707690725,0,81,hgt_without_fusion
222,5,16.19014631912316,5.469472846831978,0.9259546707690725,0,81,hgt_without_fusion
223,5,16.187519255285057,5.462195168277597,0.9259546707690725,0,82,hgt_without_fusion
224,5,16.18522454407116,5.456196782197116,0.9424993374164317,0,83,hgt_without_fusion
225,5,16.18256729297441,5.451189961790401,0.9424993374164317,0,84,hgt_without_fusion
226,5,16.179900329928884,5.446387109791987,0.9424993374164317,0,84,hgt_without_fusion
227,5,16.177571326641413,5.4421628450951145,0.9424993374164317,0,85,hgt_without_fusion
228,5,16.1748707957953,5.438479528325055,0.9424993374164317,0,85,hgt_without_fusion
229,5,16.172170451496562,5.43528934434507,0.9424993374164317,0,85,hgt_without_fusion
230,5,16.16947438983733,5.432531057885229,0.9424993374164317,0,85,hgt_without_fusion
231,5,16.166787089797946,5.43013168032982,0.942880692762088,0,86,hgt_without_fusion
232,5,16.16481622150377,5.428007125745632,0.942880692762088,0,86,hgt_without_fusion
233,5,16.16214769713653,5.426063199150528,0.9424890916069433,0,87,hgt_without_fusion
234,5,16.159502878442137,5.424571044662737,0.9424890916069433,0,87,hgt_without_fusion
235,5,16.157231244405605,5.4230306145757385,0.9424890916069433,0,87,hgt_without_fusion
236,5,16.154642615087162,5.421324935024245,0.9424890916069433,0,87,hgt_without_fusion
237,5,16.152104211695857,5.419333940477047,0.9424890916069433,0,88,hgt_without_fusion
238,5,16.150339240733828,5.416933232588145,0.9424890916069433,0,88,hgt_without_fusion
239,5,16.148600465140166,5.4139970394474775,0.9424890916069433,0,89,hgt_without_fusion
240,5,16.146200949218976,5.410399843097211,0.9424890916069433,0,89,hgt_without_fusion
241,5,16.143855596297378,5.4060184201764985,0.9424890916069433,0,89,hgt_without_fusion
242,5,16.14156738092856,5.400734212222906,0.9410634674416227,0,89,hgt_without_fusion
243,5,16.139338716223456,5.3945734718047165,0.9410634674416227,0,90,hgt_without_fusion
244,5,16.137192945582417,5.387290101373777,0.9422179739506298,0,91,hgt_without_fusion
245,5,16.135833706707082,5.378791831289407,0.9415051618679697,0,92,hgt_without_fusion
246,5,16.133822491369035,5.368506506515691,0.9415051618679697,0,92,hgt_without_fusion
247,5,16.13257951087432,5.356859114835039,0.9415051618679696,0,93,hgt_without_fusion
248,5,16.130684670101257,5.345755610675937,0.9415051618679696,0,94,hgt_without_fusion
249,5,16.128852672852627,5.3332275439391585,0.9400415762565372,0,95,hgt_without_fusion
250,5,16.127776289955847,5.319263397050989,0.9400415762565372,0,95,hgt_without_fusion
251,5,16.126046397971386,5.303870181052711,0.9400415762565372,0,95,hgt_without_fusion
252,5,16.124372717329038,5.287073428708069,0.9400415762565372,0,95,hgt_without_fusion
253,5,16.12311518754394,5.268917736389008,0.9407543883391973,0,96,hgt_without_fusion
254,5,16.121540302508873,5.250612947808092,0.9407543883391973,0,96,hgt_without_fusion
255,5,16.120011470560883,5.231525542099801,0.9407543883391973,0,96,hgt_without_fusion
256,5,16.119230628241,5.211769107651245,0.9395998818301905,0,97,hgt_without_fusion
257,5,16.117769149774762,5.191470313848079,0.9395998818301905,0,97,hgt_without_fusion
258,5,16.116341436482365,5.170766367243707,0.9395998818301905,0,98,hgt_without_fusion
259,5,16.11494309336011,5.150513522564825,0.9395998818301905,0,98,hgt_without_fusion
260,5,16.113569919881147,5.130138811096337,0.9395998818301905,0,98,hgt_without_fusion
261,5,16.11292241001066,5.109796817380985,0.9395998818301905,0,99,hgt_without_fusion
262,5,16.111575761405685,5.09050091867691,0.9395998818301905,0,99,hgt_without_fusion
263,5,16.110605286493662,5.071521496668561,0.9395998818301905,0,99,hgt_without_fusion
264,5,16.109277592399568,5.053007484460829,0.9440671999196997,0,100,hgt_without_fusion
265,5,16.107955718414257,5.034127796672561,0.9440671999196997,0,100,hgt_without_fusion
266,5,16.106636285692172,5.016026133980113,0.9440671999196997,0,100,hgt_without_fusion
267,5,16.105316544251814,4.998825548292102,0.9440671999196999,0,101,hgt_without_fusion
268,5,16.10399414912088,4.983583881819195,0.9440671999196999,0,101,hgt_without_fusion
269,5,16.1026673921647,4.969405979925645,0.9440671999196999,0,101,hgt_without_fusion
270,5,16.101661671955622,4.956370890635188,0.9440671999196999,0,101,hgt_without_fusion
271,5,16.100280327886423,4.944540143260271,0.9440671999196999,0,101,hgt_without_fusion
272,5,16.09889295177486,4.933956433094594,0.9440671999196999,0,101,hgt_without_fusion
273,5,16.09749942019751,4.924642987054138,0.940049992201,0,102,hgt_without_fusion
274,5,16.096100023155355,4.91728446606421,0.9440915021411375,0,103,hgt_without_fusion
275,5,16.09503100337954,4.911927492168628,0.9440915021411375,0,104,hgt_without_fusion
276,5,16.093615951395723,4.907710421446821,0.9440915021411375,0,104,hgt_without_fusion
277,5,16.092198425661213,4.904580272218794,0.9440915021411375,0,104,hgt_without_fusion
278,5,16.090780076472676,4.9024631493891855,0.9440915021411375,0,104,hgt_without_fusion
279,5,16.089362816179783,4.901266164468685,0.9440915021411375,0,105,hgt_without_fusion
280,5,16.08868472097232,4.903472587336568,0.9440915021411375,0,105,hgt_without_fusion
281,5,16.0872641757183,4.906176868228959,0.9440915021411375,0,105,hgt_without_fusion
282,5,16.086587930401127,4.909252209870291,0.9440915021411375,0,106,hgt_without_fusion
283,5,16.085874584536874,4.913267317996985,0.9440915021411375,0,107,hgt_without_fusion
284,5,16.084465219971044,4.917333579088882,0.9440915021411375,0,107,hgt_without_fusion
285,5,16.083782261751146,4.9212932833386205,0.9440915021411375,0,107,hgt_without_fusion
286,5,16.083104674988046,4.924981878919991,0.9452703108715816,0,108,hgt_without_fusion
287,5,16.082073998951067,4.930211933212846,0.9452703108715816,0,109,hgt_without_fusion
288,5,16.08145325648796,4.9347413305372685,0.9441401065840124,0,110,hgt_without_fusion
289,5,16.08011033882009,4.939158888052572,0.9441401065840124,0,110,hgt_without_fusion
290,5,16.079129219798777,4.942554041220283,0.9441401065840124,0,110,hgt_without_fusion
291,5,16.077838902659288,4.944781909779822,0.9461705172343219,0,111,hgt_without_fusion
292,5,16.07658034060165,4.9459640656308,0.9461705172343219,0,111,hgt_without_fusion
293,5,16.07570016886643,4.945717715117079,0.9551051534133406,0,112,hgt_without_fusion
294,5,16.074515764290908,4.9439344091754425,0.9551051534133406,0,113,hgt_without_fusion
295,5,16.073365767660064,4.939469674494807,0.9551051534133406,0,114,hgt_without_fusion
296,5,16.07261623173152,4.933978640753387,0.9551051534133406,0,114,hgt_without_fusion
297,5,16.07152888824929,4.926737059852362,0.9551051534133406,0,114,hgt_without_fusion
298,5,16.070475876783416,4.917717150204016,0.9551051534133406,0,114,hgt_without_fusion
299,5,16.069456499547794,4.9069155233555914,0.9551051534133406,0,114,hgt_without_fusion
300,5,16.06846976919832,4.894353829529134,0.9562353577009098,0,115,hgt_without_fusion
301,5,16.067514429957345,4.880804640218671,0.9562353577009098,0,115,hgt_without_fusion
302,5,16.066589079721474,4.865614034852366,0.9562353577009098,0,116,hgt_without_fusion
303,5,16.065698847306503,4.848878097140115,0.9562353577009098,0,116,hgt_without_fusion
304,5,16.06483494300295,4.830715543168899,0.9562353577009098,0,116,hgt_without_fusion
305,5,16.06435307581227,4.811265987860446,0.9562353577009098,0,116,hgt_without_fusion
306,5,16.063530292589768,4.790687865431951,0.9566269588560546,0,117,hgt_without_fusion
307,5,16.063454373895087,4.7731422089160676,0.9566269588560546,0,117,hgt_without_fusion
308,5,16.06265909082674,4.754665763519125,0.9566269588560546,0,118,hgt_without_fusion
309,5,16.061879856817832,4.737661872830006,0.9554967545684852,0,119,hgt_without_fusion
310,5,16.06111462735183,4.722998661220834,0.9569603401799176,0,120,hgt_without_fusion
311,5,16.06072426262459,4.70774912930967,0.9583859643452378,0,121,hgt_without_fusion
312,5,16.059978905816095,4.692635474144045,0.9583859643452378,0,121,hgt_without_fusion
313,5,16.059241277992733,4.677307809582986,0.9583859643452378,0,121,hgt_without_fusion
314,5,16.05850933576119,4.661961872684303,0.9583859643452378,0,122,hgt_without_fusion
315,5,16.058501619395095,4.646786473702702,0.9583859643452378,0,123,hgt_without_fusion
316,5,16.05776947458619,4.633760590882164,0.9583859643452378,0,123,hgt_without_fusion
317,5,16.057037602644428,4.621540079174197,0.9583859643452378,0,123,hgt_without_fusion
318,5,16.056646954350036,4.610266899160147,0.9583859643452378,0,124,hgt_without_fusion
319,5,16.05591479929353,4.600064275643676,0.9583859643452378,0,125,hgt_without_fusion
320,5,16.05518630014944,4.591034783435223,0.9583859643452378,0,126,hgt_without_fusion
321,5,16.054454403899502,4.583724703083017,0.9583859643452378,0,127,hgt_without_fusion
322,5,16.05371533001055,4.577691191258402,0.9583859643452378,0,128,hgt_without_fusion
323,5,16.052972674278887,4.57342829711618,0.9583859643452378,0,128,hgt_without_fusion
324,5,16.05222662062213,4.5704532029973945,0.9583859643452378,0,128,hgt_without_fusion
325,5,16.051477512980064,4.568754541051761,0.9583859643452378,0,128,hgt_without_fusion
326,5,16.050725899308457,4.568296594668508,0.9569223787338057,0,129,hgt_without_fusion
327,5,16.050332411951942,4.570046636097275,0.9569223787338057,0,130,hgt_without_fusion
328,5,16.050274536968093,4.5731546163954455,0.9569223787338057,0,131,hgt_without_fusion
329,5,16.049508400066177,4.578172251500816,0.9569223787338057,0,131,hgt_without_fusion
330,5,16.04874357444938,4.583888250152938,0.9569223787338057,0,131,hgt_without_fusion
331,5,16.04798134501317,4.590171414245344,0.9569223787338057,0,131,hgt_without_fusion
332,5,16.047223078059627,4.596872904041408,0.9569223787338057,0,131,hgt_without_fusion
333,5,16.046470194397468,4.60382841044918,0.9569223787338057,0,131,hgt_without_fusion
334,5,16.04644138911641,4.610860638836798,0.9580525830213749,0,132,hgt_without_fusion
335,5,16.04569187982187,4.618140568290257,0.9580525830213749,0,132,hgt_without_fusion
336,5,16.044952258308715,4.625095513192655,0.9580525830213749,0,132,hgt_without_fusion
337,5,16.044223915282565,4.631529417061264,0.9580525830213749,0,132,hgt_without_fusion
338,5,16.04350816672287,4.637245746041925,0.9580525830213749,0,132,hgt_without_fusion
339,5,16.04280623170721,4.642051131705814,0.9580525830213749,0,133,hgt_without_fusion
340,5,16.04216112122075,4.645759104706884,0.9580525830213749,0,133,hgt_without_fusion
341,5,16.041531439433417,4.648193856141274,0.9580525830213749,0,133,hgt_without_fusion
342,5,16.041274026904507,4.649193911487827,0.9580525830213749,0,133,hgt_without_fusion
343,5,16.040673309269213,4.6493035614177165,0.9580525830213749,0,133,hgt_without_fusion
344,5,16.04009067289183,4.647698251064898,0.9580525830213749,0,134,hgt_without_fusion
345,5,16.03988240839935,4.645847000009959,0.9580525830213749,0,135,hgt_without_fusion
346,5,16.039344198322503,4.642077867518444,0.9580525830213749,0,135,hgt_without_fusion
347,5,16.03918106064817,4.636352026005447,0.9580525830213749,0,135,hgt_without_fusion
348,5,16.039034104277352,4.628659667117068,0.9580525830213749,0,135,hgt_without_fusion
349,5,16.038545334048283,4.619020729599173,0.9580525830213749,0,136,hgt_without_fusion
350,5,16.038075145813746,4.609184030876066,0.9580525830213749,0,136,hgt_without_fusion
351,5,16.037622988130536,4.5974853696855655,0.9580525830213749,0,136,hgt_without_fusion
352,5,16.037187982598663,4.58403252815608,0.9580525830213749,0,136,hgt_without_fusion
353,5,16.036769100615363,4.568959957074018,0.9580525830213749,0,136,hgt_without_fusion
354,5,16.03636518212164,4.552426711263551,0.9580525830213749,0,137,hgt_without_fusion
355,5,16.035987261267977,4.534613862628757,0.9569223787338054,0,138,hgt_without_fusion
356,5,16.035620529150748,4.515721464132583,0.9569223787338054,0,138,hgt_without_fusion
357,5,16.03526474017798,4.4959651368103115,0.9569223787338054,0,138,hgt_without_fusion
358,5,16.03491839962421,4.47557238693079,0.9569223787338054,0,138,hgt_without_fusion
359,5,16.034933729526166,4.454778735991878,0.9569223787338054,0,138,hgt_without_fusion
360,5,16.034596981275637,4.433823834375677,0.9569223787338054,0,138,hgt_without_fusion
361,5,16.034621070708663,4.412947282157535,0.9580525830213749,0,139,hgt_without_fusion
362,5,16.034298898396713,4.392385058629253,0.9580525830213749,0,139,hgt_without_fusion
363,5,16.0339786338185,4.372365512391113,0.9580525830213749,0,139,hgt_without_fusion
364,5,16.033658927169046,4.353106097922408,0.9592657500530801,0,140,hgt_without_fusion
365,5,16.033339384858625,4.334810085072784,0.9592657500530801,0,140,hgt_without_fusion
366,5,16.033017999335435,4.317663654938902,0.9592657500530801,0,140,hgt_without_fusion
367,5,16.033049621424937,4.301833330615816,0.9592657500530801,0,140,hgt_without_fusion
368,5,16.03343050104219,4.287463830678897,0.9592657500530801,0,140,hgt_without_fusion
369,5,16.03308719416141,4.274676125904591,0.9592657500530801,0,140,hgt_without_fusion
370,5,16.032738795948195,4.263565705666387,0.9592657500530801,0,141,hgt_without_fusion
371,5,16.033104421218688,4.256568012653933,0.9592657500530801,0,142,hgt_without_fusion
372,5,16.032734310710698,4.251171581760626,0.9581355457655111,0,143,hgt_without_fusion
373,5,16.032359162409016,4.247400343378501,0.9581355457655111,0,143,hgt_without_fusion
374,5,16.03197848165242,4.245250651170981,0.9581355457655111,0,143,hgt_without_fusion
375,5,16.031592504982363,4.244691147665577,0.9581355457655111,0,143,hgt_without_fusion
376,5,16.03120162273491,4.2456630932957085,0.9581355457655111,0,143,hgt_without_fusion
377,5,16.030806368775124,4.248081001031068,0.9581355457655111,0,143,hgt_without_fusion
378,5,16.030407408306125,4.251833581169621,0.9581355457655111,0,143,hgt_without_fusion
379,5,16.030005523941053,4.256785003857422,0.9581355457655111,0,144,hgt_without_fusion
380,5,16.029601600244664,4.264640178014677,0.9581355457655111,0,145,hgt_without_fusion
381,5,16.02955365256851,4.273216659172412,0.9581355457655111,0,146,hgt_without_fusion
382,5,16.02914710669579,4.282329185256687,0.9581355457655111,0,146,hgt_without_fusion
383,5,16.028741587282767,4.291775822410162,0.9581355457655111,0,146,hgt_without_fusion
384,5,16.02833822371383,4.301341112302238,0.9581355457655111,0,147,hgt_without_fusion
385,5,16.027939802015187,4.310799253050578,0.9581355457655111,0,147,hgt_without_fusion
386,5,16.02754576969821,4.319917675668967,0.9581355457655111,0,147,hgt_without_fusion
387,5,16.027157245647548,4.3284609037398525,0.9581355457655111,0,148,hgt_without_fusion
388,5,16.026786221129036,4.336194651148015,0.9581355457655111,0,149,hgt_without_fusion
389,5,16.02642265876929,4.344908225962127,0.9581355457655111,0,149,hgt_without_fusion
390,5,16.026067662371418,4.3522827905339465,0.9581355457655111,0,150,hgt_without_fusion
391,5,16.02573133748568,4.358124722296517,0.9581355457655111,0,150,hgt_without_fusion
392,5,16.02614665884605,4.36225756597554,0.9581355457655111,0,150,hgt_without_fusion
393,5,16.025822032096986,4.36452622626511,0.9581355457655111,0,151,hgt_without_fusion
394,5,16.02623296142526,4.366094175271295,0.9581355457655111,0,151,hgt_without_fusion
395,5,16.026264538384776,4.365530766677783,0.9581355457655111,0,152,hgt_without_fusion
396,5,16.025961046423454,4.363992349170801,0.9669531635131999,0,153,hgt_without_fusion
397,5,16.02567259660018,4.360187985823838,0.9669531635131999,0,153,hgt_without_fusion
398,5,16.025397489305075,4.3541176961532795,0.9669531635131999,0,153,hgt_without_fusion
399,5,16.025135544059747,4.345815626401835,0.9669531635131999,0,153,hgt_without_fusion
0,5,2.166942770451015,1.6146666666666667,0.7090361339763283,0,0,fusion_enabled
1,5,2.135754834859953,1.724874074074074,0.7090361339763283,0,0,fusion_enabled
2,5,2.105823193763683,1.8307956378600823,0.7090361339763283,0,0,fusion_enabled
3,5,2.0776878020178526,1.932598029721079,0.7090361339763283,0,0,fusion_enabled
4,5,2.0518719149802545,2.03044143967637,0.7090361339763283,0,0,fusion_enabled
5,5,2.0271146661392647,2.1244798281334,0.7090361339763283,0,0,fusion_enabled
6,5,2.0042939692405604,2.2148611681504344,0.7090361339763283,0,0,fusion_enabled
7,5,1.9831898604199276,2.3017276782779175,0.7090361339763283,0,0,fusion_enabled
8,5,1.9629528903902331,2.3852160463448873,0.7090361339763283,0,0,fusion_enabled
9,5,1.944065094781382,2.465457644542586,0.7090361339763283,0,0,fusion_enabled
10,5,1.9264392607088419,2.542578736143708,0.7090361339763283,0,0,fusion_enabled
11,5,1.909985115563522,2.616700674182564,0.7090361339763283,0,0,fusion_enabled
12,5,1.8946098024392373,2.6879400924087973,0.7090361339763283,0,0,fusion_enabled
13,5,1.880218475333207,2.75640684036544,0.7090361339763283,0,0,fusion_enabled
14,5,1.8667150044727707,2.8222075959636617,0.7132374376784719,0,1,fusion_enabled
15,5,1.8549252348547598,2.885446397161756,0.7132374376784719,0,1,fusion_enabled
16,5,1.842716988788404,2.9462232671005335,0.7132374376784719,0,1,fusion_enabled
17,5,1.8311107225313452,3.004634300326591,0.7132374376784719,0,1,fusion_enabled
18,5,1.820014858077681,3.0607718805340918,0.7153859339236159,0,2,fusion_enabled
19,5,1.8090536228469576,3.114729113576029,0.7173743786460914,0,3,fusion_enabled
20,5,1.798429510654866,3.166586851157359,0.7174480515625596,0,3,fusion_enabled
21,4,1.7878343037790363,3.216427078253387,0.7302107174377958,1,4,fusion_enabled
22,4,1.778885092965551,3.264328563359739,0.7302107174377958,1,4,fusion_enabled
23,4,1.7700048906896124,3.3103670205509252,0.7302107174377958,1,4,fusion_enabled
24,4,1.7615074570798126,3.3546151497975147,0.7302107174377958,1,4,fusion_enabled
25,4,1.753161619919965,3.3971427716402083,0.7295757176505014,1,5,fusion_enabled
26,4,1.7442529001480231,3.4380169780484993,0.736799334004726,1,6,fusion_enabled
27,4,1.7351223647137117,3.4773021653870106,0.736799334004726,1,6,fusion_enabled
28,4,1.7259118238970692,3.5150601780600685,0.736799334004726,1,6,fusion_enabled
29,4,1.7170576942294367,3.551350400091052,0.736799334004726,1,6,fusion_enabled
30,4,1.7077096623551828,3.5862298353045428,0.736799334004726,1,6,fusion_enabled
31,4,1.698331716847735,3.61975323022517,0.7352544549995385,1,6,fusion_enabled
32,3,1.689217657071572,3.651973131233477,0.7758600165749501,2,6,fusion_enabled
33,3,1.6798284762750813,3.68293998822687,0.7758600165749501,2,6,fusion_enabled
34,3,1.6705483204993956,3.7127022193427774,0.7758600165749501,2,6,fusion_enabled
35,3,1.6614431963019975,3.741306314958999,0.7758600165749501,2,6,fusion_enabled
36,3,1.6529727935565766,3.768796909693995,0.8022903344928679,2,7,fusion_enabled
37,3,1.6442787428930628,3.7952168487492686,0.8022903344928679,2,7,fusion_enabled
38,3,1.6359936214372905,3.820607291203753,0.8409116281007566,2,8,fusion_enabled
39,2,1.6280839928030666,3.845009500824595,0.8572332584344189,3,8,fusion_enabled
40,1,1.623333016945459,3.8684596719889113,1.0,4,8,fusion_enabled
41,1,1.6257766916172671,3.89098291851371,1.0,4,8,fusion_enabled
42,1,1.6291208324062603,3.912616754015231,1.0,4,8,fusion_enabled
43,1,1.6334900800644168,3.933393897088655,1.0,4,8,fusion_enabled
44,1,1.6390049327838012,3.95334585607775,1.0,4,8,fusion_enabled
45,1,1.6457801477941716,3.972503000116238,1.0,4,8,fusion_enabled
46,1,1.653923230322691,3.990894626096012,1.0,4,8,fusion_enabled
47,1,1.6635330026298822,4.008549021829892,1.0,4,8,fusion_enabled
48,1,1.674698242156679,4.025493525721384,1.0,4,8,fusion_enabled
49,1,1.6874963761620716,4.041754583266583,1.0,4,8,fusion_enabled
50,1,1.701992220727791,4.0573578006932856,1.0,4,8,fusion_enabled
51,1,1.7182367546769657,4.07232799599042,1.0,4,8,fusion_enabled
52,1,1.7362659237161562,4.08668924749965,1.0,4,8,fusion_enabled
53,1,1.7560994767832603,4.100464940134213,1.0,4,8,fusion_enabled
54,1,1.7777398448871833,4.11367780916299,1.0,4,8,fusion_enabled
55,1,1.8011710822781706,4.126349981356897,1.0,4,8,fusion_enabled
56,1,1.8263579001063868,4.138503013147817,1.0,4,8,fusion_enabled
57,1,1.8532448332220266,4.150157925306445,1.0,4,8,fusion_enabled
58,1,1.8817555907523356,4.161335233514906,1.0,4,8,fusion_enabled
59,1,1.9117926497778066,4.172054974103944,1.0,4,8,fusion_enabled
60,1,1.943237157972216,4.182336724154764,1.0,4,8,fusion_enabled
61,1,1.9759492145907298,4.192199615143912,1.0,4,8,fusion_enabled
62,1,2.009768598835725,4.201662339346862,1.0,4,8,fusion_enabled
63,1,2.0445160096500303,4.210743148321159,1.0,4,8,fusion_enabled
64,1,2.0799948708176674,4.2194598429689325,1.0,4,8,fusion_enabled
65,1,2.115993739609327,4.22782975493271,1.0,4,8,fusion_enabled
66,1,2.1522893361818087,4.235869719403406,1.0,4,8,fusion_enabled
67,1,2.188650185061951,4.243596039804516,1.0,4,8,fusion_enabled
68,1,2.2248408303417526,4.251024445244032,1.0,4,8,fusion_enabled
69,1,2.260626554199416,4.258170042071121,1.0,4,8,fusion_enabled
70,1,2.295778495994907,4.265047261308089,1.0,4,8,fusion_enabled
71,1,2.3300790387445742,4.271669804115973,1.0,4,8,fusion_enabled
72,1,2.3633273036839406,4.278050587759594,1.0,4,8,fusion_enabled
73,1,2.3953445742402817,4.284201694732821,1.0,4,8,fusion_enabled
74,1,2.425979460107168,4.2901343277607635,1.0,4,8,fusion_enabled
75,1,2.455112611744324,4.295858773295509,1.0,4,8,fusion_enabled
76,1,2.4826608062699815,4.301384375860577,1.0,4,8,fusion_enabled
77,1,2.5085802472337573,4.306719525184875,1.0,4,8,fusion_enabled
78,1,2.53286895208529,4.311871657521579,1.0,4,8,fusion_enabled
79,1,2.555568140337383,4.316847271905292,1.0,4,8,fusion_enabled
80,1,2.5767625797896456,4.32165196140608,1.0,4,8,fusion_enabled
81,1,2.592044302217701,4.32635849262609,1.0,4,8,fusion_enabled
82,1,2.606171750689483,4.330899306185776,1.0,4,8,fusion_enabled
83,1,2.6193460796443646,4.3352778293442285,1.0,4,8,fusion_enabled
84,1,2.631799779191796,4.339496886043186,1.0,4,8,fusion_enabled
85,1,2.64379276986201,4.34355877894812,1.0,4,8,fusion_enabled
86,1,2.6556081014666657,4.347465374237179,1.0,4,8,fusion_enabled
87,1,2.6675474042113456,4.351218186809007,1.0,4,8,fusion_enabled
88,1,2.679926231909645,4.354818463795405,1.0,4,8,fusion_enabled
89,1,2.693069421115003,4.358267264587503,1.0,4,8,fusion_enabled
90,1,2.7073065678964006,4.361565535985156,1.0,4,8,fusion_enabled
91,1,2.7229676978116846,4.364714181525893,1.0,4,8,fusion_enabled
92,1,2.7403791764590357,4.367714124509065,1.0,4,8,fusion_enabled
93,1,2.7598598798397047,4.370566364671891,1.0,4,8,fusion_enabled
94,1,2.781717617487724,4.373272028869931,1.0,4,8,fusion_enabled
95,1,2.8062457784902564,4.375832416443284,1.0,4,8,fusion_enabled
96,1,2.8337201523984374,4.3782490401952,1.0,4,8,fusion_enabled
97,1,2.8643958645566077,4.380523664060792,1.0,4,8,fusion_enabled
98,1,2.8985043592022346,4.382658338594299,1.0,4,8,fusion_enabled
99,1,2.9362503641903164,4.384655435351923,1.0,4,8,fusion_enabled
100,1,2.9778087785283596,4.3865176810953885,1.0,4,8,fusion_enabled
101,1,3.0233214380250635,4.388248192493673,1.0,4,8,fusion_enabled
102,1,3.072893735019667,4.389850511664,1.0,4,8,fusion_enabled
103,1,3.1265910949228335,4.391328642478519,1.0,4,8,fusion_enabled
104,1,3.1844353444660194,4.392687087083429,1.0,4,8,fusion_enabled
105,1,3.246401043110926,4.393930881550511,1.0,4,8,fusion_enabled
106,1,3.3124118886079685,4.39506562902998,1.0,4,8,fusion_enabled
107,1,3.382337348340268,4.396097528227274,1.0,4,8,fusion_enabled
108,1,3.455989707456493,4.397033394520581,1.0,4,8,fusion_enabled
109,1,3.533121759965225,4.397880670612706,1.0,4,8,fusion_enabled
110,1,3.613425396555145,4.398647423317807,1.0,4,8,fusion_enabled
111,1,3.6965313592276625,4.399342322970916,1.0,4,8,fusion_enabled
112,1,3.7820104341351044,4.399974602065102,1.0,4,8,fusion_enabled
113,1,3.869376336868333,4.4005539901104616,1.0,4,8,fusion_enabled
114,1,3.958090506148758,4.401090622400292,1.0,4,8,fusion_enabled
115,1,4.0475689610222,4.401594921372735,1.0,4,8,fusion_enabled
116,1,4.137191293539575,4.402077450553812,1.0,4,8,fusion_enabled
117,1,4.226311765995409,4.402548742612105,1.0,4,8,fusion_enabled
118,1,4.314272363892935,4.403019104764282,1.0,4,8,fusion_enabled
119,1,4.400417530047528,4.4034984065311304,1.0,4,8,fusion_enabled
120,1,4.4841101807257715,4.403995856516969,1.0,4,8,fusion_enabled
121,1,4.56474849181796,4.40451977631937,1.0,4,8,fusion_enabled
122,1,4.641782852421447,4.405077380720121,1.0,4,8,fusion_enabled
123,1,4.714732324648975,4.405674573830925,1.0,4,8,fusion_enabled
124,1,4.783199929637957,4.4063157707737775,1.0,4,8,fusion_enabled
125,1,4.846886105092823,4.407003753722974,1.0,4,8,fusion_enabled
126,1,4.905599749739673,4.407739569741823,1.0,4,8,fusion_enabled
127,1,4.959266381019814,4.408522475893772,1.0,4,8,fusion_enabled
128,1,5.007933076340904,4.409349934734753,1.0,4,8,fusion_enabled
129,1,5.051770034071923,4.410217660684659,1.0,4,8,fusion_enabled
130,1,5.091068764911728,4.411119715139881,1.0,4,8,fusion_enabled
131,1,5.126237093297497,4.412048645736433,1.0,4,8,fusion_enabled
132,1,5.157791298985035,4.412995663094703,1.0,4,8,fusion_enabled
133,1,5.18634584982653,4.413950846822842,1.0,4,8,fusion_enabled
134,1,5.2126012602680145,4.414903371623109,1.0,4,8,fusion_enabled
135,1,5.23733065210606,4.415841744071306,1.0,4,8,fusion_enabled
136,1,5.261365594330424,4.416754041001834,1.0,4,8,fusion_enabled
137,1,5.285581760665356,4.417628141356738,1.0,4,8,fusion_enabled
138,1,5.310884872725673,4.418451944734183,1.0,4,8,fusion_enabled
139,1,5.338197301437409,4.419213571563843,1.0,4,8,fusion_enabled
140,1,5.368445588389513,4.419901541698746,1.0,4,8,fusion_enabled
141,1,5.40254903098938,4.420504930104797,1.0,4,8,fusion_enabled
142,1,5.441409358935576,4.421013500125974,1.0,4,8,fusion_enabled
143,1,5.485901421687536,4.421417816402018,1.0,4,8,fusion_enabled
144,1,5.536864712998638,4.42170934083894,1.0,4,8,fusion_enabled
145,1,5.595095483461671,4.421880516027146,1.0,4,8,fusion_enabled
146,1,5.6613391384129805,4.421924841135154,1.0,4,8,fusion_enabled
147,1,5.73628258848931,4.421836945562086,1.0,4,8,fusion_enabled
148,1,5.82054621500289,4.421612665503635,1.0,4,8,fusion_enabled
149,1,5.914675133097671,4.421249128073738,1.0,4,8,fusion_enabled
150,1,6.019129483199874,4.420744846730448,1.0,4,8,fusion_enabled
151,1,6.134273556277988,4.4200998304836485,1.0,4,8,fusion_enabled
152,1,6.260363661304677,4.419315707722773,1.0,4,8,fusion_enabled
153,1,6.39753477385526,4.418395863511962,1.0,4,8,fusion_enabled
154,1,6.54578616156856,4.41734558689302,1.0,4,8,fusion_enabled
155,1,6.704966361872761,4.416172222175951,1.0,4,8,fusion_enabled
156,1,6.874758083795889,4.414885315484707,1.0,4,8,fusion_enabled
157,1,7.054663809113199,4.413496745113876,1.0,4,8,fusion_enabled
158,1,7.243993064653313,4.412020821748568,1.0,4,8,fusion_enabled
159,1,7.441852509125706,4.410474342569038,1.0,4,8,fusion_enabled
160,1,7.647140102443635,4.408876582013806,1.0,4,8,fusion_enabled
161,1,7.858544679008168,4.407249201842579,1.0,4,8,fusion_enabled
162,1,8.0,4.405616064440162,1.0,4,8,fusion_enabled
163,1,8.0,4.403994113936372,1.0,4,8,fusion_enabled
164,1,8.0,4.40239128084532,1.0,4,8,fusion_enabled
165,1,8.0,4.400831299373531,1.0,4,8,fusion_enabled
166,1,8.0,4.399336726454202,1.0,4,8,fusion_enabled
167,1,8.0,4.397928592651641,1.0,4,8,fusion_enabled
168,1,8.0,4.396626071359597,1.0,4,8,fusion_enabled
169,1,8.0,4.395446171488582,1.0,4,8,fusion_enabled
170,1,8.0,4.394403458500671,1.0,4,8,fusion_enabled
171,1,8.0,4.393509808255978,1.0,4,8,fusion_enabled
172,1,8.0,4.39277419769075,1.0,4,8,fusion_enabled
173,1,8.0,4.392202535859533,1.0,4,8,fusion_enabled
174,1,8.0,4.3917975383493655,1.0,4,8,fusion_enabled
175,1,8.0,4.391558647517514,1.0,4,8,fusion_enabled
176,1,8.0,4.391482000420053,1.0,4,8,fusion_enabled
177,1,8.0,4.391560445690065,1.0,4,8,fusion_enabled
178,1,8.0,4.391783609994124,1.0,4,8,fusion_enabled
179,1,8.0,4.392138014046503,1.0,4,8,fusion_enabled
180,1,8.0,4.392607237494758,1.0,4,8,fusion_enabled
181,1,8.0,4.393172131310859,1.0,4,8,fusion_enabled
182,1,8.0,4.393811075632738,1.0,4,8,fusion_enabled
183,1,8.0,4.394500280306858,1.0,4,8,fusion_enabled
184,1,8.0,4.394725814991323,1.0,4,8,fusion_enabled
185,1,8.0,4.394965647546647,1.0,4,8,fusion_enabled
186,1,8.0,4.395188904465259,1.0,4,8,fusion_enabled
187,1,8.0,4.395364025580694,1.0,4,8,fusion_enabled
188,1,8.0,4.395459241320274,1.0,4,8,fusion_enabled
189,1,8.0,4.395443064811026,1.0,4,8,fusion_enabled
190,1,8.0,4.395284791467389,1.0,4,8,fusion_enabled
191,1,8.0,4.394954998264419,1.0,4,8,fusion_enabled
192,1,8.0,4.394426034588551,1.0,4,8,fusion_enabled
193,1,8.0,4.3936724963772225,1.0,4,8,fusion_enabled
194,1,8.0,4.3926716752246575,1.0,4,8,fusion_enabled
195,1,8.0,4.391403974256758,1.0,4,8,fusion_enabled
196,1,8.0,4.389853282872641,1.0,4,8,fusion_enabled
197,1,8.0,4.3880073029183935,1.0,4,8,fusion_enabled
198,1,8.0,4.385857819499483,1.0,4,8,fusion_enabled
199,1,8.0,4.383400910445543,1.0,4,8,fusion_enabled
200,1,8.0,4.380637089402754,1.0,4,8,fusion_enabled
201,1,8.0,4.377571378626775,1.0,4,8,fusion_enabled
202,1,8.0,4.374213308759848,1.0,4,8,fusion_enabled
203,1,8.0,4.3705768441713735,1.0,4,8,fusion_enabled
204,1,8.0,4.366680233790529,1.0,4,8,fusion_enabled
205,1,8.0,4.362545788728358,1.0,4,8,fusion_enabled
206,1,8.0,4.358199589340494,1.0,4,8,fusion_enabled
207,1,8.0,4.353671125685644,1.0,4,8,fusion_enabled
208,1,8.0,4.348992876556846,1.0,4,8,fusion_enabled
209,1,8.0,4.344199833372879,1.0,4,8,fusion_enabled
210,1,8.0,4.339328976191375,1.0,4,8,fusion_enabled
211,1,8.0,4.334418709923691,1.0,4,8,fusion_enabled
212,1,8.0,4.329508269481105,1.0,4,8,fusion_enabled
213,1,8.0,4.324637103055418,1.0,4,8,fusion_enabled
214,1,8.0,4.319844243033757,1.0,4,8,fusion_enabled
215,1,8.0,4.31516767417253,1.0,4,8,fusion_enabled
216,1,8.0,4.310643708619317,1.0,4,8,fusion_enabled
217,1,8.0,4.306306377188586,1.0,4,8,fusion_enabled
218,1,8.0,4.3015815520152,1.0,4,8,fusion_enabled
219,1,8.0,4.297122145136229,1.0,4,8,fusion_enabled
220,1,8.0,4.292952513623441,1.0,4,8,fusion_enabled
221,1,8.0,4.2906680857432935,1.0,4,8,fusion_enabled
222,1,8.0,4.288645399561355,1.0,4,8,fusion_enabled
223,1,8.0,4.286894217510705,1.0,4,8,fusion_enabled
224,1,8.0,4.285419192151817,1.0,4,8,fusion_enabled
225,1,8.0,4.2842196983689576,1.0,4,8,fusion_enabled
226,1,8.0,4.283289739312491,1.0,4,8,fusion_enabled
227,1,8.0,4.282617928873128,1.0,4,8,fusion_enabled
228,1,8.0,4.28218755265364,1.0,4,8,fusion_enabled
229,1,8.0,4.281976708546816,1.0,4,8,fusion_enabled
230,1,8.0,4.281958527128296,1.0,4,8,fusion_enabled
231,1,8.0,4.282193762228315,1.0,4,8,fusion_enabled
232,1,8.0,4.282555183848809,1.0,4,8,fusion_enabled
233,1,8.0,4.283003317455562,1.0,4,8,fusion_enabled
234,1,8.0,4.283495456909049,1.0,4,8,fusion_enabled
235,1,8.0,4.2839862540573606,1.0,4,8,fusion_enabled
236,1,8.0,4.284428365629872,1.0,4,8,fusion_enabled
237,1,8.0,4.284773149722685,1.0,4,8,fusion_enabled
238,1,8.0,4.2849714029657155,1.0,4,8,fusion_enabled
239,1,8.0,4.28497412830054,1.0,4,8,fusion_enabled
240,1,8.0,4.284733322213825,1.0,4,8,fusion_enabled
241,1,8.0,4.284202769303677,1.0,4,8,fusion_enabled
242,1,8.0,4.283338831248116,1.0,4,8,fusion_enabled
243,1,8.0,4.282101216639207,1.0,4,8,fusion_enabled
244,1,8.0,4.280453717784479,1.0,4,8,fusion_enabled
245,1,8.0,4.278364900495949,1.0,4,8,fusion_enabled
246,1,8.0,4.275808733116576,1.0,4,8,fusion_enabled
247,1,8.0,4.272765141595371,1.0,4,8,fusion_enabled
248,1,8.0,4.2692204783255026,1.0,4,8,fusion_enabled
249,1,8.0,4.265167893701845,1.0,4,8,fusion_enabled
250,1,8.0,4.260607600918974,1.0,4,8,fusion_enabled
251,1,8.0,4.255547026387378,1.0,4,8,fusion_enabled
252,1,8.0,4.2500008402508485,1.0,4,8,fusion_enabled
253,1,8.0,4.243990863786327,1.0,4,8,fusion_enabled
254,1,8.0,4.2365554141225275,1.0,4,8,fusion_enabled
255,1,8.0,4.228707325866559,1.0,4,8,fusion_enabled
256,1,8.0,4.22048853505097,1.0,4,8,fusion_enabled
257,1,8.0,4.211946960200091,1.0,4,8,fusion_enabled
258,1,8.0,4.203135816581199,1.0,4,8,fusion_enabled
259,1,8.0,4.194112830714963,1.0,4,8,fusion_enabled
260,1,8.0,4.184939367710594,1.0,4,8,fusion_enabled
261,1,8.0,4.175679485509373,1.0,4,8,fusion_enabled
262,1,8.0,4.166529756040755,1.0,4,8,fusion_enabled
263,1,8.0,4.157419402572326,1.0,4,8,fusion_enabled
264,1,8.0,4.148414239314514,1.0,4,8,fusion_enabled
265,1,8.0,4.139578597639735,1.0,4,8,fusion_enabled
266,1,8.0,4.130974258048273,1.0,4,8,fusion_enabled
267,1,8.0,4.122659404204553,1.0,4,8,fusion_enabled
268,1,8.0,4.1146876138806325,1.0,4,8,fusion_enabled
269,1,8.0,4.107106900741661,1.0,4,8,fusion_enabled
270,1,8.0,4.09995881990654,1.0,4,8,fusion_enabled
271,1,8.0,4.093277649171862,1.0,4,8,fusion_enabled
272,1,8.0,4.087089656747339,1.0,4,8,fusion_enabled
273,1,8.0,4.0814124653552355,1.0,4,8,fusion_enabled
274,1,8.0,4.076254521620899,1.0,4,8,fusion_enabled
275,1,8.0,4.071614678838355,1.0,4,8,fusion_enabled
276,1,8.0,4.067481900430739,1.0,4,8,fusion_enabled
277,1,8.0,4.063835090721649,1.0,4,8,fusion_enabled
278,1,8.0,4.0606430589576545,1.0,4,8,fusion_enabled
279,1,8.0,4.0578646218290295,1.0,4,8,fusion_enabled
280,1,8.0,4.055448848970491,1.0,4,8,fusion_enabled
281,1,8.0,4.053335455024982,1.0,4,8,fusion_enabled
282,1,8.0,4.051455340757872,1.0,4,8,fusion_enabled
283,1,8.0,4.049731284355189,1.0,4,8,fusion_enabled
284,1,8.0,4.0480787823736435,1.0,4,8,fusion_enabled
285,1,8.0,4.046407037791126,1.0,4,8,fusion_enabled
286,1,8.0,4.044620090209932,1.0,4,8,fusion_enabled
287,1,8.0,4.042618080490082,1.0,4,8,fusion_enabled
288,1,8.0,4.040298638961351,1.0,4,8,fusion_enabled
289,1,8.0,4.037558382934431,1.0,4,8,fusion_enabled
290,1,8.0,4.034294505589073,1.0,4,8,fusion_enabled
291,1,8.0,4.030406434576006,1.0,4,8,fusion_enabled
292,1,8.0,4.025797534973951,1.0,4,8,fusion_enabled
293,1,8.0,4.020376827761398,1.0,4,8,fusion_enabled
294,1,8.0,4.014060691879591,1.0,4,8,fusion_enabled
295,1,8.0,4.006774515471144,1.0,4,8,fusion_enabled
296,1,8.0,3.9984542601669055,1.0,4,8,fusion_enabled
297,1,8.0,3.9890479015356153,1.0,4,8,fusion_enabled
298,1,8.0,3.9785167091509823,1.0,4,8,fusion_enabled
299,1,8.0,3.967048406854503,1.0,4,8,fusion_enabled
300,1,8.0,3.9548777007487073,1.0,4,8,fusion_enabled
301,1,8.0,3.942031866508544,1.0,4,8,fusion_enabled
302,1,8.0,3.928553695962339,1.0,4,8,fusion_enabled
303,1,8.0,3.9145006765664436,1.0,4,8,fusion_enabled
304,1,8.0,3.8999439011575605,1.0,4,8,fusion_enabled
305,1,8.0,3.884966731191514,1.0,4,8,fusion_enabled
306,1,8.0,3.8696632427972704,1.0,4,8,fusion_enabled
307,1,8.0,3.8541364899946218,1.0,4,8,fusion_enabled
308,1,8.0,3.8384966231564728,1.0,4,8,fusion_enabled
309,1,8.0,3.8228589031302302,1.0,4,8,fusion_enabled
310,1,8.0,3.807341652335833,1.0,4,8,fusion_enabled
311,1,8.0,3.7920641836786757,1.0,4,8,fusion_enabled
312,1,8.0,3.7771447463756758,1.0,4,8,fusion_enabled
313,1,8.0,3.7626985249756535,1.0,4,8,fusion_enabled
314,1,8.0,3.7488357241915296,1.0,4,8,fusion_enabled
315,1,8.0,3.735659767911148,1.0,4,8,fusion_enabled
316,1,8.0,3.7232656361857988,1.0,4,8,fusion_enabled
317,1,8.0,3.7117383593730047,1.0,4,8,fusion_enabled
318,1,8.0,3.701151684171068,1.0,4,8,fusion_enabled
319,1,8.0,3.6915669222278495,1.0,4,8,fusion_enabled
320,1,8.0,3.683031988488317,1.0,4,8,fusion_enabled
321,1,8.0,3.675580633563732,1.0,4,8,fusion_enabled
322,1,8.0,3.669231872202797,1.0,4,8,fusion_enabled
323,1,8.0,3.6639896084094374,1.0,4,8,fusion_enabled
324,1,8.0,3.65984245681976,1.0,4,8,fusion_enabled
325,1,8.0,3.6567649364337935,1.0,4,8,fusion_enabled
326,1,8.0,3.6549289977659623,1.0,4,8,fusion_enabled
327,1,8.0,3.654255453827219,1.0,4,8,fusion_enabled
328,1,8.0,3.6546530899379492,1.0,4,8,fusion_enabled
329,1,8.0,3.656019652549502,1.0,4,8,fusion_enabled
330,1,8.0,3.6582429950335653,1.0,4,8,fusion_enabled
331,1,8.0,3.661202375380764,1.0,4,8,fusion_enabled
332,1,8.0,3.6647698990037867,1.0,4,8,fusion_enabled
333,1,8.0,3.6688120974123697,1.0,4,8,fusion_enabled
334,1,8.0,3.6731916304557806,1.0,4,8,fusion_enabled
335,1,8.0,3.677769096203097,1.0,4,8,fusion_enabled
336,1,8.0,3.6824049284934244,1.0,4,8,fusion_enabled
337,1,8.0,3.6869613579246514,1.0,4,8,fusion_enabled
338,1,8.0,3.6913044077871557,1.0,4,8,fusion_enabled
339,1,8.0,3.6953058924435305,1.0,4,8,fusion_enabled
340,1,8.0,3.69884538217768,1.0,4,8,fusion_enabled
341,1,8.0,3.7018120958565106,1.0,4,8,fusion_enabled
342,1,8.0,3.7041066811162415,1.0,4,8,fusion_enabled
343,1,8.0,3.705642841417628,1.0,4,8,fusion_enabled
344,1,8.0,3.7063487703699574,1.0,4,8,fusion_enabled
345,1,8.0,3.7061683562927117,1.0,4,8,fusion_enabled
346,1,8.0,3.7050621240748964,1.0,4,8,fusion_enabled
347,1,8.0,3.703007886926009,1.0,4,8,fusion_enabled
348,1,8.0,3.7000010874219065,1.0,4,8,fusion_enabled
349,1,8.0,3.6960548150838086,1.0,4,8,fusion_enabled
350,1,8.0,3.691199496270326,1.0,4,8,fusion_enabled
351,1,8.0,3.685482261040881,1.0,4,8,fusion_enabled
352,1,8.0,3.678966000466644,1.0,4,8,fusion_enabled
353,1,8.0,3.671728136222533,1.0,4,8,fusion_enabled
354,1,8.0,3.663859131815843,1.0,4,8,fusion_enabled
355,1,8.0,3.6554607811676614,1.0,4,8,fusion_enabled
356,1,8.0,3.6466443152065713,1.0,4,8,fusion_enabled
357,1,8.0,3.6375283704899757,1.0,4,8,fusion_enabled
358,1,8.0,3.6282368655608055,1.0,4,8,fusion_enabled
359,1,8.0,3.6188968307963383,1.0,4,8,fusion_enabled
360,1,8.0,3.609636236021396,1.0,4,8,fusion_enabled
361,1,8.0,3.600581857328595,1.0,4,8,fusion_enabled
362,1,8.0,3.591857220622979,1.0,4,8,fusion_enabled
363,1,8.0,3.5835806546775557,1.0,4,8,fusion_enabled
364,1,8.0,3.5758634812593573,1.0,4,8,fusion_enabled
365,1,8.0,3.568808364469791,1.0,4,8,fusion_enabled
366,1,8.0,3.5637726754446737,1.0,4,8,fusion_enabled
367,1,8.0,3.5591926152630853,1.0,4,8,fusion_enabled
368,1,8.0,3.5554578313358585,1.0,4,8,fusion_enabled
369,1,8.0,3.552624979296933,1.0,4,8,fusion_enabled
370,1,8.0,3.550736817714535,1.0,4,8,fusion_enabled
371,1,8.0,3.549821706849954,1.0,4,8,fusion_enabled
372,1,8.0,3.549893300444894,1.0,4,8,fusion_enabled
373,1,8.0,3.550950427184398,1.0,4,8,fusion_enabled
374,1,8.0,3.5529771580789644,1.0,4,8,fusion_enabled
375,1,8.0,3.5559430559705345,1.0,4,8,fusion_enabled
376,1,8.0,3.5598036035269853,1.0,4,8,fusion_enabled
377,1,8.0,3.564500806275489,1.0,4,8,fusion_enabled
378,1,8.0,3.5699639672668235,1.0,4,8,fusion_enabled
379,1,8.0,3.5761106297041283,1.0,4,8,fusion_enabled
380,1,8.0,3.5828476831774028,1.0,4,8,fusion_enabled
381,1,8.0,3.590072627917455,1.0,4,8,fusion_enabled
382,1,8.0,3.5976749896570253,1.0,4,8,fusion_enabled
383,1,8.0,3.6055378752440674,1.0,4,8,fusion_enabled
384,1,8.0,3.613539656122719,1.0,4,8,fusion_enabled
385,1,8.0,3.6215557632616977,1.0,4,8,fusion_enabled
386,1,8.0,3.6294605731973815,1.0,4,8,fusion_enabled
387,1,8.0,3.6371293607448867,1.0,4,8,fusion_enabled
388,1,8.0,3.644440289829019,1.0,4,8,fusion_enabled
389,1,8.0,3.651276410040516,1.0,4,8,fusion_enabled
390,1,8.0,3.6575276231897487,1.0,4,8,fusion_enabled
391,1,8.0,3.663092581568231,1.0,4,8,fusion_enabled
392,1,8.0,3.66788047807929,1.0,4,8,fusion_enabled
393,1,8.0,3.6718126880695596,1.0,4,8,fusion_enabled
394,1,8.0,3.6748242237374504,1.0,4,8,fusion_enabled
395,1,8.0,3.6768649645016023,1.0,4,8,fusion_enabled
396,1,8.0,3.677900630691762,1.0,4,8,fusion_enabled
397,1,8.0,3.6779134733025782,1.0,4,8,fusion_enabled
398,1,8.0,3.676902659168383,1.0,4,8,fusion_enabled
399,1,8.0,3.6748843385359624,1.0,4,8,fusion_enabled
0,5,2.198993672926423,1.5807236842105263,0.5610021262650433,0,0,parasitic_drain
1,5,2.1577518019155253,1.6585264456371192,0.5610021262650433,0,0,parasitic_drain
2,5,2.122849437232792,1.7335139755647233,0.5517543814267433,0,1,parasitic_drain
3,5,2.0796254197475683,1.8057881409225787,0.5500252781012983,0,1,parasitic_drain
4,5,2.0530270633320207,1.8754471226655116,0.5500252781012983,0,1,parasitic_drain
5,5,2.027399790177791,1.9425855491480095,0.5500252781012983,0,1,parasitic_drain
6,5,1.9974605484814387,2.007294624672259,0.5500252781012983,0,1,parasitic_drain
7,5,1.9676770593237587,2.069662253384776,0.5500252781012984,0,1,parasitic_drain
8,5,1.9414588421634045,2.129773158689932,0.5500252781012984,0,1,parasitic_drain
9,5,1.921086698397074,2.187708998342599,0.5500252781012984,0,1,parasitic_drain
10,5,1.887725914489225,2.243548475376255,0.5476776559663962,0,1,parasitic_drain
11,5,1.8577820788708743,2.2973674450172457,0.5476776559663962,0,1,parasitic_drain
12,5,1.832606144143283,2.3492390177304374,0.5476776559663962,0,1,parasitic_drain
13,5,1.8109800620673797,2.399233658536244,0.5476776559663962,0,1,parasitic_drain
14,5,1.7785745627254754,2.4474173347547343,0.5476776559663962,0,1,parasitic_drain
15,5,1.7506853470835622,2.4938547884254003,0.5476776559663962,0,1,parasitic_drain
16,5,1.7201151309443332,2.5386096955600554,0.5476776559663962,0,1,parasitic_drain
17,5,1.6920266699700062,2.581743619105813,0.5476776559663963,0,1,parasitic_drain
18,5,1.67805746750505,2.62331575529165,0.5476776559663963,0,1,parasitic_drain
19,5,1.6605932457016153,2.663382683264153,0.5476776559663963,0,1,parasitic_drain
20,5,1.6321649167640035,2.7019990941278293,0.5476776559663963,0,1,parasitic_drain
21,5,1.616683897790488,2.739217948897635,0.5476776559663963,0,1,parasitic_drain
22,5,1.5912222049068288,2.7750899065524623,0.5476776559663962,0,1,parasitic_drain
23,5,1.5784803617138254,2.8096637517265077,0.5476776559663962,0,1,parasitic_drain
24,5,1.5533652000842555,2.842986862744508,0.5476776559663962,0,1,parasitic_drain
25,5,1.5294179259132723,2.875105068335174,0.5476776559663962,0,1,parasitic_drain
26,5,1.5041533840253776,2.906061794848227,0.5581186333228546,0,2,parasitic_drain
27,5,1.4919858632446878,2.935899070653091,0.5631129162538201,0,3,parasitic_drain
28,5,1.4577481838384794,2.964657308556449,0.5631129162538201,0,3,parasitic_drain
29,5,1.4383017886791605,2.9923756313284633,0.5613282450393644,0,3,parasitic_drain
30,5,1.4239965336523752,3.0190915604853648,0.5613282450393644,0,3,parasitic_drain
31,5,1.4099378636339452,3.0448411631629204,0.5859852545328426,0,4,parasitic_drain
32,5,1.3939263485254594,3.0696654301823436,0.5859852545328426,0,4,parasitic_drain
33,5,1.3722345075693492,3.0935914664593525,0.5859852545328426,0,4,parasitic_drain
34,5,1.3574378293753693,3.116651555277401,0.5859852545328426,0,4,parasitic_drain
35,5,1.3381269894805783,3.1388769190596952,0.5859852545328426,0,4,parasitic_drain
36,5,1.3271011943939142,3.1602975066979178,0.5859852545328426,0,4,parasitic_drain
37,5,1.3131139299230306,3.1809422874036493,0.5859852545328426,0,4,parasitic_drain
38,5,1.2953424049514506,3.2008391258275575,0.5859852545328426,0,4,parasitic_drain
39,5,1.281557761443217,3.2200147278507587,0.5859852545328426,0,4,parasitic_drain
40,5,1.2696387991566311,3.238495155220326,0.5859852545328426,0,4,parasitic_drain
41,5,1.256882773155985,3.256305192634301,0.5859852545328426,0,4,parasitic_drain
42,5,1.2440748291234538,3.2734688247301893,0.5871955665724876,0,4,parasitic_drain
43,5,1.2296160287166245,3.2900095728987613,0.5871955665724876,0,4,parasitic_drain
44,5,1.2162244130085103,3.3059493889643554,0.5871955665724876,0,4,parasitic_drain
45,5,1.1996429393457353,3.3213097890532643,0.5871955665724876,0,4,parasitic_drain
46,5,1.1932933921534636,3.3361121177093067,0.5881676629825033,0,4,parasitic_drain
47,5,1.1821420949977242,3.3503787090744725,0.5881676629825033,0,4,parasitic_drain
48,5,1.1713106846980985,3.3641268532848954,0.5881676629825033,0,4,parasitic_drain
49,5,1.1555414173238383,3.3773745314934627,0.5881676629825033,0,4,parasitic_drain
50,5,1.1489940355252206,3.3901403052196346,0.5881676629825033,0,4,parasitic_drain
51,5,1.1440615953443416,3.4024410401102587,0.5881676629825033,0,4,parasitic_drain
52,5,1.134490357091419,3.414293497710906,0.5881676629825033,0,4,parasitic_drain
53,5,1.1211367614906917,3.4257149982279467,0.5980083097666076,0,5,parasitic_drain
54,5,1.1175666313802968,3.436721239565678,0.5943995710141073,0,5,parasitic_drain
55,5,1.1153962877308032,3.4473261778049267,0.5943995710141073,0,5,parasitic_drain
56,5,1.112692418994255,3.457544251367253,0.6003526569970695,0,5,parasitic_drain
57,5,1.1061195679639728,3.4673896220188296,0.6003526569970695,0,6,parasitic_drain
58,5,1.097432891962912,3.4768774942146377,0.622180539469379,0,7,parasitic_drain
59,5,1.0949585803674355,3.486021163674424,0.622180539469379,0,7,parasitic_drain
60,5,1.088416447320263,3.4948315352026027,0.622180539469379,0,7,parasitic_drain
61,5,1.0824378231440839,3.5033227477287383,0.622180539469379,0,7,parasitic_drain
62,5,1.0806569159776673,3.511504664475955,0.622180539469379,0,7,parasitic_drain
63,5,1.0777169240956708,3.5193887320236534,0.622180539469379,0,7,parasitic_drain
64,5,1.0717987599693044,3.5269859486340676,0.6339019575179132,0,8,parasitic_drain
65,5,1.0658717473070678,3.534309051103023,0.6329298611078975,0,9,parasitic_drain
66,5,1.0648259435508232,3.541368226904805,0.6329298611078975,0,9,parasitic_drain
67,5,1.0562369560983458,3.548171283275564,0.6329298611078975,0,9,parasitic_drain
68,5,1.0503010819315846,3.5547295854290066,0.6329298611078975,0,9,parasitic_drain
69,5,1.0430603598229349,3.5610523863176473,0.6329298611078975,0,9,parasitic_drain
70,5,1.0376418638966083,3.567148374512654,0.6329298611078975,0,9,parasitic_drain
71,5,1.0314088320730193,3.5730240815570347,0.6329298611078975,0,9,parasitic_drain
72,5,1.024723802316959,3.5786895114108432,0.6329298611078975,0,9,parasitic_drain
73,5,1.0212808792131192,3.5841506163630563,0.6329298611078975,0,9,parasitic_drain
74,5,1.0199279240772656,3.589414990251235,0.6329298611078975,0,9,parasitic_drain
75,5,1.0171454492005838,3.5944897395128934,0.6329298611078975,0,9,parasitic_drain
76,5,1.0142000896512255,3.599381988473979,0.6329298611078975,0,9,parasitic_drain
77,5,1.0110919048195939,3.604098402801117,0.6329298611078975,0,9,parasitic_drain
78,5,1.0033430777957058,3.608645363948422,0.6329298611078975,0,9,parasitic_drain
79,5,0.9932847245038697,3.6130304205777177,0.6329298611078975,0,9,parasitic_drain
80,5,0.9867082535714422,3.6172596187116115,0.6329298611078975,0,9,parasitic_drain
81,5,0.9749020706724397,3.6213366431275533,0.6329298611078975,0,9,parasitic_drain
82,5,0.9667737615407873,3.625268066023564,0.6329298611078975,0,9,parasitic_drain
83,5,0.9565706938333196,3.629058912410905,0.6329298611078975,0,9,parasitic_drain
84,5,0.9524233022648466,3.6327139527516756,0.6329298611078975,0,9,parasitic_drain
85,5,0.9473856175165061,3.636236739041463,0.6329298611078975,0,9,parasitic_drain
86,5,0.937662796022525,3.6396317648933376,0.6329298611078975,0,9,parasitic_drain
87,5,0.933629168867944,3.6429043704574466,0.6329298611078975,0,9,parasitic_drain
88,5,0.9297215341105514,3.646057659911813,0.6329298611078975,0,9,parasitic_drain
89,5,0.925979567550133,3.6490956050525467,0.6362224690913941,0,9,parasitic_drain
90,5,0.920863040346152,3.652022016908041,0.6362224690913941,0,9,parasitic_drain
91,5,0.9137793659606124,3.654840538679878,0.6362224690913941,0,9,parasitic_drain
92,5,0.9059756620819256,3.657556129723474,0.6362224690913941,0,9,parasitic_drain
93,5,0.9028562408107347,3.660172384779283,0.6362224690913941,0,9,parasitic_drain
94,5,0.8973695554746218,3.6626910553492675,0.640691343923668,0,10,parasitic_drain
95,5,0.8950235758952616,3.6651152805967713,0.640691343923668,0,10,parasitic_drain
96,5,0.887665511395248,3.6674481441804034,0.640691343923668,0,10,parasitic_drain
97,5,0.8852078389834609,3.6696946788716365,0.640691343923668,0,10,parasitic_drain
98,5,0.8803524058916117,3.6718557479836926,0.640691343923668,0,10,parasitic_drain
99,5,0.8794620620622599,3.6739363545871373,0.640691343923668,0,10,parasitic_drain
100,5,0.8799795169643108,3.675937063416405,0.640691343923668,0,10,parasitic_drain
101,5,0.8772093059161153,3.6778603151253333,0.640691343923668,0,10,parasitic_drain
102,5,0.8707724340762188,3.6797087836471567,0.6325847428814241,0,11,parasitic_drain
103,5,0.8704226133989742,3.6814971290088927,0.6325847428814241,0,11,parasitic_drain
104,5,0.8705695157039609,3.6832160843821717,0.6325847428814241,0,11,parasitic_drain
105,5,0.8693361280958,3.6848680480734517,0.6325847428814241,0,11,parasitic_drain
106,5,0.8660718826243317,3.686455344936915,0.6325847428814241,0,11,parasitic_drain
107,5,0.8634736477265211,3.6879836908200714,0.6305246995736173,0,11,parasitic_drain
108,5,0.8601607160158534,3.6894554763641816,0.6305246995736172,0,11,parasitic_drain
109,5,0.8632079639694668,3.6908730114360933,0.6305246995736172,0,11,parasitic_drain
110,5,0.859092129394856,3.69223482857534,0.6305246995736172,0,11,parasitic_drain
111,5,0.8619605859985807,3.6935469390879754,0.6305246995736172,0,11,parasitic_drain
112,5,0.8597579291020765,3.6948077904054095,0.6305246995736172,0,11,parasitic_drain
113,5,0.86250713673419,3.6960232842865275,0.6305246995736172,0,11,parasitic_drain
114,5,0.8638362861466581,3.6971915933282298,0.6305246995736172,0,11,parasitic_drain
115,5,0.859594520970469,3.698314682198665,0.6305246995736172,0,11,parasitic_drain
116,5,0.862407399463478,3.69939853767088,0.6305246995736173,0,11,parasitic_drain
117,5,0.8657112532303625,3.700440988448127,0.6290774953845404,0,11,parasitic_drain
118,5,0.8632050301995171,3.701443789807386,0.6290774953845404,0,11,parasitic_drain
119,5,0.8595325374662298,3.702412952259983,0.6290774953845404,0,11,parasitic_drain
120,5,0.8601553810757855,3.703349868101599,0.6290774953845404,0,11,parasitic_drain
121,5,0.8569414667051735,3.7042522187337434,0.6290774953845404,0,11,parasitic_drain
122,5,0.8530199036471003,3.7051254795363913,0.6290774953845404,0,11,parasitic_drain
123,5,0.8488756014818298,3.7059708617458336,0.6290774953845404,0,11,parasitic_drain
124,5,0.843200762404477,3.706789481118623,0.6290774953845404,0,11,parasitic_drain
125,5,0.8393201566600599,3.7075823387634266,0.6290774953845404,0,11,parasitic_drain
126,5,0.839751712145799,3.7083502940019324,0.6288451524301314,0,11,parasitic_drain
127,5,0.8384654117429039,3.7090912060522565,0.6288451524301314,0,11,parasitic_drain
128,5,0.8330454807288616,3.709806099401064,0.6288451524301314,0,11,parasitic_drain
129,5,0.822260310905437,3.7104989110317037,0.6178446821899739,0,12,parasitic_drain
130,5,0.8149549349686366,3.711169370087421,0.6120324137786537,0,13,parasitic_drain
131,5,0.8146165647550874,3.711816039803649,0.6120324137786537,0,13,parasitic_drain
132,5,0.8089672983377981,3.7124396612063886,0.6214558184490584,0,14,parasitic_drain
133,5,0.8012405504486343,3.713047849603736,0.6214558184490584,0,14,parasitic_drain
134,5,0.7937182007726042,3.7136363677654076,0.6214558184490584,0,14,parasitic_drain
135,5,0.7908218625348639,3.7142030842046396,0.6345163319970226,0,15,parasitic_drain
136,5,0.7880382534315172,3.71474841926103,0.6345163319970226,0,15,parasitic_drain
137,5,0.7871892573891667,3.715272672265435,0.6665444012242163,0,16,parasitic_drain
138,5,0.7863098791850834,3.7157761045972686,0.6665444012242163,0,16,parasitic_drain
139,5,0.7856490565384969,3.7162588986503606,0.6665444012242163,0,16,parasitic_drain
140,5,0.7852552890539796,3.716721191592004,0.6665444012242163,0,16,parasitic_drain
141,5,0.7851788450412163,3.71716307885137,0.6665444012242163,0,16,parasitic_drain
142,5,0.78752805975407,3.7175846198696325,0.6665444012242163,0,16,parasitic_drain
143,5,0.7882199523468482,3.7179858717880965,0.6757461046903364,0,16,parasitic_drain
144,5,0.7894982156082128,3.718366809509985,0.6757461046903364,0,16,parasitic_drain
145,5,0.7931830058626353,3.7187274173145335,0.6757461046903364,0,16,parasitic_drain
146,5,0.7955782781241524,3.71906741657696,0.6757461046903364,0,16,parasitic_drain
147,5,0.7986127948340008,3.7193869948995735,0.6757461046903364,0,16,parasitic_drain
148,5,0.8023397544177873,3.7196860980024598,0.6757461046903364,0,16,parasitic_drain
149,5,0.8068114676883102,3.719964669020092,0.6757461046903364,0,16,parasitic_drain
150,5,0.8120790396514488,3.720222653621988,0.6757461046903364,0,16,parasitic_drain
151,5,0.8186046569087773,3.72046000573124,0.6757461046903364,0,16,parasitic_drain
152,5,0.8277187168909761,3.7206765752633473,0.6757461046903364,0,16,parasitic_drain
153,5,0.8356497369900796,3.720872503491235,0.6757461046903364,0,16,parasitic_drain
154,5,0.8462457244007912,3.7210477747839334,0.6757461046903364,0,16,parasitic_drain
155,5,0.8562075716408628,3.721201893477996,0.6757461046903364,0,16,parasitic_drain
156,5,0.8672267054036075,3.721335504328815,0.6757461046903364,0,16,parasitic_drain
157,5,0.88056344974011,3.721448780719845,0.6757461046903364,0,16,parasitic_drain
158,5,0.8938028726696615,3.721541515029204,0.6757461046903364,0,16,parasitic_drain
159,5,0.9102732650230817,3.7216144827185387,0.6757461046903364,0,16,parasitic_drain
160,5,0.925759619262861,3.7216681695835208,0.6757461046903364,0,16,parasitic_drain
161,5,0.9423833260535843,3.721703079241197,0.6757461046903364,0,16,parasitic_drain
162,5,0.9601347095165217,3.721719887226603,0.6839290825060091,0,17,parasitic_drain
163,5,0.9789171272669072,3.721719403015496,0.6839290825060091,0,17,parasitic_drain
164,5,0.9987778691220642,3.7217025741794685,0.6839290825060091,0,17,parasitic_drain
165,5,1.0196748541062741,3.7216704928632685,0.6839290825060091,0,17,parasitic_drain
166,5,1.0415546197769237,3.721624391473773,0.6839290825060091,0,17,parasitic_drain
167,5,1.0643526409591721,3.721565634696538,0.6839290825060091,0,17,parasitic_drain
168,5,1.0879940798885992,3.721495705156283,0.6839290825060091,0,17,parasitic_drain
169,5,1.1123950147332797,3.7214161822080998,0.6926371790023589,0,18,parasitic_drain
170,5,1.1374631378068347,3.721328713628254,0.6926371790023589,0,18,parasitic_drain
171,5,1.1631031871660449,3.721234980278415,0.6926371790023589,0,18,parasitic_drain
172,5,1.1892164542134032,3.721136654395396,0.6904669168179958,0,18,parasitic_drain
173,5,1.215962458203645,3.7210353521821284,0.6904669168179958,0,18,parasitic_drain
174,5,1.2431192512508378,3.7209325928819905,0.6904669168179958,0,18,parasitic_drain
175,5,1.2703230996943007,3.7208296669262513,0.7330098111396328,0,19,parasitic_drain
176,5,1.297648905254404,3.7207277614067595,0.7330098111396328,0,19,parasitic_drain
177,5,1.325029886794817,3.7206277355913433,0.7330098111396328,0,19,parasitic_drain
178,5,1.3524278832338605,3.7205301268971858,0.7330098111396328,0,19,parasitic_drain
179,5,1.3798332409164435,3.720435106084526,0.7343811727675564,0,19,parasitic_drain
180,5,1.4072638349401894,3.7203424392617763,0.7343811727675564,0,19,parasitic_drain
181,5,1.4347627716787676,3.7202514578953205,0.7343811727675564,0,19,parasitic_drain
182,5,1.4624081841425816,3.720161037502393,0.756680263759187,0,20,parasitic_drain
183,5,1.4903127078966965,3.720069585913475,0.756680263759187,0,20,parasitic_drain
184,5,1.518623752165225,3.7199750402841296,0.756680263759187,0,20,parasitic_drain
185,5,1.5475250262413005,3.719874872080602,0.756680263759187,0,20,parasitic_drain
186,5,1.577236409803115,3.7197660988797763,0.756680263759187,0,20,parasitic_drain
187,5,1.6080137555288667,3.719645301349172,0.756680263759187,0,20,parasitic_drain
188,5,1.6401484287154555,3.71950864369039,0.756680263759187,0,20,parasitic_drain
189,5,1.6739666941440414,3.719351895799311,0.756680263759187,0,20,parasitic_drain
190,5,1.709829055030957,3.719170455533788,0.756680263759187,0,20,parasitic_drain
191,5,1.7481296338893433,3.7189593697564827,0.756680263759187,0,20,parasitic_drain
192,5,1.7892956614575806,3.71871335321787,0.756680263759187,0,20,parasitic_drain
193,5,1.833787108806267,3.7184268048390456,0.756680263759187,0,20,parasitic_drain
194,5,1.882096460735648,3.718093821521099,0.7517583897898898,0,20,parasitic_drain
195,5,1.934726022169417,3.717708210223999,0.7517583897898898,0,20,parasitic_drain
196,5,1.9922554559890902,3.717263497812098,0.7537648303017234,0,20,parasitic_drain
197,5,2.0552589510119486,3.7167529481108534,0.7537648303017234,0,20,parasitic_drain
198,5,2.1243721399467095,3.7161695765965486,0.7537648303017234,0,20,parasitic_drain
199,5,2.200246048398329,3.7155061784755166,0.7511295981284699,0,20,parasitic_drain
200,5,2.275751595606088,3.7148724329775162,0.7511295981284699,0,20,parasitic_drain
201,5,2.3584069776052226,3.714154570360555,0.7511295981284699,0,20,parasitic_drain
202,5,2.4488019888310153,3.7133466732563427,0.7511295981284699,0,20,parasitic_drain
203,5,2.5475282884338286,3.712442996973209,0.7552354544559968,0,20,parasitic_drain
204,5,2.6553597869553807,3.7114380857091116,0.7552354544559968,0,20,parasitic_drain
205,5,2.7725011938279116,3.710326760819908,0.7552354544559968,0,20,parasitic_drain
206,5,2.8996702080374956,3.7091047438364364,0.7552354544559968,0,20,parasitic_drain
207,5,3.0373643649813404,3.7077684141034912,0.7552354544559968,0,20,parasitic_drain
208,5,3.186021126478952,3.7063151805363166,0.7552354544559968,0,20,parasitic_drain
209,5,3.345998843692385,3.7047437330422848,0.7552354544559968,0,20,parasitic_drain
210,5,3.518012620558762,3.7030543116637915,0.7552354544559968,0,20,parasitic_drain
211,4,3.6699880232658093,3.701248463382785,0.7568657330139055,0,20,parasitic_drain
212,4,3.8659072506363192,3.6993252345400625,0.7568657330139055,0,20,parasitic_drain
213,4,4.073407430121945,3.6972964821407617,0.7538860371435239,0,20,parasitic_drain
214,4,4.292136676134831,3.6951712817665254,0.7564067112594158,0,21,parasitic_drain
215,4,4.521571961180759,3.692961427364633,0.7564067112594158,0,21,parasitic_drain
216,4,4.761084612503756,3.6906814998043154,0.7564067112594158,0,21,parasitic_drain
217,4,5.009333921328799,3.6883485418193453,0.7564067112594158,0,21,parasitic_drain
218,4,5.2652945051416395,3.6859826607527344,0.7534763867711519,0,22,parasitic_drain
219,4,5.493747879478199,3.684113361332597,0.7534763867711519,0,22,parasitic_drain
220,4,5.72461349912708,3.682274303966237,0.7534763867711519,0,22,parasitic_drain
221,4,5.956399189396795,3.6804868756485813,0.7534763867711519,0,22,parasitic_drain
222,4,6.187579966870202,3.6787722071608786,0.7534763867711519,0,22,parasitic_drain
223,4,6.4166469968157225,3.677150445665316,0.7534763867711519,0,22,parasitic_drain
224,4,6.64216043296768,3.6756399945977343,0.7534763867711519,0,22,parasitic_drain
225,4,6.862803747576248,3.6742567580259538,0.7534763867711519,0,22,parasitic_drain
226,4,7.120352611404204,3.6723696935614014,0.7534763867711519,0,23,parasitic_drain
227,4,7.372526779187212,3.6706311138408436,0.7534763867711519,0,23,parasitic_drain
228,4,7.618388249563486,3.6690498918152343,0.7534763867711519,0,23,parasitic_drain
229,4,7.857328114960064,3.667629695437513,0.7534763867711519,0,23,parasitic_drain
230,4,8.08910378040232,3.6663685613728627,0.7534763867711519,0,23,parasitic_drain
231,4,8.140413355924194,3.6652586662034596,0.7534763867711519,0,23,parasitic_drain
232,4,8.135620560002666,3.6642850760188796,0.7534763867711519,0,23,parasitic_drain
233,4,8.130981055675154,3.6634198610116906,0.7534763867711519,0,23,parasitic_drain
234,4,8.126492348912334,3.6626319052285026,0.7534763867711519,0,23,parasitic_drain
235,4,8.122151919021423,3.661888297410673,0.7484819640913708,0,24,parasitic_drain
236,4,8.117956876418804,3.661154777526131,0.7484819640913708,0,24,parasitic_drain
237,4,8.113904876855958,3.6603962167578117,0.7484819640913708,0,24,parasitic_drain
238,4,8.109993130796445,3.6595771251901246,0.7484819640913708,0,24,parasitic_drain
239,4,8.106218719234636,3.658662179357218,0.7484819640913708,0,24,parasitic_drain
240,4,8.102644894661065,3.657616762507567,0.7365951307277543,0,24,parasitic_drain
241,4,8.099202142516326,3.6564075367753137,0.7365951307277543,0,24,parasitic_drain
242,4,8.095883702629024,3.655002926899778,0.7365951307277543,0,24,parasitic_drain
243,4,8.09268646098533,3.6533736739517395,0.7365951307277543,0,24,parasitic_drain
244,4,8.08960712037113,3.651493340454335,0.7365951307277543,0,24,parasitic_drain
245,3,8.08354449335054,3.649338781599965,0.735310004496344,0,24,parasitic_drain
246,3,8.080797905667902,3.646889284387793,0.735310004496344,0,24,parasitic_drain
247,3,8.078473030035376,3.644130914584629,0.735310004496344,0,24,parasitic_drain
248,3,8.075917844573064,3.641051603727202,0.732069683129625,0,24,parasitic_drain
249,3,8.073458575444636,3.6377610777286122,0.732069683129625,0,24,parasitic_drain
250,3,8.071091385497734,3.6341456419639573,0.732069683129625,0,24,parasitic_drain
251,3,8.068812392821494,3.6302090743738793,0.732069683129625,0,24,parasitic_drain
252,3,8.066617710315793,3.625960096819732,0.732069683129625,0,24,parasitic_drain
253,3,8.064503470871664,3.621412316451876,0.732069683129625,0,24,parasitic_drain
254,3,8.062465851719466,3.6165840845363393,0.732069683129625,0,24,parasitic_drain
255,3,8.060501097604604,3.611498273726012,0.7942125701244526,0,25,parasitic_drain
256,3,8.058661845714678,3.606181976332189,0.7942125701244526,0,25,parasitic_drain
257,3,8.056885674778552,3.6006661511300497,0.7942125701244526,0,25,parasitic_drain
258,3,8.055169121153927,3.5949851283479255,0.8100616812759412,0,26,parasitic_drain
259,3,8.053511163102243,3.58917612648038,0.8100616812759412,0,26,parasitic_drain
260,3,8.05190619338916,3.58327868981504,0.8100616812759412,0,26,parasitic_drain
261,3,8.050351217097791,3.576912115859766,0.8100616812759412,0,26,parasitic_drain
262,3,8.048843374152474,3.5705499831257534,0.8100616812759412,0,26,parasitic_drain
263,3,8.04738004843378,3.564235751899769,0.8100616812759412,0,26,parasitic_drain
264,3,8.045958821175933,3.5580125963789504,0.8100616812759412,0,26,parasitic_drain
265,3,8.044577474365573,3.5519226941035544,0.8100616812759412,0,26,parasitic_drain
266,3,8.043233991514976,3.5460065209524165,0.8100616812759412,0,26,parasitic_drain
267,3,8.041926555899838,3.5403021621318143,0.8100616812759412,0,26,parasitic_drain
268,3,8.040653546386663,3.5348446491763252,0.8100616812759412,0,26,parasitic_drain
269,3,8.039413531008048,3.5296653324539746,0.8100616812759412,0,26,parasitic_drain
270,3,8.038205258475404,3.524791298057464,0.8100616812759412,0,26,parasitic_drain
271,3,8.037027647846596,3.520244837296915,0.8100616812759412,0,26,parasitic_drain
272,3,8.035879776590251,3.516042976312228,0.8100616812759412,0,26,parasitic_drain
273,3,8.034760867308002,3.512197072614748,0.8100616812759412,0,26,parasitic_drain
274,3,8.03367027339027,3.508712484662127,0.8100616812759412,0,26,parasitic_drain
275,3,8.032607463889889,3.5055883198738518,0.8100616812759412,0,26,parasitic_drain
276,3,8.031572007900488,3.502817265807402,0.8100616812759412,0,26,parasitic_drain
277,3,8.030563558723346,3.5003855085288573,0.8100616812759412,0,26,parasitic_drain
278,3,8.029688030670593,3.4982727415131234,0.8100616812759412,0,26,parasitic_drain
279,3,8.028729436897015,3.496451842199825,0.8100616812759412,0,26,parasitic_drain
280,3,8.027803734802403,3.4948903646347134,0.8100616812759412,0,26,parasitic_drain
281,3,8.026903705099828,3.4935495185299565,0.8100616812759412,0,26,parasitic_drain
282,3,8.02602924470509,3.4923849985214797,0.8100616812759412,0,26,parasitic_drain
283,3,8.025180248231221,3.4913474708545174,0.8100616812759412,0,26,parasitic_drain
284,3,8.024356596753297,3.4903831494400994,0.8100616812759412,0,26,parasitic_drain
285,3,8.02355814797029,3.4894344606416423,0.8100616812759412,0,26,parasitic_drain
286,3,8.022784727833912,3.488440791529361,0.8100616812759412,0,26,parasitic_drain
287,3,8.022036123681161,3.487339314665209,0.8100616812759412,0,26,parasitic_drain
288,3,8.021312078875862,3.486065880692228,0.8100616812759412,0,26,parasitic_drain
289,3,8.02061228893547,3.4845559681376774,0.8452152487324804,0,27,parasitic_drain
290,3,8.019932578656508,3.4827456779505788,0.8452152487324804,0,27,parasitic_drain
291,3,8.019276557478083,3.4805727568533236,0.8452152487324804,0,27,parasitic_drain
292,3,8.018643744766349,3.4779776399568774,0.8452152487324804,0,27,parasitic_drain
293,3,8.018033613187129,3.4749044850315913,0.8452152487324804,0,27,parasitic_drain
294,3,8.01744559104484,3.471302186407895,0.8452152487324804,0,27,parasitic_drain
295,3,8.01687906550315,3.4671253469949055,0.8452152487324804,0,27,parasitic_drain
296,3,8.01633338656002,3.462335188209662,0.8452152487324804,0,27,parasitic_drain
297,3,8.015807871647795,3.4569003776703355,0.8452152487324804,0,27,parasitic_drain
298,3,8.015301810729333,3.450797755128871,0.8452152487324804,0,27,parasitic_drain
299,3,8.014813210214717,3.444012938331371,0.8452152487324804,0,27,parasitic_drain
300,3,8.014342638032499,3.436540791776519,0.8452152487324804,0,27,parasitic_drain
301,3,8.01388933426658,3.4283857463946426,0.8452152487324804,0,27,parasitic_drain
302,3,8.013452534913363,3.4195619556281756,0.8452152487324804,0,27,parasitic_drain
303,3,8.013031477573431,3.410093282264634,0.8452152487324804,0,27,parasitic_drain
304,3,8.012625406969343,3.4000131112271204,0.8452152487324804,0,27,parasitic_drain
305,3,8.012233580205319,3.3893639879778803,0.8452152487324804,0,27,parasitic_drain
306,3,8.011855271693712,3.3781970861356987,0.8452152487324804,0,27,parasitic_drain
307,3,8.011489777682776,3.366571511774654,0.8452152487324804,0,27,parasitic_drain
308,3,8.011136420330047,3.3545534555152257,0.8396624388271513,0,27,parasitic_drain
309,3,8.010794551275923,3.3429182926926795,0.8396624388271513,0,27,parasitic_drain
310,3,8.010463570885822,3.3310366882354048,0.8396624388271513,0,27,parasitic_drain
311,3,8.010142896923265,3.3189885532903523,0.83480093839845,0,27,parasitic_drain
312,3,8.009831983984235,3.306731025194995,0.83480093839845,0,27,parasitic_drain
313,3,8.009530322193884,3.294470567377534,0.83480093839845,0,27,parasitic_drain
314,3,8.009237443495577,3.282290516007608,0.83480093839845,0,27,parasitic_drain
315,3,8.008952919031543,3.2702725985715992,0.83480093839845,0,27,parasitic_drain
316,3,8.008676358845724,3.2584955733343635,0.83480093839845,0,27,parasitic_drain
317,3,8.008407411096167,3.2470338957396034,0.83480093839845,0,27,parasitic_drain
318,3,8.00814576081802,3.235956429886244,0.83480093839845,0,27,parasitic_drain
319,3,8.007891128284248,3.2253252215182413,0.83480093839845,0,27,parasitic_drain
320,3,8.00764326701584,3.2151943471999864,0.83480093839845,0,27,parasitic_drain
321,3,8.007401961496706,3.2056088526373063,0.83480093839845,0,27,parasitic_drain
322,3,8.00716702465017,3.196603791550481,0.83480093839845,0,27,parasitic_drain
323,3,8.006938295134557,3.1882033751967183,0.828321109665334,0,27,parasitic_drain
324,3,8.00671563451439,3.178892057277768,0.828321109665334,0,27,parasitic_drain
325,3,8.00649890639147,3.170237796271438,0.828321109665334,0,27,parasitic_drain
326,1,8.0,3.1622271327748326,1.0,0,27,parasitic_drain
327,1,8.0,3.154830437131107,1.0,0,27,parasitic_drain
328,1,8.0,3.1480097430879823,1.0,0,27,parasitic_drain
329,1,8.0,3.141710395799609,1.0,0,27,parasitic_drain
330,1,8.0,3.1358639973103615,1.0,0,27,parasitic_drain
331,1,8.0,3.1303886990670193,1.0,0,27,parasitic_drain
332,1,8.0,3.125189691723557,1.0,0,27,parasitic_drain
333,1,8.0,3.120261503047453,1.0,0,27,parasitic_drain
334,1,8.0,3.11584319830243,1.0,0,27,parasitic_drain
335,1,8.0,3.1117944681541583,1.0,0,27,parasitic_drain
336,1,8.0,3.107972787438702,1.0,0,27,parasitic_drain
337,1,8.0,3.1042353562325435,1.0,0,27,parasitic_drain
338,1,8.0,3.1004411353440116,1.0,0,27,parasitic_drain
339,1,8.0,3.0964529470815805,1.0,0,27,parasitic_drain
340,1,8.0,3.092139606557109,1.0,0,27,parasitic_drain
341,1,8.0,3.087378043603523,1.0,0,27,parasitic_drain
342,1,8.0,3.0820553709994547,1.0,0,27,parasitic_drain
343,1,8.0,3.0760708514683603,1.0,0,27,parasitic_drain
344,1,8.0,3.0693377141982996,1.0,0,27,parasitic_drain
345,1,8.0,3.061784771695563,1.0,0,27,parasitic_drain
346,1,8.0,3.0533577898416717,1.0,0,27,parasitic_drain
347,1,8.0,3.0440205681628107,1.0,0,27,parasitic_drain
348,1,8.0,3.03375569351322,1.0,0,27,parasitic_drain
349,1,8.0,3.0225649384565196,1.0,0,27,parasitic_drain
350,1,8.0,3.010469285307401,1.0,0,27,parasitic_drain
351,1,8.0,2.9975085676583046,1.0,0,27,parasitic_drain
352,1,8.0,2.9837407327545264,1.0,0,27,parasitic_drain
353,1,8.0,2.9692407397273524,1.0,0,27,parasitic_drain
354,1,8.0,2.9540991198563744,1.0,0,27,parasitic_drain
355,1,8.0,2.9384202351370887,1.0,0,27,parasitic_drain
356,1,8.0,2.9223202799683543,1.0,0,27,parasitic_drain
357,1,8.0,2.905925077335979,1.0,0,27,parasitic_drain
358,1,8.0,2.88936772517216,1.0,0,27,parasitic_drain
359,1,8.0,2.8727861504816525,1.0,0,27,parasitic_drain
360,1,8.0,2.8563206283635676,1.0,0,27,parasitic_drain
361,1,8.0,2.840111320388558,1.0,0,27,parasitic_drain
362,1,8.0,2.82429588220923,1.0,0,27,parasitic_drain
363,1,8.0,2.8090071841823097,1.0,0,27,parasitic_drain
364,1,8.0,2.7943711816269152,1.0,0,27,parasitic_drain
365,1,8.0,2.7805049636270307,1.0,0,27,parasitic_drain
366,1,8.0,2.76780200750952,1.0,0,27,parasitic_drain
367,1,8.0,2.756359118731851,1.0,0,27,parasitic_drain
368,1,8.0,2.7462301005555645,1.0,0,27,parasitic_drain
369,1,8.0,2.737454318146504,1.0,0,27,parasitic_drain
370,1,8.0,2.7300561904693836,1.0,0,27,parasitic_drain
371,1,8.0,2.724044876940922,1.0,0,27,parasitic_drain
372,1,8.0,2.7194141469022,1.0,0,27,parasitic_drain
373,1,8.0,2.7161424211290273,1.0,0,27,parasitic_drain
374,1,8.0,2.71419297649504,1.0,0,27,parasitic_drain
375,1,8.0,2.7135143072610233,1.0,0,27,parasitic_drain
376,1,8.0,2.7140406389972904,1.0,0,27,parasitic_drain
377,1,8.0,2.71569259356699,1.0,0,27,parasitic_drain
378,1,8.0,2.71837800563416,1.0,0,27,parasitic_drain
379,1,8.0,2.7219928925645287,1.0,0,27,parasitic_drain
380,1,8.0,2.726422580149703,1.0,0,27,parasitic_drain
381,1,8.0,2.7315429861435723,1.0,0,27,parasitic_drain
382,1,8.0,2.7372220620468144,1.0,0,27,parasitic_drain
383,1,8.0,2.743321390868909,1.0,0,27,parasitic_drain
384,1,8.0,2.749697934765796,1.0,0,27,parasitic_drain
385,1,8.0,2.7562059215996033,1.0,0,27,parasitic_drain
386,1,8.0,2.762698853776345,1.0,0,27,parasitic_drain
387,1,8.0,2.7690316164446216,1.0,0,27,parasitic_drain
388,1,8.0,2.775062655607183,1.0,0,27,parasitic_drain
389,1,8.0,2.7806561902868334,1.0,0,27,parasitic_drain
390,1,8.0,2.7856844170141817,1.0,0,27,parasitic_drain
391,1,8.0,2.7900296599959136,1.0,0,27,parasitic_drain
392,1,8.0,2.793586416792284,1.0,0,27,parasitic_drain
393,1,8.0,2.7972614789197703,1.0,0,27,parasitic_drain
394,1,8.0,2.7997364964860885,1.0,0,27,parasitic_drain
395,1,8.0,2.800955306881364,1.0,0,27,parasitic_drain
396,1,8.0,2.801026594338545,1.0,0,27,parasitic_drain
397,1,8.0,2.800015658006319,1.0,0,27,parasitic_drain
398,1,8.0,2.797921340472836,1.0,0,27,parasitic_drain
399,1,8.0,2.7947617133824916,1.0,0,27,parasitic_drain
0,5,0.5842021804586116,0.49062500000000003,0.6099750837606264,0,0,harsh_extinction_cascade
1,5,0.5655807867833846,0.48631076388888894,0.6099750837606264,0,0,harsh_extinction_cascade
2,5,0.5482494682445938,0.4820564477237655,0.6099750837606264,0,0,harsh_extinction_cascade
3,5,0.5320837954545456,0.4778612192831576,0.6099750837606264,0,0,harsh_extinction_cascade
4,5,0.516971360594705,0.47372425790422484,0.6099750837606264,0,0,harsh_extinction_cascade
5,5,0.5028102162792593,0.46964475432222175,0.6099750837606264,0,0,harsh_extinction_cascade
6,5,0.4895076049257741,0.4656219105121909,0.6099750837606264,0,0,harsh_extinction_cascade
7,5,0.4769789233906052,0.4616549395328549,0.6040126290016902,0,0,harsh_extinction_cascade
8,5,0.46508557747271445,0.4577430653726764,0.6040126290016902,0,0,harsh_extinction_cascade
9,5,0.45382236144168087,0.4538855227980559,0.6040126290016902,0,0,harsh_extinction_cascade
10,5,0.4431244464323537,0.45008155720363846,0.6040126290016902,0,0,harsh_extinction_cascade
11,5,0.43293264497740835,0.44633042446469906,0.6040126290016902,0,0,harsh_extinction_cascade
12,5,0.42319302718695007,0.44263139079157826,0.6040126290016902,0,0,harsh_extinction_cascade
13,5,0.41385660375789546,0.43898373258613965,0.6040126290016902,0,0,harsh_extinction_cascade
14,5,0.40487906084191344,0.43538673630022107,0.6040126290016902,0,0,harsh_extinction_cascade
15,5,0.39622053376514554,0.43183969829605134,0.6040126290016902,0,0,harsh_extinction_cascade
16,5,0.3878454082580943,0.4283419247086062,0.6040126290016902,0,0,harsh_extinction_cascade
17,5,0.3796353940072745,0.4248927313098756,0.6040126290016902,0,0,harsh_extinction_cascade
18,5,0.37165664910592144,0.4214914433750162,0.6040126290016902,0,0,harsh_extinction_cascade
19,5,0.36277246820926157,0.4181373955503632,0.598042771230249,0,0,harsh_extinction_cascade
20,5,0.3553781622328203,0.41482993172327487,0.598042771230249,0,0,harsh_extinction_cascade
21,5,0.34813817256353363,0.41156840489378493,0.6083591489373624,0,1,harsh_extinction_cascade
22,5,0.34107246187275797,0.40835217704803795,0.6083591489373624,0,1,harsh_extinction_cascade
23,5,0.3341325376147731,0.40518061903348185,0.6083591489373624,0,1,harsh_extinction_cascade
24,5,0.3273112665596583,0.4020531104357946,0.6083591489373624,0,1,harsh_extinction_cascade
25,5,0.3206039762515327,0.3989690394575197,0.6083591489373624,0,1,harsh_extinction_cascade
26,5,0.31400820552317976,0.3959278027983875,0.6083591489373624,0,1,harsh_extinction_cascade
27,5,0.3074885192685888,0.3929288055372988,0.6083591489373624,0,1,harsh_extinction_cascade
28,5,0.30108344290285055,0.38997146101594743,0.6083591489373624,0,1,harsh_extinction_cascade
29,5,0.2947954144760936,0.38705519072405925,0.6083591489373624,0,1,harsh_extinction_cascade
30,5,0.28862800032179603,0.3841794241862251,0.6083591489373624,0,1,harsh_extinction_cascade
31,5,0.28163528660824183,0.3813435988503053,0.6083591489373624,0,1,harsh_extinction_cascade
32,5,0.2756506367065622,0.37854715997738436,0.6083591489373625,0,1,harsh_extinction_cascade
33,5,0.2697049634337617,0.375789560533254,0.6083591489373625,0,1,harsh_extinction_cascade
34,5,0.2639126657411343,0.3730702610814033,0.6083591489373625,0,1,harsh_extinction_cascade
35,5,0.2582776527206595,0.3703887296774949,0.6083591489373625,0,1,harsh_extinction_cascade
36,5,0.25280361784832955,0.3677444417653075,0.6083591489373625,0,1,harsh_extinction_cascade
37,4,0.20916539546308588,0.3651368800741227,0.6072778951494302,0,2,harsh_extinction_cascade
38,4,0.20535771004032655,0.36256553451753765,0.6072778951494302,0,2,harsh_extinction_cascade
39,4,0.20105995792152828,0.36002990209368296,0.6072778951494302,0,2,harsh_extinction_cascade
40,4,0.19692568710787187,0.3575294867868263,0.6072778951494302,0,2,harsh_extinction_cascade
41,4,0.19350119588885722,0.35506379947034256,0.6072778951494302,0,2,harsh_extinction_cascade
42,4,0.1901959508643114,0.35263235781103225,0.6072778951494302,0,2,harsh_extinction_cascade
43,3,0.14945456631393414,0.35023468617476794,0.5458924459058693,0,2,harsh_extinction_cascade
44,3,0.14742573678093024,0.3478703155334517,0.5458924459058692,0,2,harsh_extinction_cascade
45,3,0.14486965574217653,0.3455387833732649,0.5458924459058692,0,2,harsh_extinction_cascade
46,3,0.14305583649073678,0.34323963360419174,0.5458924459058692,0,2,harsh_extinction_cascade
47,3,0.14132073285700075,0.3409724164708002,0.5458924459058692,0,2,harsh_extinction_cascade
48,3,0.13966381450523307,0.3387366884642613,0.5458924459058692,0,2,harsh_extinction_cascade
49,3,0.13808383557926707,0.336532012235591,0.5458924459058692,0,2,harsh_extinction_cascade
50,3,0.1365788674193423,0.33435795651009664,0.5458924459058692,0,2,harsh_extinction_cascade
51,3,0.13514633721363434,0.332214096003012,0.5458924459058692,0,2,harsh_extinction_cascade
52,3,0.13378307191765387,0.3301000113363035,0.5434187497138855,0,2,harsh_extinction_cascade
53,3,0.13251630436317208,0.3280152889566326,0.5434187497138855,0,2,harsh_extinction_cascade
54,3,0.131311437018659,0.3259595210544572,0.5434187497138855,0,2,harsh_extinction_cascade
55,3,0.12956368227690213,0.3239323054842564,0.5434187497138855,0,2,harsh_extinction_cascade
56,3,0.12846922577485703,0.32193324568586396,0.5519564476031041,0,2,harsh_extinction_cascade
57,3,0.12740649571439827,0.31996195060689364,0.553276979506511,0,3,harsh_extinction_cascade
58,2,0.08672328350830984,0.31801803462624234,0.4416842973409981,0,3,harsh_extinction_cascade
59,2,0.08643138644585058,0.31610086263020953,0.4416842973409981,0,3,harsh_extinction_cascade
60,2,0.08615447116036418,0.3142101717229296,0.4416842973409981,0,3,harsh_extinction_cascade
61,2,0.08588809476697862,0.31234563473629645,0.4416842973409981,0,3,harsh_extinction_cascade
62,2,0.08562774939223164,0.3105069303807277,0.4416842973409981,0,3,harsh_extinction_cascade
63,2,0.08534467085185965,0.30869374257198917,0.44410535105098425,0,3,harsh_extinction_cascade
64,2,0.08498903248857728,0.306905759008048,0.44410535105098425,0,3,harsh_extinction_cascade
65,2,0.08462856379609976,0.3051426698216856,0.46772570662799373,0,3,harsh_extinction_cascade
66,2,0.08424970998406195,0.3034043157642274,0.46772570662799373,0,3,harsh_extinction_cascade
67,2,0.08385941464359642,0.3016902345769862,0.46772570662799373,0,3,harsh_extinction_cascade
68,2,0.0828698667135856,0.3000000924300836,0.46772570662799373,0,3,harsh_extinction_cascade
69,2,0.08244526678155267,0.29833342447966577,0.4663699771369122,0,3,harsh_extinction_cascade
70,2,0.08206413830313941,0.29668938602100614,0.4663699771369122,0,3,harsh_extinction_cascade
71,2,0.08166052647363464,0.2950684363443876,0.4663699771369122,0,3,harsh_extinction_cascade
72,2,0.08123271907028645,0.2934702636173822,0.4663699771369122,0,3,harsh_extinction_cascade
73,2,0.08077952932552256,0.29189428773380743,0.4663699771369122,0,3,harsh_extinction_cascade
74,2,0.08030031588985015,0.29034020040417124,0.4663699771369122,0,3,harsh_extinction_cascade
75,2,0.07979499456975553,0.28880769762077996,0.4663699771369122,0,3,harsh_extinction_cascade
76,2,0.0792640377858232,0.28729647959826915,0.4663699771369122,0,3,harsh_extinction_cascade
77,2,0.07870846283849338,0.28580625071495985,0.4663699771369122,0,3,harsh_extinction_cascade
78,1,0.040454068511857635,0.28433671945502986,1.0,0,3,harsh_extinction_cascade
79,1,0.040385344970542636,0.2828875983514878,1.0,0,3,harsh_extinction_cascade
80,1,0.040298545502643356,0.2814586039299394,1.0,0,3,harsh_extinction_cascade
81,1,0.04019551455803494,0.2800494566531347,1.0,0,3,harsh_extinction_cascade
82,1,0.040078406039435945,0.27865988086628557,1.0,0,3,harsh_extinction_cascade
83,0,0.0,0.27728960474314274,1.0,0,3,harsh_extinction_cascade
84,0,0.0,0.2759383602328213,1.0,0,3,harsh_extinction_cascade
85,0,0.0,0.27460588300736544,1.0,0,3,harsh_extinction_cascade
86,0,0.0,0.2732919124100409,1.0,0,3,harsh_extinction_cascade
87,0,0.0,0.2719961914043459,1.0,0,3,harsh_extinction_cascade
88,0,0.0,0.27071846652373,1.0,0,3,harsh_extinction_cascade
89,0,0.0,0.26945848782201154,1.0,0,3,harsh_extinction_cascade
90,0,0.0,0.2682160088244836,1.0,0,3,harsh_extinction_cascade
91,0,0.0,0.2669907864796991,1.0,0,3,harsh_extinction_cascade
92,0,0.0,0.2657825811119255,1.0,0,3,harsh_extinction_cascade
93,0,0.0,0.26459115637425984,1.0,0,3,harsh_extinction_cascade
94,0,0.0,0.26341627920239513,1.0,0,3,harsh_extinction_cascade
95,0,0.0,0.2622577197690285,1.0,0,3,harsh_extinction_cascade
96,0,0.0,0.26111525143890313,1.0,0,3,harsh_extinction_cascade
97,0,0.0,0.2599886507244739,1.0,0,3,harsh_extinction_cascade
98,0,0.0,0.25887769724218956,1.0,0,3,harsh_extinction_cascade
99,0,0.0,0.2577821736693814,1.0,0,3,harsh_extinction_cascade
100,0,0.0,0.2567018657017511,1.0,0,3,harsh_extinction_cascade
101,0,0.0,0.25563656201144896,1.0,0,3,harsh_extinction_cascade
102,0,0.0,0.2545860542057344,1.0,0,3,harsh_extinction_cascade
103,0,0.0,0.2535501367862103,1.0,0,3,harsh_extinction_cascade
104,0,0.0,0.25252860710862407,1.0,0,3,harsh_extinction_cascade
105,0,0.0,0.2515212653432265,1.0,0,3,harsh_extinction_cascade
106,0,0.0,0.2505279144356817,1.0,0,3,harsh_extinction_cascade
107,0,0.0,0.24954836006851944,1.0,0,3,harsh_extinction_cascade
108,0,0.0,0.24858241062312333,1.0,0,3,harsh_extinction_cascade
109,0,0.0,0.24762987714224663,1.0,0,3,harsh_extinction_cascade
110,0,0.0,0.24669057329304875,1.0,0,3,harsh_extinction_cascade
111,0,0.0,0.2457643153306453,1.0,0,3,harsh_extinction_cascade
112,0,0.0,0.2448509220621641,1.0,0,3,harsh_extinction_cascade
113,0,0.0,0.24395021481130072,1.0,0,3,harsh_extinction_cascade
114,0,0.0,0.243062017383366,1.0,0,3,harsh_extinction_cascade
115,0,0.0,0.24218615603081925,1.0,0,3,harsh_extinction_cascade
116,0,0.0,0.2413224594192801,1.0,0,3,harsh_extinction_cascade
117,0,0.0,0.24047075859401232,1.0,0,3,harsh_extinction_cascade
118,0,0.0,0.23963088694687326,1.0,0,3,harsh_extinction_cascade
119,0,0.0,0.23880268018372225,1.0,0,3,harsh_extinction_cascade
120,0,0.0,0.23798597629228166,1.0,0,3,harsh_extinction_cascade
121,0,0.0,0.23718061551044442,1.0,0,3,harsh_extinction_cascade
122,0,0.0,0.2363864402950216,1.0,0,3,harsh_extinction_cascade
123,0,0.0,0.23560329529092408,1.0,0,3,harsh_extinction_cascade
124,0,0.0,0.23483102730077235,1.0,0,3,harsh_extinction_cascade
125,0,0.0,0.2340694852549283,1.0,0,3,harsh_extinction_cascade
126,0,0.0,0.23331852018194318,1.0,0,3,harsh_extinction_cascade
127,0,0.0,0.2325779851794162,1.0,0,3,harsh_extinction_cascade
128,0,0.0,0.23184773538525763,1.0,0,3,harsh_extinction_cascade
129,0,0.0,0.23112762794935127,1.0,0,3,harsh_extinction_cascade
130,0,0.0,0.23041752200561028,1.0,0,3,harsh_extinction_cascade
131,0,0.0,0.22971727864442124,1.0,0,3,harsh_extinction_cascade
132,0,0.0,0.22902676088547094,1.0,0,3,harsh_extinction_cascade
133,0,0.0,0.2283458336509505,1.0,0,3,harsh_extinction_cascade
134,0,0.0,0.22767436373913175,1.0,0,3,harsh_extinction_cascade
135,0,0.0,0.22701221979831046,1.0,0,3,harsh_extinction_cascade
136,0,0.0,0.2263592723011117,1.0,0,3,harsh_extinction_cascade
137,0,0.0,0.22571539351915182,1.0,0,3,harsh_extinction_cascade
138,0,0.0,0.2250804574980525,1.0,0,3,harsh_extinction_cascade
139,0,0.0,0.22445434003280176,1.0,0,3,harsh_extinction_cascade
140,0,0.0,0.22383691864345728,1.0,0,3,harsh_extinction_cascade
141,0,0.0,0.22322807255118704,1.0,0,3,harsh_extinction_cascade
142,0,0.0,0.22262768265464278,1.0,0,3,harsh_extinction_cascade
143,0,0.0,0.22203563150666164,1.0,0,3,harsh_extinction_cascade
144,0,0.0,0.22145180329129133,1.0,0,3,harsh_extinction_cascade
145,0,0.0,0.2208760838011345,1.0,0,3,harsh_extinction_cascade
146,0,0.0,0.22030836041500762,1.0,0,3,harsh_extinction_cascade
147,0,0.0,0.21974852207591028,1.0,0,3,harsh_extinction_cascade
148,0,0.0,0.21919645926930043,1.0,0,3,harsh_extinction_cascade
149,0,0.0,0.21865206400167125,1.0,0,3,harsh_extinction_cascade
150,0,0.0,0.21811522977942582,1.0,0,3,harsh_extinction_cascade
151,0,0.0,0.21758585158804492,1.0,0,3,harsh_extinction_cascade
152,0,0.0,0.2170638258715443,1.0,0,3,harsh_extinction_cascade
153,0,0.0,0.2165490505122173,1.0,0,3,harsh_extinction_cascade
154,0,0.0,0.21604142481065872,1.0,0,3,harsh_extinction_cascade
155,0,0.0,0.21554084946606625,1.0,0,3,harsh_extinction_cascade
156,0,0.0,0.21504722655681532,1.0,0,3,harsh_extinction_cascade
157,0,0.0,0.214560459521304,1.0,0,3,harsh_extinction_cascade
158,0,0.0,0.21408045313906368,1.0,0,3,harsh_extinction_cascade
159,0,0.0,0.21360711351213224,1.0,0,3,harsh_extinction_cascade
160,0,0.0,0.21314034804668597,1.0,0,3,harsh_extinction_cascade
161,0,0.0,0.21268006543492643,1.0,0,3,harsh_extinction_cascade
162,0,0.0,0.21222617563721913,1.0,0,3,harsh_extinction_cascade
163,0,0.0,0.21177858986447998,1.0,0,3,harsh_extinction_cascade
164,0,0.0,0.21133722056080664,1.0,0,3,harsh_extinction_cascade
165,0,0.0,0.210901981386351,1.0,0,3,harsh_extinction_cascade
166,0,0.0,0.21047278720042945,1.0,0,3,harsh_extinction_cascade
167,0,0.0,0.21004955404486791,1.0,0,3,harsh_extinction_cascade
168,0,0.0,0.20963219912757808,1.0,0,3,harsh_extinction_cascade
169,0,0.0,0.2092206408063617,1.0,0,3,harsh_extinction_cascade
170,0,0.0,0.20881479857294002,1.0,0,3,harsh_extinction_cascade
171,0,0.0,0.20841459303720475,1.0,0,3,harsh_extinction_cascade
172,0,0.0,0.20801994591168801,1.0,0,3,harsh_extinction_cascade
173,0,0.0,0.2076307799962479,1.0,0,3,harsh_extinction_cascade
174,0,0.0,0.20724701916296667,1.0,0,3,harsh_extinction_cascade
175,0,0.0,0.2068685883412588,1.0,0,3,harsh_extinction_cascade
176,0,0.0,0.20649541350318576,1.0,0,3,harsh_extinction_cascade
177,0,0.0,0.20612742164897485,1.0,0,3,harsh_extinction_cascade
178,0,0.0,0.2057645407927391,1.0,0,3,harsh_extinction_cascade
179,0,0.0,0.2054066999483955,1.0,0,3,harsh_extinction_cascade
180,0,0.0,0.2050538291157789,1.0,0,3,harsh_extinction_cascade
181,0,0.0,0.20470585926694865,1.0,0,3,harsh_extinction_cascade
182,0,0.0,0.2043627223326855,1.0,0,3,harsh_extinction_cascade
183,0,0.0,0.20402435118917597,1.0,0,3,harsh_extinction_cascade
184,0,0.0,0.20369067964488186,1.0,0,3,harsh_extinction_cascade
185,0,0.0,0.20336164242759183,1.0,0,3,harsh_extinction_cascade
186,0,0.0,0.20303717517165307,1.0,0,3,harsh_extinction_cascade
187,0,0.0,0.2027172144053801,1.0,0,3,harsh_extinction_cascade
188,0,0.0,0.2024016975386387,1.0,0,3,harsh_extinction_cascade
189,0,0.0,0.20209056285060206,1.0,0,3,harsh_extinction_cascade
190,0,0.0,0.20178374947767702,1.0,0,3,harsh_extinction_cascade
191,0,0.0,0.20148119740159817,1.0,0,3,harsh_extinction_cascade
192,0,0.0,0.20118284743768708,1.0,0,3,harsh_extinction_cascade
193,0,0.0,0.20088864122327477,1.0,0,3,harsh_extinction_cascade
194,0,0.0,0.20059852120628485,1.0,0,3,harsh_extinction_cascade
195,0,0.0,0.20031243063397533,1.0,0,3,harsh_extinction_cascade
196,0,0.0,0.20003031354183679,1.0,0,3,harsh_extinction_cascade
197,0,0.0,0.19975211474264462,1.0,0,3,harsh_extinction_cascade
198,0,0.0,0.19947777981566345,1.0,0,3,harsh_extinction_cascade
199,0,0.0,0.19920725509600146,1.0,0,3,harsh_extinction_cascade
200,0,0.0,0.19894048766411254,1.0,0,3,harsh_extinction_cascade
201,0,0.0,0.1986774253354443,1.0,0,3,harsh_extinction_cascade
202,0,0.0,0.1984180166502298,1.0,0,3,harsh_extinction_cascade
203,0,0.0,0.19816221086342103,1.0,0,3,harsh_extinction_cascade
204,0,0.0,0.1979099579347624,1.0,0,3,harsh_extinction_cascade
205,0,0.0,0.19766120851900182,1.0,0,3,harsh_extinction_cascade
206,0,0.0,0.1974159139562379,1.0,0,3,harsh_extinction_cascade
207,0,0.0,0.19717402626240127,1.0,0,3,harsh_extinction_cascade
208,0,0.0,0.1969354981198679,1.0,0,3,harsh_extinction_cascade
209,0,0.0,0.19670028286820307,1.0,0,3,harsh_extinction_cascade
210,0,0.0,0.1964683344950336,1.0,0,3,harsh_extinction_cascade
211,0,0.0,0.196239607627047,1.0,0,3,harsh_extinction_cascade
212,0,0.0,0.1960140575211158,1.0,0,3,harsh_extinction_cascade
213,0,0.0,0.19579164005554475,1.0,0,3,harsh_extinction_cascade
214,0,0.0,0.19557231172143996,1.0,0,3,harsh_extinction_cascade
215,0,0.0,0.19535602961419773,1.0,0,3,harsh_extinction_cascade
216,0,0.0,0.19514275142511164,1.0,0,3,harsh_extinction_cascade
217,0,0.0,0.1949324354330962,1.0,0,3,harsh_extinction_cascade
218,0,0.0,0.19472504049652542,1.0,0,3,harsh_extinction_cascade
219,0,0.0,0.1945205260451848,1.0,0,3,harsh_extinction_cascade
220,0,0.0,0.194318852072335,1.0,0,3,harsh_extinction_cascade
221,0,0.0,0.19411997912688592,1.0,0,3,harsh_extinction_cascade
222,0,0.0,0.19392386830567918,1.0,0,3,harsh_extinction_cascade
223,0,0.0,0.19373048124587808,1.0,0,3,harsh_extinction_cascade
224,0,0.0,0.19353978011746312,1.0,0,3,harsh_extinction_cascade
225,0,0.0,0.1933517276158317,1.0,0,3,harsh_extinction_cascade
226,0,0.0,0.1931662869545007,1.0,0,3,harsh_extinction_cascade
227,0,0.0,0.1929834218579104,1.0,0,3,harsh_extinction_cascade
228,0,0.0,0.1928030965543283,1.0,0,3,harsh_extinction_cascade
229,0,0.0,0.19262527576885152,1.0,0,3,harsh_extinction_cascade
230,0,0.0,0.19244992471650638,1.0,0,3,harsh_extinction_cascade
231,0,0.0,0.1922770090954438,1.0,0,3,harsh_extinction_cascade
232,0,0.0,0.19210649508022928,1.0,0,3,harsh_extinction_cascade
233,0,0.0,0.1919383493152261,1.0,0,3,harsh_extinction_cascade
234,0,0.0,0.1917725389080702,1.0,0,3,harsh_extinction_cascade
235,0,0.0,0.19160903142323588,1.0,0,3,harsh_extinction_cascade
236,0,0.0,0.19144779487569094,1.0,0,3,harsh_extinction_cascade
237,0,0.0,0.1912887977246397,1.0,0,3,harsh_extinction_cascade
238,0,0.0,0.19113200886735304,1.0,0,3,harsh_extinction_cascade
239,0,0.0,0.19097739763308424,1.0,0,3,harsh_extinction_cascade
240,0,0.0,0.1908249337770692,1.0,0,3,harsh_extinction_cascade
241,0,0.0,0.19067458747460989,1.0,0,3,harsh_extinction_cascade
242,0,0.0,0.1905263293152403,1.0,0,3,harsh_extinction_cascade
243,0,0.0,0.19038013029697307,1.0,0,3,harsh_extinction_cascade
244,0,0.0,0.19023596182062621,1.0,0,3,harsh_extinction_cascade
245,0,0.0,0.19009379568422863,1.0,0,3,harsh_extinction_cascade
246,0,0.0,0.18995360407750322,1.0,0,3,harsh_extinction_cascade
247,0,0.0,0.18981535957642678,1.0,0,3,harsh_extinction_cascade
248,0,0.0,0.1896790351378653,1.0,0,3,harsh_extinction_cascade
249,0,0.0,0.18954460409428384,1.0,0,3,harsh_extinction_cascade
250,0,0.0,0.1894120401485299,1.0,0,3,harsh_extinction_cascade
251,0,0.0,0.1892813173686892,1.0,0,3,harsh_extinction_cascade
252,0,0.0,0.18915241018301296,1.0,0,3,harsh_extinction_cascade
253,0,0.0,0.18902529337491555,1.0,0,3,harsh_extinction_cascade
254,0,0.0,0.18889994207804173,1.0,0,3,harsh_extinction_cascade
255,0,0.0,0.18877633177140227,1.0,0,3,harsh_extinction_cascade
256,0,0.0,0.18865443827457723,1.0,0,3,harsh_extinction_cascade
257,0,0.0,0.1885342377429859,1.0,0,3,harsh_extinction_cascade
258,0,0.0,0.1884157066632222,1.0,0,3,harsh_extinction_cascade
259,0,0.0,0.1882988218484552,1.0,0,3,harsh_extinction_cascade
260,0,0.0,0.1881835604338933,1.0,0,3,harsh_extinction_cascade
261,0,0.0,0.18806989987231146,1.0,0,3,harsh_extinction_cascade
262,0,0.0,0.18795781792964047,1.0,0,3,harsh_extinction_cascade
263,0,0.0,0.1878472926806177,1.0,0,3,harsh_extinction_cascade
264,0,0.0,0.18773830250449802,1.0,0,3,harsh_extinction_cascade
265,0,0.0,0.18763082608082443,1.0,0,3,harsh_extinction_cascade
266,0,0.0,0.18752484238525743,1.0,0,3,harsh_extinction_cascade
267,0,0.0,0.18742033068546218,1.0,0,3,harsh_extinction_cascade
268,0,0.0,0.187317270537053,1.0,0,3,harsh_extinction_cascade
269,0,0.0,0.18721564177959393,1.0,0,3,harsh_extinction_cascade
270,0,0.0,0.18711542453265512,1.0,0,3,harsh_extinction_cascade
271,0,0.0,0.1870165991919238,1.0,0,3,harsh_extinction_cascade
272,0,0.0,0.1869191464253693,1.0,0,3,harsh_extinction_cascade
273,0,0.0,0.1868230471694614,1.0,0,3,harsh_extinction_cascade
274,0,0.0,0.1867282826254411,1.0,0,3,harsh_extinction_cascade
275,0,0.0,0.1866348342556433,1.0,0,3,harsh_extinction_cascade
276,0,0.0,0.1865426837798705,1.0,0,3,harsh_extinction_cascade
277,0,0.0,0.18645181317181672,1.0,0,3,harsh_extinction_cascade
278,0,0.0,0.18636220465554149,1.0,0,3,harsh_extinction_cascade
279,0,0.0,0.1862738407019923,1.0,0,3,harsh_extinction_cascade
280,0,0.0,0.18618670402557574,1.0,0,3,harsh_extinction_cascade
281,0,0.0,0.1861007775807761,1.0,0,3,harsh_extinction_cascade
282,0,0.0,0.18601604455882087,1.0,0,3,harsh_extinction_cascade
283,0,0.0,0.1859324883843928,1.0,0,3,harsh_extinction_cascade
284,0,0.0,0.18585009271238734,1.0,0,3,harsh_extinction_cascade
285,0,0.0,0.18576884142471528,1.0,0,3,harsh_extinction_cascade
286,0,0.0,0.18568871862714978,1.0,0,3,harsh_extinction_cascade
287,0,0.0,0.18560970864621715,1.0,0,3,harsh_extinction_cascade
288,0,0.0,0.1855317960261308,1.0,0,3,harsh_extinction_cascade
289,0,0.0,0.18545496552576787,1.0,0,3,harsh_extinction_cascade
290,0,0.0,0.18537920211568776,1.0,0,3,harsh_extinction_cascade
291,0,0.0,0.18530449097519208,1.0,0,3,harsh_extinction_cascade
292,0,0.0,0.18523081748942552,1.0,0,3,harsh_extinction_cascade
293,0,0.0,0.18515816724651685,1.0,0,3,harsh_extinction_cascade
294,0,0.0,0.18508652603475967,1.0,0,3,harsh_extinction_cascade
295,0,0.0,0.18501587983983245,1.0,0,3,harsh_extinction_cascade
296,0,0.0,0.184946214842057,1.0,0,3,harsh_extinction_cascade
297,0,0.0,0.1848775174136951,1.0,0,3,harsh_extinction_cascade
298,0,0.0,0.18480977411628266,1.0,0,3,harsh_extinction_cascade
299,0,0.0,0.18474297169800097,1.0,0,3,harsh_extinction_cascade
300,0,0.0,0.1846770970910843,1.0,0,3,harsh_extinction_cascade
301,0,0.0,0.1846121374092637,1.0,0,3,harsh_extinction_cascade
302,0,0.0,0.18454807994524614,1.0,0,3,harsh_extinction_cascade
303,0,0.0,0.18448491216822882,1.0,0,3,harsh_extinction_cascade
304,0,0.0,0.18442262172144785,1.0,0,3,harsh_extinction_cascade
305,0,0.0,0.1843611964197611,1.0,0,3,harsh_extinction_cascade
306,0,0.0,0.1843006242472644,1.0,0,3,harsh_extinction_cascade
307,0,0.0,0.1842408933549413,1.0,0,3,harsh_extinction_cascade
308,0,0.0,0.18418199205834487,1.0,0,3,harsh_extinction_cascade
309,0,0.0,0.1841239088353123,1.0,0,3,harsh_extinction_cascade
310,0,0.0,0.18406663232371073,1.0,0,3,harsh_extinction_cascade
311,0,0.0,0.18401015131921475,1.0,0,3,harsh_extinction_cascade
312,0,0.0,0.18395445477311453,1.0,0,3,harsh_extinction_cascade
313,0,0.0,0.1838995317901546,1.0,0,3,harsh_extinction_cascade
314,0,0.0,0.18384537162640247,1.0,0,3,harsh_extinction_cascade
315,0,0.0,0.18379196368714687,1.0,0,3,harsh_extinction_cascade
316,0,0.0,0.18373929752482537,1.0,0,3,harsh_extinction_cascade
317,0,0.0,0.1836873628369806,1.0,0,3,harsh_extinction_cascade
318,0,0.0,0.18363614946424475,1.0,0,3,harsh_extinction_cascade
319,0,0.0,0.18358564738835245,1.0,0,3,harsh_extinction_cascade
320,0,0.0,0.1835358467301809,1.0,0,3,harsh_extinction_cascade
321,0,0.0,0.18348673774781726,1.0,0,3,harsh_extinction_cascade
322,0,0.0,0.18343831083465315,1.0,0,3,harsh_extinction_cascade
323,0,0.0,0.1833905565175052,1.0,0,3,harsh_extinction_cascade
324,0,0.0,0.18334346545476207,1.0,0,3,harsh_extinction_cascade
325,0,0.0,0.18329702843455706,1.0,0,3,harsh_extinction_cascade
326,0,0.0,0.18325123637296598,1.0,0,3,harsh_extinction_cascade
327,0,0.0,0.18320608031223035,1.0,0,3,harsh_extinction_cascade
328,0,0.0,0.18316155141900492,1.0,0,3,harsh_extinction_cascade
329,0,0.0,0.18311764098262986,1.0,0,3,harsh_extinction_cascade
330,0,0.0,0.18307434041342668,1.0,0,3,harsh_extinction_cascade
331,0,0.0,0.18303164124101798,1.0,0,3,harsh_extinction_cascade
332,0,0.0,0.18298953511267052,1.0,0,3,harsh_extinction_cascade
333,0,0.0,0.1829480137916612,1.0,0,3,harsh_extinction_cascade
334,0,0.0,0.1829070691556659,1.0,0,3,harsh_extinction_cascade
335,0,0.0,0.18286669319517054,1.0,0,3,harsh_extinction_cascade
336,0,0.0,0.18282687801190428,1.0,0,3,harsh_extinction_cascade
337,0,0.0,0.1827876158172945,1.0,0,3,harsh_extinction_cascade
338,0,0.0,0.18274889893094318,1.0,0,3,harsh_extinction_cascade
339,0,0.0,0.1827107197791245,1.0,0,3,harsh_extinction_cascade
340,0,0.0,0.18267307089330334,1.0,0,3,harsh_extinction_cascade
341,0,0.0,0.18263594490867413,1.0,0,3,harsh_extinction_cascade
342,0,0.0,0.18259933456272032,1.0,0,3,harsh_extinction_cascade
343,0,0.0,0.18256323269379365,1.0,0,3,harsh_extinction_cascade
344,0,0.0,0.1825276322397132,1.0,0,3,harsh_extinction_cascade
345,0,0.0,0.18249252623638385,1.0,0,3,harsh_extinction_cascade
346,0,0.0,0.18245790781643406,1.0,0,3,harsh_extinction_cascade
347,0,0.0,0.18242377020787248,1.0,0,3,harsh_extinction_cascade
348,0,0.0,0.18239010673276315,1.0,0,3,harsh_extinction_cascade
349,0,0.0,0.18235691080591923,1.0,0,3,harsh_extinction_cascade
350,0,0.0,0.1823241759336148,1.0,0,3,harsh_extinction_cascade
351,0,0.0,0.1822918957123146,1.0,0,3,harsh_extinction_cascade
352,0,0.0,0.18226006382742135,1.0,0,3,harsh_extinction_cascade
353,0,0.0,0.1822286740520405,1.0,0,3,harsh_extinction_cascade
354,0,0.0,0.18219772024576214,1.0,0,3,harsh_extinction_cascade
355,0,0.0,0.18216719635345988,1.0,0,3,harsh_extinction_cascade
356,0,0.0,0.18213709640410627,1.0,0,3,harsh_extinction_cascade
357,0,0.0,0.1821074145096048,1.0,0,3,harsh_extinction_cascade
358,0,0.0,0.18207814486363808,1.0,0,3,harsh_extinction_cascade
359,0,0.0,0.182049281740532,1.0,0,3,harsh_extinction_cascade
360,0,0.0,0.18202081949413573,1.0,0,3,harsh_extinction_cascade
361,0,0.0,0.18199275255671718,1.0,0,3,harsh_extinction_cascade
362,0,0.0,0.18196507543787388,1.0,0,3,harsh_extinction_cascade
363,0,0.0,0.18193778272345895,1.0,0,3,harsh_extinction_cascade
364,0,0.0,0.18191086907452203,1.0,0,3,harsh_extinction_cascade
365,0,0.0,0.18188432922626477,1.0,0,3,harsh_extinction_cascade
366,0,0.0,0.1818581579870111,1.0,0,3,harsh_extinction_cascade
367,0,0.0,0.18183235023719152,1.0,0,3,harsh_extinction_cascade
368,0,0.0,0.18180690092834165,1.0,0,3,harsh_extinction_cascade
369,0,0.0,0.18178180508211467,1.0,0,3,harsh_extinction_cascade
370,0,0.0,0.1817570577893075,1.0,0,3,harsh_extinction_cascade
371,0,0.0,0.18173265420890045,1.0,0,3,harsh_extinction_cascade
372,0,0.0,0.18170858956711017,1.0,0,3,harsh_extinction_cascade
373,0,0.0,0.18168485915645585,1.0,0,3,harsh_extinction_cascade
374,0,0.0,0.1816614583348384,1.0,0,3,harsh_extinction_cascade
375,0,0.0,0.18163838252463232,1.0,0,3,harsh_extinction_cascade
376,0,0.0,0.1816156272117902,1.0,0,3,harsh_extinction_cascade
377,0,0.0,0.18159318794495977,1.0,0,3,harsh_extinction_cascade
378,0,0.0,0.1815710603346131,1.0,0,3,harsh_extinction_cascade
379,0,0.0,0.18154924005218792,1.0,0,3,harsh_extinction_cascade
380,0,0.0,0.18152772282924087,1.0,0,3,harsh_extinction_cascade
381,0,0.0,0.18150650445661254,1.0,0,3,harsh_extinction_cascade
382,0,0.0,0.18148558078360402,1.0,0,3,harsh_extinction_cascade
383,0,0.0,0.1814649477171651,1.0,0,3,harsh_extinction_cascade
384,0,0.0,0.18144460122109335,1.0,0,3,harsh_extinction_cascade
385,0,0.0,0.18142453731524483,1.0,0,3,harsh_extinction_cascade
386,0,0.0,0.18140475207475532,1.0,0,3,harsh_extinction_cascade
387,0,0.0,0.1813852416292726,1.0,0,3,harsh_extinction_cascade
388,0,0.0,0.1813660021621994,1.0,0,3,harsh_extinction_cascade
389,0,0.0,0.1813470299099466,1.0,0,3,harsh_extinction_cascade
390,0,0.0,0.18132832116119735,1.0,0,3,harsh_extinction_cascade
391,0,0.0,0.18130987225618073,1.0,0,3,harsh_extinction_cascade
392,0,0.0,0.181291679585956,1.0,0,3,harsh_extinction_cascade
393,0,0.0,0.1812737395917066,1.0,0,3,harsh_extinction_cascade
394,0,0.0,0.181256048764044,1.0,0,3,harsh_extinction_cascade
395,0,0.0,0.18123860364232117,1.0,0,3,harsh_extinction_cascade
396,0,0.0,0.1812214008139556,1.0,0,3,harsh_extinction_cascade
397,0,0.0,0.18120443691376178,1.0,0,3,harsh_extinction_cascade
398,0,0.0,0.18118770862329286,1.0,0,3,harsh_extinction_cascade
399,0,0.0,0.18117121267019157,1.0,0,3,harsh_extinction_cascade
400,0,0.0,0.18115494582755,1.0,0,3,harsh_extinction_cascade
401,0,0.0,0.1811389049132785,1.0,0,3,harsh_extinction_cascade
402,0,0.0,0.18112308678948297,1.0,0,3,harsh_extinction_cascade
403,0,0.0,0.18110748836185125,1.0,0,3,harsh_extinction_cascade
404,0,0.0,0.18109210657904776,1.0,0,3,harsh_extinction_cascade
405,0,0.0,0.18107693843211653,1.0,0,3,harsh_extinction_cascade
406,0,0.0,0.1810619809538927,1.0,0,3,harsh_extinction_cascade
407,0,0.0,0.18104723121842198,1.0,0,3,harsh_extinction_cascade
408,0,0.0,0.18103268634038833,1.0,0,3,harsh_extinction_cascade
409,0,0.0,0.1810183434745496,1.0,0,3,harsh_extinction_cascade
410,0,0.0,0.18100419981518084,1.0,0,3,harsh_extinction_cascade
411,0,0.0,0.18099025259552556,1.0,0,3,harsh_extinction_cascade
412,0,0.0,0.18097649908725438,1.0,0,3,harsh_extinction_cascade
413,0,0.0,0.1809629365999314,1.0,0,3,harsh_extinction_cascade
414,0,0.0,0.1809495624804879,1.0,0,3,harsh_extinction_cascade
415,0,0.0,0.18093637411270336,1.0,0,3,harsh_extinction_cascade
416,0,0.0,0.18092336891669358,1.0,0,3,harsh_extinction_cascade
417,0,0.0,0.18091054434840617,1.0,0,3,harsh_extinction_cascade
418,0,0.0,0.18089789789912275,1.0,0,3,harsh_extinction_cascade
419,0,0.0,0.18088542709496827,1.0,0,3,harsh_extinction_cascade
420,0,0.0,0.18087312949642703,1.0,0,3,harsh_extinction_cascade
421,0,0.0,0.18086100269786554,1.0,0,3,harsh_extinction_cascade
422,0,0.0,0.18084904432706184,1.0,0,3,harsh_extinction_cascade
423,0,0.0,0.18083725204474155,1.0,0,3,harsh_extinction_cascade
424,0,0.0,0.18082562354412013,1.0,0,3,harsh_extinction_cascade
425,0,0.0,0.1808141565504518,1.0,0,3,harsh_extinction_cascade
426,0,0.0,0.18080284882058442,1.0,0,3,harsh_extinction_cascade
427,0,0.0,0.18079169814252075,1.0,0,3,harsh_extinction_cascade
428,0,0.0,0.18078070233498575,1.0,0,3,harsh_extinction_cascade
429,0,0.0,0.18076985924699984,1.0,0,3,harsh_extinction_cascade
430,0,0.0,0.18075916675745818,1.0,0,3,harsh_extinction_cascade
431,0,0.0,0.1807486227747157,1.0,0,3,harsh_extinction_cascade
432,0,0.0,0.180738225236178,1.0,0,3,harsh_extinction_cascade
433,0,0.0,0.18072797210789776,1.0,0,3,harsh_extinction_cascade
434,0,0.0,0.18071786138417695,1.0,0,3,harsh_extinction_cascade
435,0,0.0,0.1807078910871745,1.0,0,3,harsh_extinction_cascade
436,0,0.0,0.1806980592665193,1.0,0,3,harsh_extinction_cascade
437,0,0.0,0.18068836399892876,1.0,0,3,harsh_extinction_cascade
438,0,0.0,0.18067880338783254,1.0,0,3,harsh_extinction_cascade
439,0,0.0,0.18066937556300153,1.0,0,3,harsh_extinction_cascade
440,0,0.0,0.18066007868018205,1.0,0,3,harsh_extinction_cascade
441,0,0.0,0.18065091092073507,1.0,0,3,harsh_extinction_cascade
442,0,0.0,0.18064187049128042,1.0,0,3,harsh_extinction_cascade
443,0,0.0,0.18063295562334597,1.0,0,3,harsh_extinction_cascade
444,0,0.0,0.18062416457302172,1.0,0,3,harsh_extinction_cascade
445,0,0.0,0.18061549562061863,1.0,0,3,harsh_extinction_cascade
446,0,0.0,0.18060694707033226,1.0,0,3,harsh_extinction_cascade
447,0,0.0,0.18059851724991097,1.0,0,3,harsh_extinction_cascade
448,0,0.0,0.18059020451032887,1.0,0,3,harsh_extinction_cascade
449,0,0.0,0.1805820072254632,1.0,0,3,harsh_extinction_cascade
450,0,0.0,0.1805739237917762,1.0,0,3,harsh_extinction_cascade
451,0,0.0,0.18056595262800154,1.0,0,3,harsh_extinction_cascade
452,0,0.0,0.18055809217483484,1.0,0,3,harsh_extinction_cascade
453,0,0.0,0.18055034089462882,1.0,0,3,harsh_extinction_cascade
454,0,0.0,0.18054269727109232,1.0,0,3,harsh_extinction_cascade
455,0,0.0,0.18053515980899382,1.0,0,3,harsh_extinction_cascade
456,0,0.0,0.1805277270338689,1.0,0,3,harsh_extinction_cascade
457,0,0.0,0.18052039749173185,1.0,0,3,harsh_extinction_cascade
458,0,0.0,0.18051316974879114,1.0,0,3,harsh_extinction_cascade
459,0,0.0,0.18050604239116905,1.0,0,3,harsh_extinction_cascade
460,0,0.0,0.18049901402462504,1.0,0,3,harsh_extinction_cascade
461,0,0.0,0.180492083274283,1.0,0,3,harsh_extinction_cascade
462,0,0.0,0.18048524878436242,1.0,0,3,harsh_extinction_cascade
463,0,0.0,0.18047850921791295,1.0,0,3,harsh_extinction_cascade
464,0,0.0,0.18047186325655304,1.0,0,3,harsh_extinction_cascade
465,0,0.0,0.18046530960021204,1.0,0,3,harsh_extinction_cascade
466,0,0.0,0.18045884696687575,1.0,0,3,harsh_extinction_cascade
467,0,0.0,0.1804524740923358,1.0,0,3,harsh_extinction_cascade
468,0,0.0,0.18044618972994225,1.0,0,3,harsh_extinction_cascade
469,0,0.0,0.18043999265035973,1.0,0,3,harsh_extinction_cascade
470,0,0.0,0.18043388164132695,1.0,0,3,harsh_extinction_cascade
471,0,0.0,0.18042785550741963,1.0,0,3,harsh_extinction_cascade
472,0,0.0,0.1804219130698166,1.0,0,3,harsh_extinction_cascade
473,0,0.0,0.18041605316606912,1.0,0,3,harsh_extinction_cascade
474,0,0.0,0.18041027464987372,1.0,0,3,harsh_extinction_cascade
475,0,0.0,0.1804045763908477,1.0,0,3,harsh_extinction_cascade
476,0,0.0,0.18039895727430816,1.0,0,3,harsh_extinction_cascade
477,0,0.0,0.18039341620105387,1.0,0,3,harsh_extinction_cascade
478,0,0.0,0.18038795208715033,1.0,0,3,harsh_extinction_cascade
479,0,0.0,0.1803825638637177,1.0,0,3,harsh_extinction_cascade
480,0,0.0,0.18037725047672162,1.0,0,3,harsh_extinction_cascade
481,0,0.0,0.18037201088676716,1.0,0,3,harsh_extinction_cascade
482,0,0.0,0.1803668440688954,1.0,0,3,harsh_extinction_cascade
483,0,0.0,0.18036174901238294,1.0,0,3,harsh_extinction_cascade
484,0,0.0,0.1803567247205443,1.0,0,3,harsh_extinction_cascade
485,0,0.0,0.18035177021053672,1.0,0,3,harsh_extinction_cascade
486,0,0.0,0.18034688451316816,1.0,0,3,harsh_extinction_cascade
487,0,0.0,0.1803420666727075,1.0,0,3,harsh_extinction_cascade
488,0,0.0,0.18033731574669767,1.0,0,3,harsh_extinction_cascade
489,0,0.0,0.18033263080577133,1.0,0,3,harsh_extinction_cascade
490,0,0.0,0.18032801093346895,1.0,0,3,harsh_extinction_cascade
491,0,0.0,0.18032345522605966,1.0,0,3,harsh_extinction_cascade
492,0,0.0,0.1803189627923644,1.0,0,3,harsh_extinction_cascade
493,0,0.0,0.18031453275358156,1.0,0,3,harsh_extinction_cascade
494,0,0.0,0.18031016424311513,1.0,0,3,harsh_extinction_cascade
495,0,0.0,0.1803058564064052,1.0,0,3,harsh_extinction_cascade
496,0,0.0,0.18030160840076068,1.0,0,3,harsh_extinction_cascade
497,0,0.0,0.18029741939519456,1.0,0,3,harsh_extinction_cascade
498,0,0.0,0.1802932885702613,1.0,0,3,harsh_extinction_cascade
499,0,0.0,0.18028921511789656,1.0,0,3,harsh_extinction_cascade
0,5,2.3750416990564,1.6061333333333334,0.6694704753704782,0,0,balanced_baseline
1,5,2.3318305126409387,1.7084340740740742,0.6694704753704782,0,0,balanced_baseline
2,5,2.2905637617490764,1.8070406213991772,0.6694704753704782,0,0,balanced_baseline
3,5,2.251156645425174,1.9020863767375402,0.6694704753704782,0,0,balanced_baseline
4,5,2.2072091364021276,1.9936999242442401,0.6694704753704782,0,0,balanced_baseline
5,5,2.171466290971611,2.0820052047576425,0.6715572428905615,0,0,balanced_baseline
6,5,2.1373016884436002,2.167121683474728,0.6716598629862306,0,0,balanced_baseline
7,5,2.1051466025692536,2.2491645115714736,0.6716598629862306,0,0,balanced_baseline
8,5,2.074434672246123,2.328244681986948,0.6716598629862306,0,0,balanced_baseline
9,5,2.045080055746258,2.404469179581864,0.6716598629862306,0,0,balanced_baseline
10,5,2.01699654147139,2.477941125874741,0.6716598629862306,0,0,balanced_baseline
11,5,1.9900978329746057,2.5487599185514864,0.6716598629862306,0,0,balanced_baseline
12,5,1.9642979215203014,2.617021365937127,0.6716598629862306,0,0,balanced_baseline
13,5,1.9395115348990382,2.6828178166116197,0.6716598629862306,0,0,balanced_baseline
14,5,1.911060654948941,2.7462382843450888,0.6716598629862306,0,0,balanced_baseline
15,5,1.8881334701281265,2.807368568521516,0.6716598629862306,0,0,balanced_baseline
16,5,1.8662556546181088,2.8662913702137947,0.6800990920857086,0,1,balanced_baseline
17,5,1.844484838070334,2.9230864040671856,0.6800990920857086,0,1,balanced_baseline
18,5,1.8233336885591689,2.977830506142537,0.6800990920857086,0,1,balanced_baseline
19,5,1.8027344201590747,3.030597737865168,0.6800990920857086,0,1,balanced_baseline
20,5,1.778724044832589,3.081459486220037,0.6800990920857086,0,1,balanced_baseline
21,4,1.7591600588232752,3.1304845603287577,0.6930375671825845,1,1,balanced_baseline
22,4,1.7412111806093,3.177739284539108,0.6930375671825845,1,1,balanced_baseline
23,4,1.7235556542939938,3.223287588152974,0.6930375671825845,1,1,balanced_baseline
24,4,1.7061535090469016,3.2671910919141167,0.6930375671825845,1,1,balanced_baseline
25,4,1.6889722523625947,3.3095091913727734,0.6930375671825845,1,1,balanced_baseline
26,4,1.671987066903837,3.3502991372398676,0.69697423472993,1,2,balanced_baseline
27,4,1.6552048404630182,3.3896161128395392,0.69697423472993,1,2,balanced_baseline
28,4,1.6389891004436448,3.427513308764778,0.69697423472993,1,2,balanced_baseline
29,4,1.6230341825404317,3.464041994837161,0.69697423472993,1,2,balanced_baseline
30,4,1.6067445213032445,3.499251589468041,0.69697423472993,1,2,balanced_baseline
31,4,1.5906396229020903,3.5331897265150287,0.69697423472993,1,2,balanced_baseline
32,4,1.574737851932289,3.5659023197242083,0.69697423472993,1,2,balanced_baseline
33,4,1.5590631490387044,3.5974336248452787,0.69697423472993,1,2,balanced_baseline
34,4,1.5436442956398788,3.627826299503644,0.69697423472993,1,2,balanced_baseline
35,4,1.5285141099403003,3.6571214609104565,0.69697423472993,1,2,balanced_baseline
36,4,1.5137085924217688,3.68535874148869,0.69697423472993,1,2,balanced_baseline
37,4,1.4992660395179065,3.7125763424904874,0.69697423472993,1,2,balanced_baseline
38,4,1.4852261439737227,3.7388110856783308,0.69697423472993,1,2,balanced_baseline
39,4,1.4716290995327472,3.7640984631399466,0.7078952400358621,1,3,balanced_baseline
40,4,1.458539272716441,3.7884726853043373,0.7078952400358621,1,3,balanced_baseline
41,4,1.4459703341685726,3.811966727223903,0.7078952400358621,1,3,balanced_baseline
42,4,1.4339590189680433,3.8346123731852617,0.7078952400358621,1,3,balanced_baseline
43,4,1.4225393060539937,3.856440259709127,0.7078952400358621,1,3,balanced_baseline
44,4,1.411741745945845,3.877479916997409,0.7078952400358621,1,3,balanced_baseline
45,4,1.4015928585490682,3.8977598088836136,0.7078952400358621,1,3,balanced_baseline
46,4,1.392114604402095,3.9173073713405944,0.7078952400358621,1,3,balanced_baseline
47,4,1.3833239310691328,3.9361490495977396,0.7078952400358621,1,3,balanced_baseline
48,4,1.3752323951158012,3.9543103339178214,0.7078952400358621,1,3,balanced_baseline
49,4,1.3678458592475282,3.9718157940819,0.7078952400358621,1,3,balanced_baseline
50,4,1.3611642637423846,3.9886891126289425,0.7078952400358621,1,3,balanced_baseline
51,4,1.3551814712401753,4.00495311689512,0.7078952400358621,1,3,balanced_baseline
52,4,1.3498851842025839,4.020629809896129,0.7078952400358621,1,3,balanced_baseline
53,4,1.3452569344192689,4.035740229187383,0.7078952400358621,1,3,balanced_baseline
54,4,1.3416214958538142,4.050301923884098,0.7078952400358621,1,3,balanced_baseline
55,4,1.3382467798885223,4.0643328108720045,0.7078952400358621,1,3,balanced_baseline
56,4,1.3354488251445542,4.077852311756316,0.7078952400358621,1,3,balanced_baseline
57,4,1.3331858266903331,4.090879202301168,0.7078952400358621,1,3,balanced_baseline
58,4,1.331410885606229,4.103431627395143,0.7078952400358621,1,3,balanced_baseline
59,4,1.3300724643227524,4.115527120831695,0.7078952400358621,1,3,balanced_baseline
60,4,1.3291149264796862,4.127182623597441,0.7078952400358621,1,3,balanced_baseline
61,4,1.328479161754953,4.138414500687618,0.7078952400358621,1,3,balanced_baseline
62,4,1.3246168301111747,4.149238556481347,0.7109620627302813,1,4,balanced_baseline
63,4,1.3243395589315454,4.159671677882991,0.7109620627302813,1,4,balanced_baseline
64,4,1.3241920838402816,4.169726923490918,0.7109620627302813,1,4,balanced_baseline
65,4,1.3241097506889679,4.179418488499386,0.7109620627302813,1,4,balanced_baseline
66,4,1.3240287232977441,4.188760055837269,0.7109620627302813,1,4,balanced_baseline
67,4,1.3238869939290785,4.197764805760029,0.7109620627302813,1,4,balanced_baseline
68,4,1.323625411615128,4.206445424723334,0.7109620627302813,1,4,balanced_baseline
69,4,1.3231887070398527,4.214814113751875,0.7109620627302813,1,4,balanced_baseline
70,4,1.3225264904847611,4.222882596536753,0.7109620627302813,1,4,balanced_baseline
71,4,1.3215941979130987,4.230662127507366,0.7109620627302813,1,4,balanced_baseline
72,4,1.320353959761832,4.238163500127105,0.7109620627302813,1,4,balanced_baseline
73,4,1.3187753675587788,4.245397055655273,0.7109620627302813,1,4,balanced_baseline
74,4,1.3133234729927872,4.252372692599692,0.7109620627302813,1,4,balanced_baseline
75,4,1.3110288623583197,4.259099752923955,0.7109620627302813,1,4,balanced_baseline
76,4,1.3083560915039036,4.265587393021123,0.7109620627302813,1,4,balanced_baseline
77,4,1.3053094446360536,4.2718442501960725,0.7109620627302813,1,4,balanced_baseline
78,4,1.3019022451682936,4.277878567395605,0.7131117044492443,1,4,balanced_baseline
79,4,1.2985050099063766,4.283697343672318,0.7131117044492443,1,4,balanced_baseline
80,4,1.2947885711381821,4.289307833947909,0.7131117044492443,1,4,balanced_baseline
81,4,1.290792052307633,4.2947161621664565,0.7186250372831563,1,5,balanced_baseline
82,4,1.286635391517981,4.299929189643779,0.7186250372831563,1,5,balanced_baseline
83,4,1.282296791888113,4.304953968906642,0.7186250372831563,1,5,balanced_baseline
84,4,1.2778351938779697,4.309797297807235,0.7186250372831563,1,5,balanced_baseline
85,4,1.2733141654626154,4.314465728719752,0.7186250372831563,1,5,balanced_baseline
86,4,1.268800807110705,4.318965577404873,0.7186250372831563,1,5,balanced_baseline
87,4,1.264546248518046,4.323302931554141,0.7049534374315279,1,6,balanced_baseline
88,4,1.2584862432743302,4.327480153299151,0.7049534374315279,1,6,balanced_baseline
89,4,1.2549487213562327,4.331505679206509,0.7049534374315279,1,6,balanced_baseline
90,4,1.2517044635242132,4.335384728684657,0.7047306161577236,1,6,balanced_baseline
91,4,1.2488229881195931,4.339122038280388,0.7047306161577236,1,6,balanced_baseline
92,4,1.2463740537553702,4.342720473308777,0.7047306161577236,1,6,balanced_baseline
93,4,1.2444217666700332,4.346184409614773,0.702145690374779,1,6,balanced_baseline
94,4,1.24327069892374,4.349514424867864,0.702145690374779,1,6,balanced_baseline
95,4,1.2427396365605423,4.35271831570241,0.702145690374779,1,6,balanced_baseline
96,3,1.242878128815646,4.3558001050504656,0.6915300577641607,2,6,balanced_baseline
97,3,1.2448205340956964,4.3587637264231756,0.7045062720211713,2,7,balanced_baseline
98,3,1.247505724294704,4.36161361307542,0.7045062720211713,2,7,balanced_baseline
99,3,1.2452370371611403,4.364353011073021,0.7045062720211713,2,7,balanced_baseline
100,3,1.2495807966441101,4.366985559728094,0.7045062720211713,2,7,balanced_baseline
101,3,1.2547645614086074,4.3695111024886675,0.7045062720211713,2,7,balanced_baseline
102,3,1.2607924258096592,4.3719327835994495,0.7045062720211713,2,7,balanced_baseline
103,3,1.2676590722210557,4.374254433384409,0.7045062720211713,2,7,balanced_baseline
104,3,1.2753495765535314,4.376479887947207,0.7045062720211713,2,7,balanced_baseline
105,3,1.284025011730023,4.3786129907786675,0.7045062720211713,2,7,balanced_baseline
106,3,1.2932820335425355,4.380657555228917,0.7045062720211713,2,7,balanced_baseline
107,3,1.3032599252369654,4.382617475136901,0.7045062720211713,2,7,balanced_baseline
108,3,1.3139050668265868,4.384496611410891,0.7045062720211713,2,7,balanced_baseline
109,3,1.3251546497287168,4.386298823366411,0.7045062720211713,2,7,balanced_baseline
110,3,1.3313542766583315,4.3880279617097475,0.7436962138170626,2,8,balanced_baseline
111,3,1.3438467312785294,4.389684009606481,0.7436962138170626,2,8,balanced_baseline
112,3,1.3567147944461948,4.391274621645398,0.7442346178936323,2,9,balanced_baseline
113,3,1.3699909791884775,4.392801673092624,0.7442346178936323,2,9,balanced_baseline
114,3,1.3834541346463034,4.394270776454634,0.7442346178936323,2,9,balanced_baseline
115,3,1.3829062340808058,4.395685558943062,0.7499840989732279,2,10,balanced_baseline
116,3,1.396678973558037,4.397045878222403,0.7499840989732279,2,10,balanced_baseline
117,3,1.4103335154187127,4.398358847825351,0.7499840989732279,2,10,balanced_baseline
118,3,1.4237662649661833,4.39962773152178,0.7499840989732279,2,10,balanced_baseline
119,3,1.4368769345261514,4.400855625617873,0.7499840989732279,2,10,balanced_baseline
120,3,1.449570625248157,4.402045433776397,0.7499840989732279,2,10,balanced_baseline
121,3,1.4617599208420926,4.40319984256723,0.7776690394988628,2,11,balanced_baseline
122,3,1.4730950038313093,4.40432537756302,0.7776690394988628,2,11,balanced_baseline
123,3,1.4837843023330328,4.40541995500683,0.7776690394988628,2,11,balanced_baseline
124,3,1.4940788196147112,4.40648547741642,0.7776690394988628,2,11,balanced_baseline
125,3,1.5033368644381984,4.407523520059586,0.7776690394988628,2,11,balanced_baseline
126,3,1.5118372043800692,4.40853544340275,0.7776690394988628,2,11,balanced_baseline
127,3,1.5195748453407236,4.409522265554352,0.7827226076128856,2,12,balanced_baseline
128,3,1.5269520701483255,4.41047501761252,0.7827226076128856,2,12,balanced_baseline
129,3,1.5336026810939793,4.411400317211584,0.7827226076128856,2,12,balanced_baseline
130,3,1.5395735788353706,4.412298744613022,0.7827226076128856,2,12,balanced_baseline
131,3,1.544928577289344,4.413170675713526,0.7827226076128856,2,13,balanced_baseline
132,3,1.5495965907228104,4.414018559808223,0.7827226076128856,2,13,balanced_baseline
133,3,1.5538248665198227,4.4148400443525215,0.7827226076128856,2,13,balanced_baseline
134,3,1.557720780275059,4.415634999705478,0.7827226076128856,2,13,balanced_baseline
135,3,1.5614030504375116,4.416403167428819,0.7827226076128856,2,13,balanced_baseline
136,3,1.5568550248626822,4.417144183381341,0.7827226076128856,2,13,balanced_baseline
137,3,1.5606498686449657,4.417856292325565,0.7827226076128856,2,13,balanced_baseline
138,3,1.5646355800214025,4.418540328580651,0.7827226076128856,2,13,balanced_baseline
139,3,1.5689563316123842,4.419195738116341,0.7827226076128856,2,13,balanced_baseline
140,3,1.5737577049015896,4.419821952815151,0.7827226076128856,2,13,balanced_baseline
141,2,1.579184772801909,4.420418410997042,0.8189496583985731,3,13,balanced_baseline
142,2,1.5900982710168912,4.420928488126702,0.8189496583985731,3,13,balanced_baseline
143,2,1.6020433480241587,4.4214046721225735,0.8189496583985731,3,13,balanced_baseline
144,2,1.6151780508701314,4.4218458161976795,0.8189496583985731,3,13,balanced_baseline
145,2,1.6296535680268858,4.422250917855412,0.8189496583985731,3,13,balanced_baseline
146,2,1.64561255981853,4.422619138722648,0.8189496583985731,3,13,balanced_baseline
147,2,1.6631875622864234,4.422949822565089,0.8189496583985731,3,13,balanced_baseline
148,2,1.682499440437888,4.4232425119113,0.8189496583985731,3,13,balanced_baseline
149,2,1.7036558661959784,4.42349696370591,0.8189496583985731,3,13,balanced_baseline
150,2,1.7267497986379736,4.4237131643632335,0.8189496583985731,3,13,balanced_baseline
151,2,1.7518579492458501,4.42389134450211,0.8189496583985731,3,13,balanced_baseline
152,2,1.7790392227629832,4.4240319935145545,0.8189496583985731,3,13,balanced_baseline
153,2,1.8083331346291334,4.424135873959648,0.8189496583985731,3,13,balanced_baseline
154,2,1.839758218516151,4.424204035586134,0.8189496583985731,3,13,balanced_baseline
155,2,1.8733104517556272,4.424237828580264,0.8189496583985731,3,13,balanced_baseline
156,2,1.9089617418451583,4.424238915419077,0.8189496583985731,3,13,balanced_baseline
157,2,1.946658532995368,4.424209280495025,0.8189496583985731,3,13,balanced_baseline
158,2,1.9863206069232775,4.424151236479342,0.8189496583985731,3,13,balanced_baseline
159,2,2.027840165734214,4.424067426224314,0.8189496583985731,3,13,balanced_baseline
160,2,2.0710812955497535,4.423960818885647,0.8189496583985731,3,13,balanced_baseline
161,2,2.1158799162286304,4.423834698893483,0.8189496583985731,3,13,balanced_baseline
162,2,2.162044323776673,4.423692646431331,0.8331452481156906,3,14,balanced_baseline
163,2,2.2096344874990015,4.4235343372988085,0.8331452481156906,3,14,balanced_baseline
164,2,2.2581433415461505,4.4233679645300885,0.8331452481156906,3,14,balanced_baseline
165,2,2.3073064132136487,4.423197786402601,0.8331452481156906,3,14,balanced_baseline
166,2,2.3568412501748375,4.423028177116978,0.8331452481156906,3,14,balanced_baseline
167,2,2.406452063364586,4.422863552967685,0.8331452481156906,3,14,balanced_baseline
168,2,2.455835222758192,4.422708288386282,0.8331452481156906,3,14,balanced_baseline
169,2,2.504685516550702,4.422566623565445,0.8331452481156906,3,14,balanced_baseline
170,2,2.5527030354879754,4.422442566041523,0.8331452481156906,3,14,balanced_baseline
171,2,2.5996004976860334,4.42233978922372,0.8331452481156906,3,14,balanced_baseline
172,2,2.645110788976042,4.422261531354625,0.8331452481156906,3,14,balanced_baseline
173,2,2.6889944633414333,4.422210498718004,0.8331452481156906,3,14,balanced_baseline
174,2,2.7310469306250256,4.422188777032823,0.8331452481156906,3,14,balanced_baseline
175,2,2.7711050567811055,4.422197754858741,0.8331452481156906,3,14,balanced_baseline
176,2,2.784869624977712,4.42223806247821,0.8331452481156906,3,14,balanced_baseline
177,2,2.7970075465847986,4.422306471999774,0.8594795752372905,3,15,balanced_baseline
178,2,2.8332894866532614,4.422367842520978,0.8594795752372905,3,15,balanced_baseline
179,1,2.8674506897108683,4.422458807939634,1.0,4,15,balanced_baseline
180,1,2.9069086007083005,4.422467037876853,1.0,4,15,balanced_baseline
181,1,2.944455899120423,4.422503629810674,1.0,4,15,balanced_baseline
182,1,2.9803055221338255,4.4225643655000875,1.0,4,15,balanced_baseline
183,1,3.014731025307349,4.422644269753871,1.0,4,15,balanced_baseline
184,1,3.0480623554025463,4.422737701172442,1.0,4,15,balanced_baseline
185,1,3.080680561640399,4.422838455536535,1.0,4,15,balanced_baseline
186,1,3.1130117050723305,4.422939877490681,1.0,4,15,balanced_baseline
187,1,3.14552023280018,4.423034976220933,1.0,4,15,balanced_baseline
188,1,3.1787020717327588,4.423116541162299,1.0,4,15,balanced_baseline
189,1,3.2130776676806883,4.423177254347775,1.0,4,15,balanced_baseline
190,1,3.249185153207062,4.423209796768988,1.0,4,15,balanced_baseline
191,1,3.2875737757741774,4.423206946991601,1.0,4,15,balanced_baseline
192,1,3.328797660609303,4.423161671188822,1.0,4,15,balanced_baseline
193,1,3.373409924497171,4.423067204659796,1.0,4,15,balanced_baseline
194,1,3.421957101158916,4.422917125730488,1.0,4,15,balanced_baseline
195,1,3.4749737892290904,4.422705423646946,1.0,4,15,balanced_baseline
196,1,3.5329773927461603,4.422426562629161,1.0,4,15,balanced_baseline
197,1,3.5964627936411744,4.422075544631905,1.0,4,15,balanced_baseline
198,1,3.6658967776228804,4.421647973538249,1.0,4,15,balanced_baseline
199,1,3.7568735132220525,4.420912701237603,1.0,4,15,balanced_baseline
200,1,3.8558283377036666,4.420084309103465,1.0,4,15,balanced_baseline
201,1,3.963236384181579,4.419159032799782,1.0,4,15,balanced_baseline
202,1,4.079519038420838,4.41813405013509,1.0,4,15,balanced_baseline
203,1,4.205032146411486,4.417007623927018,1.0,4,15,balanced_baseline
204,1,4.340052736338707,4.415779261991857,1.0,4,15,balanced_baseline
205,1,4.484764349853317,4.41444989221721,1.0,4,15,balanced_baseline
206,1,4.639241223553799,4.413022048559414,1.0,4,15,balanced_baseline
207,1,4.803431732194474,4.411500061398492,1.0,4,15,balanced_baseline
208,1,4.977141694578929,4.409890243078891,1.0,4,15,balanced_baseline
209,1,5.160018341542776,4.4082010568188075,1.0,4,15,balanced_baseline
210,1,5.351535938371494,4.406443254703475,1.0,4,15,balanced_baseline
211,1,5.550984222204851,4.404629968470571,1.0,4,15,balanced_baseline
212,1,5.757460935189701,4.402776735581028,1.0,4,15,balanced_baseline
213,1,5.969869780761897,4.400901443001464,1.0,4,15,balanced_baseline
214,1,6.186925078317671,4.3990241725408525,1.0,4,15,balanced_baseline
215,1,6.407164219763366,4.397166934744081,1.0,4,15,balanced_baseline
216,1,6.628968727765072,4.395353283369408,1.0,4,15,balanced_baseline
217,1,6.850594280800122,4.393607809285542,1.0,4,15,balanced_baseline
218,1,7.070209521777944,4.391955520891119,1.0,4,15,balanced_baseline
219,1,7.285942840663684,4.390421127297875,1.0,4,15,balanced_baseline
220,1,7.495935669774426,4.389028249708791,1.0,4,15,balanced_baseline
221,1,7.698400218243196,4.3877985946867195,1.0,4,15,balanced_baseline
222,1,7.891679069407776,4.386751129333342,1.0,4,15,balanced_baseline
223,1,8.0,4.385901301879269,1.0,4,15,balanced_baseline
224,1,8.0,4.385243391130132,1.0,4,15,balanced_baseline
225,1,8.0,4.384755172049308,1.0,4,15,balanced_baseline
226,1,8.0,4.3830642616562265,1.0,4,15,balanced_baseline
227,1,8.0,4.38159719438818,1.0,4,15,balanced_baseline
228,1,8.0,4.380341062020782,1.0,4,15,balanced_baseline
229,1,8.0,4.379279175744811,1.0,4,15,balanced_baseline
230,1,8.0,4.378391217454012,1.0,4,15,balanced_baseline
231,1,8.0,4.37765344969581,1.0,4,15,balanced_baseline
232,1,8.0,4.37703898289672,1.0,4,15,balanced_baseline
233,1,8.0,4.37651809765751,1.0,4,15,balanced_baseline
234,1,8.0,4.376058619072113,1.0,4,15,balanced_baseline
235,1,8.0,4.375626339165558,1.0,4,15,balanced_baseline
236,1,8.0,4.375185482679539,1.0,4,15,balanced_baseline
237,1,8.0,4.3746992105724525,1.0,4,15,balanced_baseline
238,1,8.0,4.3741301547601035,1.0,4,15,balanced_baseline
239,1,8.0,4.373440976822754,1.0,4,15,balanced_baseline
240,1,8.0,4.372594942665842,1.0,4,15,balanced_baseline
241,1,8.0,4.371556504469258,1.0,4,15,balanced_baseline
242,1,8.0,4.370291880718583,1.0,4,15,balanced_baseline
243,1,8.0,4.368769624706295,1.0,4,15,balanced_baseline
244,1,8.0,4.366961171645553,1.0,4,15,balanced_baseline
245,1,8.0,4.364841354475306,1.0,4,15,balanced_baseline
246,1,8.0,4.362388878570899,1.0,4,15,balanced_baseline
247,1,8.0,4.359586745921692,1.0,4,15,balanced_baseline
248,1,8.0,4.356422619903073,1.0,4,15,balanced_baseline
249,1,8.0,4.352889122553963,1.0,4,15,balanced_baseline
250,1,8.0,4.348984057264385,1.0,4,15,balanced_baseline
251,1,8.0,4.344710550964752,1.0,4,15,balanced_baseline
252,1,8.0,4.34007711126549,1.0,4,15,balanced_baseline
253,1,8.0,4.335097595491681,1.0,4,15,balanced_baseline
254,1,8.0,4.329791090155712,1.0,4,15,balanced_baseline
255,1,8.0,4.324181701070086,1.0,4,15,balanced_baseline
256,1,8.0,4.318298255978237,1.0,4,15,balanced_baseline
257,1,8.0,4.312173923228209,1.0,4,15,balanced_baseline
258,1,8.0,4.305845751588082,1.0,4,15,balanced_baseline
259,1,8.0,4.299354137762121,1.0,4,15,balanced_baseline
260,1,8.0,4.292742229476432,1.0,4,15,balanced_baseline
261,1,8.0,4.288354277007197,1.0,4,15,balanced_baseline
262,1,8.0,4.2839168219613954,1.0,4,15,balanced_baseline
263,1,8.0,4.2794729196822665,1.0,4,15,balanced_baseline
264,1,8.0,4.2750652934516555,1.0,4,15,balanced_baseline
265,1,8.0,4.270735666230426,1.0,4,15,balanced_baseline
266,1,8.0,4.266524096784107,1.0,4,15,balanced_baseline
267,1,8.0,4.262468330225117,1.0,4,15,balanced_baseline
268,1,8.0,4.258603172697219,1.0,4,15,balanced_baseline
269,1,8.0,4.254959899502957,1.0,4,15,balanced_baseline
270,1,8.0,4.25156570545244,1.0,4,15,balanced_baseline
271,1,8.0,4.248443205613492,1.0,4,15,balanced_baseline
272,1,8.0,4.245609993987673,1.0,4,15,balanced_baseline
273,1,8.0,4.243078266939875,1.0,4,15,balanced_baseline
274,1,8.0,4.240854517482709,1.0,4,15,balanced_baseline
275,1,8.0,4.238939305767497,1.0,4,15,balanced_baseline
276,1,8.0,4.237327110363516,1.0,4,15,balanced_baseline
277,1,8.0,4.236006264113243,1.0,4,15,balanced_baseline
278,1,8.0,4.234958977526981,1.0,4,15,balanced_baseline
279,1,8.0,4.234161451814962,1.0,4,15,balanced_baseline
280,1,8.0,4.233584082736536,1.0,4,15,balanced_baseline
281,1,8.0,4.233191755461203,1.0,4,15,balanced_baseline
282,1,8.0,4.2329442295727935,1.0,4,15,balanced_baseline
283,1,8.0,4.232796612196528,1.0,4,15,balanced_baseline
284,1,8.0,4.232699915983473,1.0,4,15,balanced_baseline
285,1,8.0,4.232601697348887,1.0,4,15,balanced_baseline
286,1,8.0,4.232446768937693,1.0,4,15,balanced_baseline
287,1,8.0,4.232177978798284,1.0,4,15,balanced_baseline
288,1,8.0,4.231737047210132,1.0,4,15,balanced_baseline
289,1,8.0,4.231065450565671,1.0,4,15,balanced_baseline
290,1,8.0,4.23010534019584,1.0,4,15,balanced_baseline
291,1,8.0,4.228800482602057,1.0,4,15,balanced_baseline
292,1,8.0,4.22709720627209,1.0,4,15,balanced_baseline
293,1,8.0,4.224945339173358,1.0,4,15,balanced_baseline
294,1,8.0,4.222299120195492,1.0,4,15,balanced_baseline
295,1,8.0,4.219118067312848,1.0,4,15,balanced_baseline
296,1,8.0,4.215367785108956,1.0,4,15,balanced_baseline
297,1,8.0,4.2110206945910065,1.0,4,15,balanced_baseline
298,1,8.0,4.206056668952291,1.0,4,15,balanced_baseline
299,1,8.0,4.200463560127195,1.0,4,15,balanced_baseline
300,1,8.0,4.194237602621347,1.0,4,15,balanced_baseline
301,1,8.0,4.187383683163971,1.0,4,15,balanced_baseline
302,1,8.0,4.179915467175673,1.0,4,15,balanced_baseline
303,1,8.0,4.171855375809161,1.0,4,15,balanced_baseline
304,1,8.0,4.163234410322967,1.0,4,15,balanced_baseline
305,1,8.0,4.154091823695769,1.0,4,15,balanced_baseline
306,1,8.0,4.144474642579846,1.0,4,15,balanced_baseline
307,1,8.0,4.1344370458209605,1.0,4,15,balanced_baseline
308,1,8.0,4.124039608735253,1.0,4,15,balanced_baseline
309,1,8.0,4.113348425035544,1.0,4,15,balanced_baseline
310,1,8.0,4.102434120656533,1.0,4,15,balanced_baseline
311,1,8.0,4.091370775674742,1.0,4,15,balanced_baseline
312,1,8.0,4.080234772009141,1.0,4,15,balanced_baseline
313,1,8.0,4.069103585599699,1.0,4,15,balanced_baseline
314,1,8.0,4.0580545422942205,1.0,4,15,balanced_baseline
315,1,8.0,4.047163556752621,1.0,4,15,balanced_baseline
316,1,8.0,4.036503873346127,1.0,4,15,balanced_baseline
317,1,8.0,4.026144827348284,1.0,4,15,balanced_baseline
318,1,8.0,4.016150643759094,1.0,4,15,balanced_baseline
319,1,8.0,4.00657928995482,1.0,4,15,balanced_baseline
320,1,8.0,3.9974813970978773,1.0,4,15,balanced_baseline
321,1,8.0,3.9888992639543783,1.0,4,15,balanced_baseline
322,1,8.0,3.980865955523241,1.0,4,15,balanced_baseline
323,1,8.0,3.973404507739245,1.0,4,15,balanced_baseline
324,1,8.0,3.9665272485147303,1.0,4,15,balanced_baseline
325,1,8.0,3.9602352445527877,1.0,4,15,balanced_baseline
326,1,8.0,3.9560805313671255,1.0,4,15,balanced_baseline
327,1,8.0,3.952428893811881,1.0,4,15,balanced_baseline
328,1,8.0,3.9492483688456312,1.0,4,15,balanced_baseline
329,1,8.0,3.9464956234478388,1.0,4,15,balanced_baseline
330,1,8.0,3.9441161933609026,1.0,4,15,balanced_baseline
331,1,8.0,3.9420448856532833,1.0,4,15,balanced_baseline
332,1,8.0,3.940206349104568,1.0,4,15,balanced_baseline
333,1,8.0,3.938515815108793,1.0,4,15,balanced_baseline
334,1,8.0,3.9368800100922448,1.0,4,15,balanced_baseline
335,1,8.0,3.935198238281904,1.0,4,15,balanced_baseline
336,1,8.0,3.9333636309973743,1.0,4,15,balanced_baseline
337,1,8.0,3.9312645554567505,1.0,4,15,balanced_baseline
338,1,8.0,3.928786172403201,1.0,4,15,balanced_baseline
339,1,8.0,3.9258121277298175,1.0,4,15,balanced_baseline
340,1,8.0,3.9222263588025363,1.0,4,15,balanced_baseline
341,1,8.0,3.9179149914933773,1.0,4,15,balanced_baseline
342,1,8.0,3.912768299217515,1.0,4,15,balanced_baseline
343,1,8.0,3.9066826907312397,1.0,4,15,balanced_baseline
344,1,8.0,3.8995626893336057,1.0,4,15,balanced_baseline
345,1,8.0,3.891322862677252,1.0,4,15,balanced_baseline
346,1,8.0,3.881889659888848,1.0,4,15,balanced_baseline
347,1,8.0,3.871203111365792,1.0,4,15,balanced_baseline
348,1,8.0,3.859284335726781,1.0,4,15,balanced_baseline
349,1,8.0,3.8465455106438418,1.0,4,15,balanced_baseline
350,1,8.0,3.833000090667194,1.0,4,15,balanced_baseline
351,1,8.0,3.8186795867146004,1.0,4,15,balanced_baseline
352,1,8.0,3.8036329572604983,1.0,4,15,balanced_baseline
353,1,8.0,3.7879256694167056,1.0,4,15,balanced_baseline
354,1,8.0,3.771638449612747,1.0,4,15,balanced_baseline
355,1,8.0,3.7548657519952817,1.0,4,15,balanced_baseline
356,1,8.0,3.737713979991419,1.0,4,15,balanced_baseline
357,1,8.0,3.720299502401661,1.0,4,15,balanced_baseline
358,1,8.0,3.702746509671344,1.0,4,15,balanced_baseline
359,1,8.0,3.68518475850019,1.0,4,15,balanced_baseline
360,1,8.0,3.6670607789002663,1.0,4,15,balanced_baseline
361,1,8.0,3.648866837360058,1.0,4,15,balanced_baseline
362,1,8.0,3.631100026827248,1.0,4,15,balanced_baseline
363,1,8.0,3.613890641563445,1.0,4,15,balanced_baseline
364,1,8.0,3.5973630928060185,1.0,4,15,balanced_baseline
365,1,8.0,3.581633891337675,1.0,4,15,balanced_baseline
366,1,8.0,3.5668097999392963,1.0,4,15,balanced_baseline
367,1,8.0,3.552986175058978,1.0,4,15,balanced_baseline
368,1,8.0,3.54024551138026,1.0,4,15,balanced_baseline
369,1,8.0,3.5286561979468996,1.0,4,15,balanced_baseline
370,1,8.0,3.5182714902925576,1.0,4,15,balanced_baseline
371,1,8.0,3.5091286997496303,1.0,4,15,balanced_baseline
372,1,8.0,3.501248598814564,1.0,4,15,balanced_baseline
373,1,8.0,3.4946350400964437,1.0,4,15,balanced_baseline
374,1,8.0,3.4892747858741013,1.0,4,15,balanced_baseline
375,1,8.0,3.4851375454801405,1.0,4,15,balanced_baseline
376,1,8.0,3.4821762184185134,1.0,4,15,balanced_baseline
377,1,8.0,3.480327342073995,1.0,4,15,balanced_baseline
378,1,8.0,3.479511743837212,1.0,4,15,balanced_baseline
379,1,8.0,3.479635398194199,1.0,4,15,balanced_baseline
380,1,8.0,3.48059048957169,1.0,4,15,balanced_baseline
381,1,8.0,3.4822566812702958,1.0,4,15,balanced_baseline
382,1,8.0,3.484502589477795,1.0,4,15,balanced_baseline
383,1,8.0,3.487187459006066,1.0,4,15,balanced_baseline
384,1,8.0,3.490163033973269,1.0,4,15,balanced_baseline
385,1,8.0,3.4932756121667596,1.0,4,15,balanced_baseline
386,1,8.0,3.4963682663613405,1.0,4,15,balanced_baseline
387,1,8.0,3.4992832096055175,1.0,4,15,balanced_baseline
388,1,8.0,3.501864274681927,1.0,4,15,balanced_baseline
389,1,8.0,3.5039594709298987,1.0,4,15,balanced_baseline
390,1,8.0,3.5054235747844134,1.0,4,15,balanced_baseline
391,1,8.0,3.506120704176874,1.0,4,15,balanced_baseline
392,1,8.0,3.506099954311441,1.0,4,15,balanced_baseline
393,1,8.0,3.5052862213442264,1.0,4,15,balanced_baseline
394,1,8.0,3.5035863104164937,1.0,4,15,balanced_baseline
395,1,8.0,3.5009267185423294,1.0,4,15,balanced_baseline
396,1,8.0,3.4972547676149364,1.0,4,15,balanced_baseline
397,1,8.0,3.492539373021181,1.0,4,15,balanced_baseline
398,1,8.0,3.4867714194141612,1.0,4,15,balanced_baseline
399,1,8.0,3.4799637260138176,1.0,4,15,balanced_baseline
