phi,constraint,S_times_Ms,psi_s,regime
0.05,0.1,0.09408658161205269,0.047043290806026344,underdriven_or_overconstrained
0.05,0.2,0.12058115542734828,0.03014528885683707,underdriven_or_overconstrained
0.05,0.30000000000000004,0.14270338235471,0.02378389705911833,underdriven_or_overconstrained
0.05,0.4,0.16139245927901763,0.020174057409877204,underdriven_or_overconstrained
0.05,0.5,0.17733711511249314,0.017733711511249316,underdriven_or_overconstrained
0.05,0.6,0.19105388213561927,0.01592115684463494,underdriven_or_overconstrained
0.05,0.7000000000000001,0.20293774215829397,0.014495553011306712,underdriven_or_overconstrained
0.05,0.8,0.21329589062668833,0.01333099316416802,underdriven_or_overconstrained
0.05,0.9,0.22237083838002636,0.012353935465557022,underdriven_or_overconstrained
0.05,1.0,0.23035658287981647,0.011517829143990825,underdriven_or_overconstrained
0.05,1.1,0.2374101590873887,0.010791370867608577,underdriven_or_overconstrained
0.05,1.2000000000000002,0.2436600401016412,0.010152501670901716,underdriven_or_overconstrained
0.05,1.3000000000000003,0.2492123463256329,0.009585090243293572,underdriven_or_overconstrained
0.05,1.4000000000000001,0.25415550234111056,0.009076982226468234,underdriven_or_overconstrained
0.05,1.5000000000000002,0.2585637761327509,0.008618792537758362,underdriven_or_overconstrained
0.05,1.6,0.2625000015679666,0.008203125048998956,underdriven_or_overconstrained
0.05,1.7000000000000002,0.2660176958808364,0.007824049878848131,underdriven_or_overconstrained
0.05,1.8000000000000003,0.26916272340913006,0.007476742316920279,underdriven_or_overconstrained
0.05,1.9000000000000001,0.2719746151095444,0.007157226713409063,underdriven_or_overconstrained
0.05,2.0,0.27448762416957295,0.006862190604239324,underdriven_or_overconstrained
0.05,2.1,0.27673157730708964,0.006588847078740229,underdriven_or_overconstrained
0.05,2.2,0.27873256645096484,0.006334831055703746,underdriven_or_overconstrained
0.05,2.3000000000000003,0.28051351466128266,0.006098119883940927,underdriven_or_overconstrained
0.05,2.4000000000000004,0.2820946421810078,0.005876971712104329,underdriven_or_overconstrained
0.05,2.5000000000000004,0.2834938525928148,0.005669877051856295,underdriven_or_overconstrained
0.05,2.6,0.2847270546161882,0.005475520281080543,underdriven_or_overconstrained
0.05,2.7,0.28580843172095993,0.005292748735573332,underdriven_or_overconstrained
0.05,2.8000000000000003,0.28675066917004766,0.005120547663750851,underdriven_or_overconstrained
0.05,2.9000000000000004,0.2875651461323072,0.0049580197609018495,underdriven_or_overconstrained
0.05,3.0000000000000004,0.2882620989782323,0.004804368316303872,underdriven_or_overconstrained
0.05,3.1,0.28885076067850224,0.004658883236750036,underdriven_or_overconstrained
0.05,3.2,0.2893394802882404,0.0045209293795037565,underdriven_or_overconstrained
0.05,3.3000000000000003,0.28973582575884366,0.004389936753921873,underdriven_or_overconstrained
0.05,3.4000000000000004,0.2900466727298165,0.004265392246026713,underdriven_or_overconstrained
0.05,3.5000000000000004,0.29027828148150026,0.004146832592592861,underdriven_or_overconstrained
0.05,3.6,0.2904363638503005,0.004033838386809731,underdriven_or_overconstrained
0.05,3.7,0.29052614160136114,0.003926028940558934,underdriven_or_overconstrained
0.05,3.8000000000000003,0.29055239750447515,0.003823057861900989,underdriven_or_overconstrained
0.05,3.9000000000000004,0.29051952015562904,0.0037246092327644746,underdriven_or_overconstrained
0.05,4.0,0.2904315434197915,0.003630394292747394,underdriven_or_overconstrained
0.05,4.1,0.2902921812332095,0.0035401485516245064,underdriven_or_overconstrained
0.05,4.2,0.2901048583898942,0.0034536292665463594,underdriven_or_overconstrained
0.05,4.3,0.28987273784268675,0.0033706132307289157,underdriven_or_overconstrained
0.05,4.3999999999999995,0.28959874497072025,0.00329089482921273,underdriven_or_overconstrained
0.05,4.5,0.2892855891993724,0.0032142843244374712,underdriven_or_overconstrained
0.05,4.6,0.2889357833036499,0.003140606340257064,underdriven_or_overconstrained
0.05,4.7,0.28855166067949445,0.003069698517866962,underdriven_or_overconstrained
0.05,4.8,0.2881353908282645,0.0030014103211277554,underdriven_or_overconstrained
0.05,4.9,0.28768899326638736,0.0029356019721059933,underdriven_or_overconstrained
0.05,5.0,0.28721435004391427,0.0028721435004391426,underdriven_or_overconstrained
0.05,5.1,0.2867132170316128,0.0028109138924667927,underdriven_or_overconstrained
0.05,5.2,0.28618723411563335,0.002751800328034936,underdriven_or_overconstrained
0.05,5.3,0.2856379344211314,0.0026946974945389755,underdriven_or_overconstrained
0.05,5.4,0.2850667526710543,0.0026395069691764286,underdriven_or_overconstrained
0.05,5.5,0.2844750327732296,0.002586136661574815,underdriven_or_overconstrained
0.05,5.6,0.28386403471760185,0.0025345003099785882,underdriven_or_overconstrained
0.05,5.7,0.28323494085569345,0.002484517025049942,underdriven_or_overconstrained
0.05,5.8,0.2825888616258844,0.0024361108760852105,underdriven_or_overconstrained
0.05,5.9,0.2819268407807333,0.0023892105150909605,underdriven_or_overconstrained
0.05,6.0,0.28124986016613523,0.0023437488347177937,underdriven_or_overconstrained
0.15084745762711865,0.1,0.12579696796028614,0.18976152794009263,underdriven_or_overconstrained
0.15084745762711865,0.2,0.16122111661420235,0.1215989777852882,underdriven_or_overconstrained
0.15084745762711865,0.30000000000000004,0.19079928838226887,0.09593862523176229,underdriven_or_overconstrained
0.15084745762711865,0.4,0.2157872215261092,0.08137738438908355,underdriven_or_overconstrained
0.15084745762711865,0.5,0.23710577008696543,0.07153360521267771,underdriven_or_overconstrained
0.15084745762711865,0.6,0.2554455553375528,0.06422218764136214,underdriven_or_overconstrained
0.15084745762711865,0.7000000000000001,0.2713346814265532,0.05847163837037103,underdriven_or_overconstrained
0.15084745762711865,0.8,0.2851838791408378,0.05377407890579357,underdriven_or_overconstrained
0.15084745762711865,0.9,0.29731739374204946,0.04983285883812129,underdriven_or_overconstrained
0.15084745762711865,1.0,0.30799460645152305,0.04646020334607721,underdriven_or_overconstrained
0.15084745762711865,1.1,0.3174254783674364,0.04352984217981794,underdriven_or_overconstrained
0.15084745762711865,1.2000000000000002,0.32578178240393896,0.04095279468072113,underdriven_or_overconstrained
0.15084745762711865,1.3000000000000003,0.3332054051586178,0.03866399095060884,underdriven_or_overconstrained
0.15084745762711865,1.4000000000000001,0.33981457331253956,0.036614403177743365,underdriven_or_overconstrained
0.15084745762711865,1.5000000000000002,0.34570858569374935,0.03476617415451264,underdriven_or_overconstrained
0.15084745762711865,1.6,0.3509714533256079,0.033089469646164306,underdriven_or_overconstrained
0.15084745762711865,1.7000000000000002,0.35567473057501203,0.031560369911441746,underdriven_or_overconstrained
0.15084745762711865,1.8000000000000003,0.35987973962552994,0.030159413207789223,underdriven_or_overconstrained
0.15084745762711865,1.9000000000000001,0.3636393347142679,0.028870562702560075,underdriven_or_overconstrained
0.15084745762711865,2.0,0.36699931352093573,0.027680456697765494,underdriven_or_overconstrained
0.15084745762711865,2.1,0.36999955538441953,0.026577853453763792,underdriven_or_overconstrained
0.15084745762711865,2.2,0.37267494610335183,0.02555321279137004,underdriven_or_overconstrained
0.15084745762711865,2.3000000000000003,0.3750561345907395,0.024598375813246733,underdriven_or_overconstrained
0.15084745762711865,2.4000000000000004,0.37717015600093506,0.023706316302318658,underdriven_or_overconstrained
0.15084745762711865,2.5000000000000004,0.37904094803448507,0.022870945339029943,underdriven_or_overconstrained
0.15084745762711865,2.6,0.3806897811918265,0.022086956014388894,underdriven_or_overconstrained
0.15084745762711865,2.7,0.3821356192557799,0.02134969875314778,underdriven_or_overconstrained
0.15084745762711865,2.8000000000000003,0.38339542285543243,0.020655080287005745,underdriven_or_overconstrained
0.15084745762711865,2.9000000000000004,0.3844844063275733,0.019999481100616025,underdriven_or_overconstrained
0.15084745762711865,3.0000000000000004,0.3854162560486119,0.019379687451031895,underdriven_or_overconstrained
0.15084745762711865,3.1,0.38620331681519016,0.01879283498991357,underdriven_or_overconstrained
0.15084745762711865,3.2,0.38685675159871,0.01823636170142224,underdriven_or_overconstrained
0.15084745762711865,3.3000000000000003,0.38738667900825563,0.017707968377881227,underdriven_or_overconstrained
0.15084745762711865,3.4000000000000004,0.38780229200830335,0.017205585238653537,underdriven_or_overconstrained
0.15084745762711865,3.5000000000000004,0.3881119608071446,0.016727343589266766,underdriven_or_overconstrained
0.15084745762711865,3.6,0.38832332232482686,0.016271551641671184,underdriven_or_overconstrained
0.15084745762711865,3.7,0.38844335823940906,0.01583667378987971,underdriven_or_overconstrained
0.15084745762711865,3.8000000000000003,0.38847846327719676,0.015421312770593448,underdriven_or_overconstrained
0.15084745762711865,3.9000000000000004,0.38843450514067446,0.01502419424490223,underdriven_or_overconstrained
0.15084745762711865,4.0,0.38831687724485997,0.014644153421522263,underdriven_or_overconstrained
0.15084745762711865,4.1,0.3881305452491603,0.014280123409332482,underdriven_or_overconstrained
0.15084745762711865,4.2,0.3878800882199536,0.01393112504099107,underdriven_or_overconstrained
0.15084745762711865,4.3,0.38756973513304505,0.013596257953031536,underdriven_or_overconstrained
0.15084745762711865,4.3999999999999995,0.3872033973200906,0.013274692743254265,underdriven_or_overconstrained
0.15084745762711865,4.5,0.38678469737521165,0.012965664055138923,underdriven_or_overconstrained
0.15084745762711865,4.6,0.38631699496427724,0.012668464462719485,underdriven_or_overconstrained
0.15084745762711865,4.7,0.38580340991723044,0.01238243904891219,underdriven_or_overconstrained
0.15084745762711865,4.8,0.3852468429313671,0.012106980586473047,underdriven_or_overconstrained
0.15084745762711865,4.9,0.3846499941690159,0.01184152524422083,underdriven_or_overconstrained
0.15084745762711865,5.0,0.3840153799952731,0.011585548752399765,underdriven_or_overconstrained
0.15084745762711865,5.1,0.3833453480692301,0.011338562970475734,underdriven_or_overconstrained
0.15084745762711865,5.2,0.38264209097458984,0.011100112808584908,underdriven_or_overconstrained
0.15084745762711865,5.3,0.3819076585519647,0.010869773460545205,underdriven_or_overconstrained
0.15084745762711865,5.4,0.38114396907485926,0.010647147912009566,underdriven_or_overconstrained
0.15084745762711865,5.5,0.38035281939386606,0.010431864692158422,underdriven_or_overconstrained
0.15084745762711865,5.6,0.3795358941585065,0.01022357584143677,underdriven_or_overconstrained
0.15084745762711865,5.7,0.3786947742130841,0.010021955071354293,underdriven_or_overconstrained
0.15084745762711865,5.8,0.377830944251579,0.009826696095380049,underdriven_or_overconstrained
0.15084745762711865,5.9,0.37694579980675363,0.009637511112554172,underdriven_or_overconstrained
0.15084745762711865,6.0,0.37604065364005074,0.009454129427673593,underdriven_or_overconstrained
0.2516949152542373,0.1,0.15239762380690855,0.3835770700902698,underdriven_or_overconstrained
0.2516949152542373,0.2,0.19531245846289041,0.24579576340456974,underdriven_or_overconstrained
0.2516949152542373,0.30000000000000004,0.23114514320159554,0.1939268574318471,underdriven_or_overconstrained
0.2516949152542373,0.4,0.26141695099404866,0.16449329331617044,underdriven_or_overconstrained
0.2516949152542373,0.5,0.28724345696128584,0.14459543511441,underdriven_or_overconstrained
0.2516949152542373,0.6,0.30946131911358243,0.12981640081459603,underdriven_or_overconstrained
0.2516949152542373,0.7000000000000001,0.3287103129454248,0.1181924490857036,underdriven_or_overconstrained
0.2516949152542373,0.8,0.34548802116455574,0.10869697276045874,underdriven_or_overconstrained
0.2516949152542373,0.9,0.3601872529793865,0.10073033346033691,underdriven_or_overconstrained
0.2516949152542373,1.0,0.3731222375993528,0.0939129699720405,underdriven_or_overconstrained
0.2516949152542373,1.1,0.38454733387723955,0.08798964419224972,underdriven_or_overconstrained
0.2516949152542373,1.2000000000000002,0.3946706373210324,0.08278049384487755,underdriven_or_overconstrained
0.2516949152542373,1.3000000000000003,0.4036640374497948,0.07815398899777642,underdriven_or_overconstrained
0.2516949152542373,1.4000000000000001,0.4116707608098995,0.07401102661049647,underdriven_or_overconstrained
0.2516949152542373,1.5000000000000002,0.4188111036667197,0.07027508349661907,underdriven_or_overconstrained
0.2516949152542373,1.6,0.4251868417668522,0.06688585381607792,underdriven_or_overconstrained
0.2516949152542373,1.7000000000000002,0.4308846601525907,0.06379498707144537,underdriven_or_overconstrained
0.2516949152542373,1.8000000000000003,0.43597884801559056,0.06096314400218003,underdriven_or_overconstrained
0.2516949152542373,1.9000000000000001,0.44053343599405975,0.058357908336412016,underdriven_or_overconstrained
0.2516949152542373,2.0,0.44460390600999367,0.05595227122244413,underdriven_or_overconstrained
0.2516949152542373,2.1,0.44823857016966795,0.053723509015492894,underdriven_or_overconstrained
0.2516949152542373,2.2,0.4514796911198093,0.05165233754336801,underdriven_or_overconstrained
0.2516949152542373,2.3000000000000003,0.4543643987021797,0.04972226470690765,underdriven_or_overconstrained
0.2516949152542373,2.4000000000000004,0.4569254448451396,0.04791908796575086,underdriven_or_overconstrained
0.2516949152542373,2.5000000000000004,0.4591918290447963,0.04623049939874728,underdriven_or_overconstrained
0.2516949152542373,2.6,0.46118931959887866,0.04464577181253813,underdriven_or_overconstrained
0.2516949152542373,2.7,0.46294089031579483,0.043155506724353754,underdriven_or_overconstrained
0.2516949152542373,2.8000000000000003,0.46446708826923877,0.041751430150110146,underdriven_or_overconstrained
0.2516949152542373,2.9000000000000004,0.46578634497478716,0.04042622573276206,underdriven_or_overconstrained
0.2516949152542373,3.0000000000000004,0.4669152408896413,0.03917339732887669,underdriven_or_overconstrained
0.2516949152542373,3.1,0.4678687312047341,0.03798715504860744,underdriven_or_overconstrained
0.2516949152542373,3.2,0.4686603393804784,0.036862320126059875,underdriven_or_overconstrained
0.2516949152542373,3.3000000000000003,0.4693023236771937,0.03579424502622664,underdriven_or_overconstrained
0.2516949152542373,3.4000000000000004,0.4698058209765128,0.034778745969597284,underdriven_or_overconstrained
0.2516949152542373,3.5000000000000004,0.4701809714262871,0.03381204564494123,underdriven_or_overconstrained
0.2516949152542373,3.6,0.4704370268271547,0.03289072433325447,underdriven_or_overconstrained
0.2516949152542373,3.7,0.47058244518222664,0.03201167801628981,underdriven_or_overconstrained
0.2516949152542373,3.8000000000000003,0.4706249734277737,0.031172082316692416,underdriven_or_overconstrained
0.2516949152542373,3.9000000000000004,0.470571720033343,0.03036936133200845,underdriven_or_overconstrained
0.2516949152542373,4.0,0.4704292188895858,0.029601160595382838,underdriven_or_overconstrained
0.2516949152542373,4.1,0.4702034856796026,0.028865323531798673,underdriven_or_overconstrained
0.2516949152542373,4.2,0.4699000677456434,0.02815987088790478,underdriven_or_overconstrained
0.2516949152542373,4.3,0.46952408831026515,0.027482982701645405,underdriven_or_overconstrained
0.2516949152542373,4.3999999999999995,0.4690802857837805,0.026832982449495925,underdriven_or_overconstrained
0.2516949152542373,4.5,0.4685730487833802,0.026208323067544996,underdriven_or_overconstrained
0.2516949152542373,4.6,0.46800644739996955,0.025607574590602613,underdriven_or_overconstrained
0.2516949152542373,4.7,0.4673842611735304,0.025029413193028947,underdriven_or_overconstrained
0.2516949152542373,4.8,0.4667100041742542,0.024472611447696593,underdriven_or_overconstrained
0.2516949152542373,4.9,0.4659869475328324,0.023936029646705506,underdriven_or_overconstrained
0.2516949152542373,5.0,0.46521813971750314,0.023418608050186175,underdriven_or_overconstrained
0.2516949152542373,5.1,0.4644064248164257,0.022919359948567374,underdriven_or_overconstrained
0.2516949152542373,5.2,0.46355445905058656,0.022437365439704076,underdriven_or_overconstrained
0.2516949152542373,5.3,0.4626647257138486,0.021971765835787183,underdriven_or_overconstrained
0.2516949152542373,5.4,0.46173954871217443,0.021521758626414908,underdriven_or_overconstrained
0.2516949152542373,5.5,0.4607811048528834,0.021086592933945516,underdriven_or_overconstrained
0.2516949152542373,5.6,0.45979143501651665,0.0206655654055547,underdriven_or_overconstrained
0.2516949152542373,5.7,0.45877245432805175,0.02025801649352236,underdriven_or_overconstrained
0.2516949152542373,5.8,0.4577259614304792,0.019863327081363583,underdriven_or_overconstrained
0.2516949152542373,5.9,0.456653646951804,0.01948091541865639,underdriven_or_overconstrained
0.2516949152542373,6.0,0.45555710124613163,0.019110234331935184,underdriven_or_overconstrained
0.3525423728813559,0.1,0.17503151518517493,0.6170602569240066,underdriven_or_overconstrained
0.3525423728813559,0.2,0.2243200037201074,0.3954115319812063,underdriven_or_overconstrained
0.3525423728813559,0.30000000000000004,0.26547451089874186,0.3119700467058661,underdriven_or_overconstrained
0.3525423728813559,0.4,0.30024224712027775,0.2646202855975329,underdriven_or_overconstrained
0.3525423728813559,0.5,0.3299044712315409,0.23261061022427287,underdriven_or_overconstrained
0.3525423728813559,0.6,0.35542210057213386,0.20883558451696,underdriven_or_overconstrained
0.3525423728813559,0.7000000000000001,0.3775299292377979,0.19013613869603377,underdriven_or_overconstrained
0.3525423728813559,0.8,0.3967994402549121,0.17486077028182567,underdriven_or_overconstrained
0.3525423728813559,0.9,0.41368178233045383,0.16204484128951865,underdriven_or_overconstrained
0.3525423728813559,1.0,0.42853785357601487,0.15107775176917132,underdriven_or_overconstrained
0.3525423728813559,1.1,0.44165978988119475,0.14154890030090678,underdriven_or_overconstrained
0.3525423728813559,1.2000000000000002,0.4532865928206644,0.13316894252358502,underdriven_or_overconstrained
0.3525423728813559,1.3000000000000003,0.4636156807150944,0.12572628629561877,underdriven_or_overconstrained
0.3525423728813559,1.4000000000000001,0.47281155192607405,0.11906150460123897,underdriven_or_overconstrained
0.3525423728813559,1.5000000000000002,0.4810123689595102,0.11305149462551199,underdriven_or_overconstrained
0.3525423728813559,1.6,0.4883350231598406,0.10759924239115133,underdriven_or_overconstrained
0.3525423728813559,1.7000000000000002,0.49487907391596897,0.10262696647509624,underdriven_or_overconstrained
0.3525423728813559,1.8000000000000003,0.5007298437509929,0.09807138182693645,underdriven_or_overconstrained
0.3525423728813559,1.9000000000000001,0.5059608730479176,0.09388034040496598,underdriven_or_overconstrained
0.3525423728813559,2.0,0.5106358838296307,0.09001039308183319,underdriven_or_overconstrained
0.3525423728813559,2.1,0.5148103634518529,0.08642498434058549,underdriven_or_overconstrained
0.3525423728813559,2.2,0.5185328513531107,0.08309309174225503,underdriven_or_overconstrained
0.3525423728813559,2.3000000000000003,0.5218459918496331,0.07998818445447581,underdriven_or_overconstrained
0.3525423728813559,2.4000000000000004,0.5247874011424012,0.07708741485707588,underdriven_or_overconstrained
0.3525423728813559,2.5000000000000004,0.5273903856939206,0.07437098320293929,underdriven_or_overconstrained
0.3525423728813559,2.6,0.5296845408750546,0.07182163266102434,underdriven_or_overconstrained
0.3525423728813559,2.7,0.5316962525335267,0.06942424389640524,underdriven_or_overconstrained
0.3525423728813559,2.8000000000000003,0.533449119366951,0.06716550655467664,underdriven_or_overconstrained
0.3525423728813559,2.9000000000000004,0.5349643103149602,0.06503365081561176,underdriven_or_overconstrained
0.3525423728813559,3.0000000000000004,0.5362608683420961,0.0630182263362463,underdriven_or_overconstrained
0.3525423728813559,3.1,0.5373559697642583,0.06110991892343668,underdriven_or_overconstrained
0.3525423728813559,3.2,0.5382651465281234,0.059300397498861054,underdriven_or_overconstrained
0.3525423728813559,3.3000000000000003,0.539002477474448,0.05758218557508226,underdriven_or_overconstrained
0.3525423728813559,3.4000000000000004,0.5395807535196383,0.055948552707918625,underdriven_or_overconstrained
0.3525423728813559,3.5000000000000004,0.5400116208127504,0.054393422338524004,underdriven_or_overconstrained
0.3525423728813559,3.6,0.5403057052194862,0.05291129316650336,underdriven_or_overconstrained
0.3525423728813559,3.7,0.540472720914273,0.0514971717591245,underdriven_or_overconstrained
0.3525423728813559,3.8000000000000003,0.5405215653980013,0.05014651454183063,underdriven_or_overconstrained
0.3525423728813559,3.9000000000000004,0.5404604028806135,0.04885517766152438,underdriven_or_overconstrained
0.3525423728813559,4.0,0.5402967376574663,0.04761937348845466,underdriven_or_overconstrained
0.3525423728813559,4.1,0.5400374788528735,0.04643563274137978,underdriven_or_overconstrained
0.3525423728813559,4.2,0.5396889976929408,0.04530077139634047,underdriven_or_overconstrained
0.3525423728813559,4.3,0.5392571782943909,0.04421186168121139,underdriven_or_overconstrained
0.3525423728813559,4.3999999999999995,0.5387474628099026,0.043166206573366624,underdriven_or_overconstrained
0.3525423728813559,4.5,0.5381648916482252,0.04216131731180069,underdriven_or_overconstrained
0.3525423728813559,4.6,0.5375141393847251,0.04119489351216759,underdriven_or_overconstrained
0.3525423728813559,4.7,0.53679954689161,0.04026480553676699,underdriven_or_overconstrained
0.3525423728813559,4.8,0.536025150144079,0.0393690788241414,underdriven_or_overconstrained
0.3525423728813559,4.9,0.5351947060967813,0.038505879926714115,underdriven_or_overconstrained
0.3525423728813559,5.0,0.5343117159723829,0.03767350404144259,underdriven_or_overconstrained
0.3525423728813559,5.1,0.5333794462592149,0.03687036384909162,underdriven_or_overconstrained
0.3525423728813559,5.2,0.5324009476766539,0.036094979503501955,underdriven_or_overconstrained
0.3525423728813559,5.3,0.531379072334048,0.03534596963398848,underdriven_or_overconstrained
0.3525423728813559,5.4,0.530316489280767,0.034622043242435514,underdriven_or_overconstrained
0.3525423728813559,5.5,0.5292156986206438,0.033921992392324775,underdriven_or_overconstrained
0.3525423728813559,5.6,0.5280790443430691,0.033244685600290064,underdriven_or_overconstrained
0.3525423728813559,5.7,0.5269087260048223,0.03258906185221618,underdriven_or_overconstrained
0.3525423728813559,5.8,0.5257068093809469,0.03195412517569753,underdriven_or_overconstrained
0.3525423728813559,5.9,0.524475236189259,0.031338939709096764,underdriven_or_overconstrained
0.3525423728813559,6.0,0.5232158329811302,0.030742625214710474,underdriven_or_overconstrained
0.4533898305084746,0.1,0.1945243767395187,0.8819537419969703,near_critical
0.4533898305084746,0.2,0.24930201208448619,0.5651549850220343,underdriven_or_overconstrained
0.4533898305084746,0.30000000000000004,0.29503980307873323,0.44589348770373527,underdriven_or_overconstrained
0.4533898305084746,0.4,0.3336795429677649,0.3782172785757505,underdriven_or_overconstrained
0.4533898305084746,0.5,0.36664518148061775,0.3324663933764923,underdriven_or_overconstrained
0.4533898305084746,0.6,0.3950046511343966,0.298485153046472,underdriven_or_overconstrained
0.4533898305084746,0.7000000000000001,0.41957457837122947,0.27175835281913774,underdriven_or_overconstrained
0.4533898305084746,0.8,0.4409900909817089,0.2499255282576422,underdriven_or_overconstrained
0.4533898305084746,0.9,0.45975258107769973,0.23160793867850224,underdriven_or_overconstrained
0.4533898305084746,1.0,0.4762631391722423,0.21593286394673694,underdriven_or_overconstrained
0.4533898305084746,1.1,0.490846435664193,0.20231343842861574,underdriven_or_overconstrained
0.4533898305084746,1.2000000000000002,0.5037680891897354,0.19033610714442686,underdriven_or_overconstrained
0.4533898305084746,1.3000000000000003,0.515247504098679,0.17969844504093432,underdriven_or_overconstrained
0.4533898305084746,1.4000000000000001,0.5254674985608204,0.1701725857930018,underdriven_or_overconstrained
0.4533898305084746,1.5000000000000002,0.5345816219259544,0.16158258063863593,underdriven_or_overconstrained
0.4533898305084746,1.6,0.5427197834615574,0.15378976914826967,underdriven_or_overconstrained
0.4533898305084746,1.7000000000000002,0.5499926302591234,0.14668297965534946,underdriven_or_overconstrained
0.4533898305084746,1.8000000000000003,0.5564949870169926,0.14017175991247222,underdriven_or_overconstrained
0.4533898305084746,1.9000000000000001,0.562308584143281,0.13418157560956973,underdriven_or_overconstrained
0.4533898305084746,2.0,0.567504240237563,0.12865032564707465,underdriven_or_overconstrained
0.4533898305084746,2.1,0.5721436221561021,0.12352576184564756,underdriven_or_overconstrained
0.4533898305084746,2.2,0.5762806750642397,0.11876354436031133,underdriven_or_overconstrained
0.4533898305084746,2.3000000000000003,0.5799627924786644,0.11432575312309709,underdriven_or_overconstrained
0.4533898305084746,2.4000000000000004,0.5832317798310633,0.11017973241865073,underdriven_or_overconstrained
0.4533898305084746,2.5000000000000004,0.5861246528488808,0.10629718280479701,underdriven_or_overconstrained
0.4533898305084746,2.6,0.5886743028720877,0.10265343938610394,underdriven_or_overconstrained
0.4533898305084746,2.7,0.5909100542802265,0.09922689235402424,underdriven_or_overconstrained
0.4533898305084746,2.8000000000000003,0.5928581339041645,0.0959985174451356,underdriven_or_overconstrained
0.4533898305084746,2.9000000000000004,0.5945420682201705,0.09295149225534519,underdriven_or_overconstrained
0.4533898305084746,3.0000000000000004,0.5959830209644144,0.09007088028699482,underdriven_or_overconstrained
0.4533898305084746,3.1,0.5972000813400118,0.08734336892206294,underdriven_or_overconstrained
0.4533898305084746,3.2,0.5982105110511973,0.08475705069184071,underdriven_or_overconstrained
0.4533898305084746,3.3000000000000003,0.5990299568671854,0.08230123957985212,underdriven_or_overconstrained
0.4533898305084746,3.4000000000000004,0.5996726341996363,0.07996631587657163,underdriven_or_overconstrained
0.4533898305084746,3.5000000000000004,0.6001514862027251,0.07774359445967503,underdriven_or_overconstrained
0.4533898305084746,3.6,0.6004783221206371,0.07562521241396913,underdriven_or_overconstrained
0.4533898305084746,3.7,0.6006639379733009,0.07360403271088319,underdriven_or_overconstrained
0.4533898305084746,3.8000000000000003,0.6007182221560342,0.07167356129649383,underdriven_or_overconstrained
0.4533898305084746,3.9000000000000004,0.600650248108263,0.06982787543196885,underdriven_or_overconstrained
0.4533898305084746,4.0,0.6004683558616413,0.06806156152245298,underdriven_or_overconstrained
0.4533898305084746,4.1,0.6001802239939356,0.06636966098320701,underdriven_or_overconstrained
0.4533898305084746,4.2,0.5997929332802051,0.0647476229428793,underdriven_or_overconstrained
0.4533898305084746,4.3,0.5993130231378626,0.06319126278651094,underdriven_or_overconstrained
0.4533898305084746,4.3999999999999995,0.5987465417997465,0.06169672570548237,underdriven_or_overconstrained
0.4533898305084746,4.5,0.5980990910134593,0.06026045455596999,underdriven_or_overconstrained
0.4533898305084746,4.6,0.5973758659511882,0.05887916143770923,underdriven_or_overconstrained
0.4533898305084746,4.7,0.5965816909182012,0.05754980249571542,underdriven_or_overconstrained
0.4533898305084746,4.8,0.5957210513670712,0.056269555522843066,underdriven_or_overconstrained
0.4533898305084746,4.9,0.5947981226559375,0.055035800003619254,underdriven_or_overconstrained
0.4533898305084746,5.0,0.5938167959306673,0.05384609929201814,underdriven_or_overconstrained
0.4533898305084746,5.1,0.5927807014609641,0.05269818465962377,underdriven_or_overconstrained
0.4533898305084746,5.2,0.5916932297178793,0.051589940987461766,underdriven_or_overconstrained
0.4533898305084746,5.3,0.5905575504436892,0.05051939390588004,underdriven_or_overconstrained
0.4533898305084746,5.4,0.5893766299337183,0.04948469821320454,underdriven_or_overconstrained
0.4533898305084746,5.5,0.5881532467226741,0.048484127426291324,underdriven_or_overconstrained
0.4533898305084746,5.6,0.5868900058447122,0.04751606433518782,underdriven_or_overconstrained
0.4533898305084746,5.7,0.5855893518162453,0.04657899245044473,underdriven_or_overconstrained
0.4533898305084746,5.8,0.5842535804729824,0.04567148824562326,underdriven_or_overconstrained
0.4533898305084746,5.9,0.5828848497774346,0.04479221410958453,underdriven_or_overconstrained
0.4533898305084746,6.0,0.5814851896998433,0.04393991193353335,underdriven_or_overconstrained
0.5542372881355933,0.1,0.21148763030589413,1.1721433069496168,overload_or_unbounded
0.5542372881355933,0.2,0.2710420804321135,0.7511081381466196,underdriven_or_overconstrained
0.5542372881355933,0.30000000000000004,0.3207683779529242,0.5926059863876056,underdriven_or_overconstrained
0.5542372881355933,0.4,0.3627776477510743,0.5026622492144123,underdriven_or_overconstrained
0.5542372881355933,0.5,0.398618013300425,0.44185793338725077,underdriven_or_overconstrained
0.5542372881355933,0.6,0.4294505348298007,0.3966958330207482,underdriven_or_overconstrained
0.5542372881355933,0.7000000000000001,0.456163051662918,0.36117510385901735,underdriven_or_overconstrained
0.5542372881355933,0.8,0.4794460771103717,0.33215861698112614,underdriven_or_overconstrained
0.5542372881355933,0.9,0.49984472655240214,0.30781398414808947,underdriven_or_overconstrained
0.5542372881355933,1.0,0.5177950670956768,0.2869813337970954,underdriven_or_overconstrained
0.5542372881355933,1.1,0.5336500816127563,0.26888070367853817,underdriven_or_overconstrained
0.5542372881355933,1.2000000000000002,0.5476985516788505,0.2529624666652318,underdriven_or_overconstrained
0.5542372881355933,1.3000000000000003,0.5601790145240886,0.23882469067715373,underdriven_or_overconstrained
0.5542372881355933,1.4000000000000001,0.5712902307467829,0.22616453444818155,underdriven_or_overconstrained
0.5542372881355933,1.5000000000000002,0.5811991397746156,0.21474815673028166,underdriven_or_overconstrained
0.5542372881355933,1.6,0.5900469794493107,0.20439127360161505,underdriven_or_overconstrained
0.5542372881355933,1.7000000000000002,0.5979540457027844,0.19494613454118695,underdriven_or_overconstrained
0.5542372881355933,1.8000000000000003,0.6050234323019082,0.18629252576527686,underdriven_or_overconstrained
0.5542372881355933,1.9000000000000001,0.6113439968522232,0.1783313889122899,underdriven_or_overconstrained
0.5542372881355933,2.0,0.616992733600191,0.17098018973496817,underdriven_or_overconstrained
0.5542372881355933,2.1,0.6220366869827005,0.1641694888162575,underdriven_or_overconstrained
0.5542372881355933,2.2,0.6265345063853749,0.15784035715563757,underdriven_or_overconstrained
0.5542372881355933,2.3000000000000003,0.6305377182169055,0.1519423978311924,underdriven_or_overconstrained
0.5542372881355933,2.4000000000000004,0.6340917734990593,0.14643221040550308,underdriven_or_overconstrained
0.5542372881355933,2.5000000000000004,0.6372369158692278,0.1412721840605,underdriven_or_overconstrained
0.5542372881355933,2.6,0.6400089049153074,0.1364295384011118,underdriven_or_overconstrained
0.5542372881355933,2.7,0.642439622212469,0.13187555333551623,underdriven_or_overconstrained
0.5542372881355933,2.8000000000000003,0.6445575816693732,0.12758494503988196,underdriven_or_overconstrained
0.5542372881355933,2.9000000000000004,0.6463883613590559,0.12353535602829414,underdriven_or_overconstrained
0.5542372881355933,3.0000000000000004,0.647954970574676,0.11970693524176217,underdriven_or_overconstrained
0.5542372881355933,3.1,0.6492781631692934,0.11608198980664786,underdriven_or_overconstrained
0.5542372881355933,3.2,0.6503767061323454,0.11264469433542214,underdriven_or_overconstrained
0.5542372881355933,3.3000000000000003,0.6512676106898728,0.1093808467876674,underdriven_or_overconstrained
0.5542372881355933,3.4000000000000004,0.6519663318906268,0.10627766227728563,underdriven_or_overconstrained
0.5542372881355933,3.5000000000000004,0.6524869415802601,0.10332359801295159,underdriven_or_overconstrained
0.5542372881355933,3.6,0.6528422788132416,0.10050820394158665,underdriven_or_overconstrained
0.5542372881355933,3.7,0.6530440810628364,0.09782199473547756,underdriven_or_overconstrained
0.5542372881355933,3.8000000000000003,0.6531030990294369,0.09525633959974392,underdriven_or_overconstrained
0.5542372881355933,3.9000000000000004,0.6530291973903394,0.09280336703461146,underdriven_or_overconstrained
0.5542372881355933,4.0,0.6528314434591673,0.09045588220811344,underdriven_or_overconstrained
0.5542372881355933,4.1,0.6525181854144017,0.08820729501054542,underdriven_or_overconstrained
0.5542372881355933,4.2,0.6520971215011832,0.0860515571956767,underdriven_or_overconstrained
0.5542372881355933,4.3,0.6515753613985936,0.0839831072831455,underdriven_or_overconstrained
0.5542372881355933,4.3999999999999995,0.6509594807680077,0.08199682211523056,underdriven_or_overconstrained
0.5542372881355933,4.5,0.6502555698503804,0.08008797413976436,underdriven_or_overconstrained
0.5542372881355933,4.6,0.6494692768563545,0.07825219363744582,underdriven_or_overconstrained
0.5542372881355933,4.7,0.6486058467886698,0.07648543523256222,underdriven_or_overconstrained
0.5542372881355933,4.8,0.6476701562481483,0.07478394812611035,underdriven_or_overconstrained
0.5542372881355933,4.9,0.6466667446997832,0.07314424957344487,underdriven_or_overconstrained
0.5542372881355933,5.0,0.6455998426119224,0.07156310119799952,underdriven_or_overconstrained
0.5542372881355933,5.1,0.6444733968273716,0.07003748779081108,underdriven_or_overconstrained
0.5542372881355933,5.2,0.6432910934789456,0.06856459829452909,underdriven_or_overconstrained
0.5542372881355933,5.3,0.6420563787223083,0.06714180871192671,underdriven_or_overconstrained
0.5542372881355933,5.4,0.6407724775248361,0.06576666671394268,underdriven_or_overconstrained
0.5542372881355933,5.5,0.6394424107198609,0.06443687775204762,underdriven_or_overconstrained
0.5542372881355933,5.6,0.6380690105102642,0.06315029250510182,underdriven_or_overconstrained
0.5542372881355933,5.7,0.6366549345834377,0.06190489551257334,underdriven_or_overconstrained
0.5542372881355933,5.8,0.6352026789805553,0.060698794864594265,underdriven_or_overconstrained
0.5542372881355933,5.9,0.633714589846534,0.059530212835339436,underdriven_or_overconstrained
0.5542372881355933,6.0,0.6321928741726164,0.05839747736001288,underdriven_or_overconstrained
0.6550847457627119,0.1,0.22638367734446757,1.4830049371802834,overload_or_unbounded
0.6550847457627119,0.2,0.2901328214542234,0.9503079278987913,near_critical
0.6550847457627119,0.30000000000000004,0.3433615709428051,0.7497697580191761,underdriven_or_overconstrained
0.6550847457627119,0.4,0.3883297469335503,0.6359722338551577,underdriven_or_overconstrained
0.6550847457627119,0.5,0.4266945143608293,0.5590421349168153,underdriven_or_overconstrained
0.6550847457627119,0.6,0.4596987122684173,0.5019026900896704,underdriven_or_overconstrained
0.6550847457627119,0.7000000000000001,0.48829271458931117,0.4569615839921762,underdriven_or_overconstrained
0.6550847457627119,0.8,0.5132156706642154,0.420249696423134,underdriven_or_overconstrained
0.6550847457627119,0.9,0.5350510908581445,0.3894486753609658,underdriven_or_overconstrained
0.6550847457627119,1.0,0.5542657564908074,0.36309104217575777,underdriven_or_overconstrained
0.6550847457627119,1.1,0.5712375126428567,0.3401899824906997,underdriven_or_overconstrained
0.6550847457627119,1.2000000000000002,0.586275481104776,0.3200501037386948,underdriven_or_overconstrained
0.6550847457627119,1.3000000000000003,0.599635000381527,0.30216287828873556,underdriven_or_overconstrained
0.6550847457627119,1.4000000000000001,0.6115288306950295,0.2861451489874442,underdriven_or_overconstrained
0.6550847457627119,1.5000000000000002,0.6221356697850887,0.2717010580473862,underdriven_or_overconstrained
0.6550847457627119,1.6,0.6316067035245779,0.2585974480002642,underdriven_or_overconstrained
0.6550847457627119,1.7000000000000002,0.6400707008414832,0.24664738372406106,underdriven_or_overconstrained
0.6550847457627119,1.8000000000000003,0.6476380168710996,0.23569876979348392,underdriven_or_overconstrained
0.6550847457627119,1.9000000000000001,0.6544037678690362,0.22562627678981487,underdriven_or_overconstrained
0.6550847457627119,2.0,0.66045037114085,0.21632548173384625,underdriven_or_overconstrained
0.6550847457627119,2.1,0.6658495933716491,0.20770852932860565,underdriven_or_overconstrained
0.6550847457627119,2.2,0.6706642148931817,0.1997008621388403,underdriven_or_overconstrained
0.6550847457627119,2.3000000000000003,0.674949391356221,0.19223871758229877,underdriven_or_overconstrained
0.6550847457627119,2.4000000000000004,0.6787537751071562,0.1852671850839801,underdriven_or_overconstrained
0.6550847457627119,2.5000000000000004,0.6821204443279555,0.17873867914085068,underdriven_or_overconstrained
0.6550847457627119,2.6,0.6850876773188515,0.17261172573907177,underdriven_or_overconstrained
0.6550847457627119,2.7,0.687689601221069,0.1668499879924314,underdriven_or_overconstrained
0.6550847457627119,2.8000000000000003,0.6899567383090726,0.16142147660802453,underdriven_or_overconstrained
0.6550847457627119,2.9000000000000004,0.6919164682372885,0.1562979047187095,underdriven_or_overconstrained
0.6550847457627119,3.0000000000000004,0.6935934209492786,0.1514541566084159,underdriven_or_overconstrained
0.6550847457627119,3.1,0.6950098120874798,0.14686784711416673,underdriven_or_overconstrained
0.6550847457627119,3.2,0.6961857304867588,0.1425189538311082,underdriven_or_overconstrained
0.6550847457627119,3.3000000000000003,0.6971393855520894,0.13838950822592838,underdriven_or_overconstrained
0.6550847457627119,3.4000000000000004,0.6978873209024286,0.13446333476011396,underdriven_or_overconstrained
0.6550847457627119,3.5000000000000004,0.6984445995282748,0.130725829403234,underdriven_or_overconstrained
0.6550847457627119,3.6,0.6988249647977869,0.1271637706658873,underdriven_or_overconstrained
0.6550847457627119,3.7,0.699040980908486,0.12376515763679792,underdriven_or_overconstrained
0.6550847457627119,3.8000000000000003,0.6991041557820664,0.12051907056635533,underdriven_or_overconstrained
0.6550847457627119,3.9000000000000004,0.6990250489104424,0.11741555037109343,underdriven_or_overconstrained
0.6550847457627119,4.0,0.6988133662598623,0.1144454940929817,underdriven_or_overconstrained
0.6550847457627119,4.1,0.6984780440094346,0.11160056387335532,underdriven_or_overconstrained
0.6550847457627119,4.2,0.6980273226271316,0.1088731074234812,underdriven_or_overconstrained
0.6550847457627119,4.3,0.6974688125594506,0.10625608831463447,underdriven_or_overconstrained
0.6550847457627119,4.3999999999999995,0.6968095526218571,0.10374302468734507,underdriven_or_overconstrained
0.6550847457627119,4.5,0.6960560620190028,0.10132793520540287,underdriven_or_overconstrained
0.6550847457627119,4.6,0.6952143867909988,0.09900529126555677,underdriven_or_overconstrained
0.6550847457627119,4.7,0.6942901413702641,0.09676997462661632,underdriven_or_overconstrained
0.6550847457627119,4.8,0.6932885458390583,0.09461723974816244,underdriven_or_overconstrained
0.6550847457627119,4.9,0.692214459397784,0.09254268023425927,underdriven_or_overconstrained
0.6550847457627119,5.0,0.6910724104861428,0.09054219886538786,underdriven_or_overconstrained
0.6550847457627119,5.1,0.6898666239412421,0.08861198077543705,underdriven_or_overconstrained
0.6550847457627119,5.2,0.6886010455271939,0.08674846939252295,underdriven_or_overconstrained
0.6550847457627119,5.3,0.687279364128264,0.0849483448147023,underdriven_or_overconstrained
0.6550847457627119,5.4,0.6859050318611224,0.08320850433594595,underdriven_or_overconstrained
0.6550847457627119,5.5,0.6844812823302936,0.08152604487539554,underdriven_or_overconstrained
0.6550847457627119,5.6,0.6830111472237418,0.07989824709502913,underdriven_or_overconstrained
0.6550847457627119,5.7,0.6814974714220117,0.07832256101831922,underdriven_or_overconstrained
0.6550847457627119,5.8,0.6799429267739435,0.07679659298601088,underdriven_or_overconstrained
0.6550847457627119,5.9,0.6783500246742377,0.0753180938053987,underdriven_or_overconstrained
0.6550847457627119,6.0,0.6767211275626861,0.07388494796694298,underdriven_or_overconstrained
0.7559322033898306,0.1,0.2395686919529346,1.8109768917120141,overload_or_unbounded
0.7559322033898306,0.2,0.30703070708865865,1.160471994589337,overload_or_unbounded
0.7559322033898306,0.30000000000000004,0.36335959987303756,0.9155840765162414,near_critical
0.7559322033898306,0.4,0.4109468076964176,0.7766198145449248,underdriven_or_overconstrained
0.7559322033898306,0.5,0.451546011921052,0.6826763434467431,underdriven_or_overconstrained
0.7559322033898306,0.6,0.48647243689313874,0.6129003018484178,underdriven_or_overconstrained
0.7559322033898306,0.7000000000000001,0.5167318081255106,0.558020306111326,underdriven_or_overconstrained
0.7559322033898306,0.8,0.5431063244179554,0.5131894506152714,underdriven_or_overconstrained
0.7559322033898306,0.9,0.5662134808855245,0.475576671327578,underdriven_or_overconstrained
0.7559322033898306,1.0,0.5865472450770379,0.44338995136332027,underdriven_or_overconstrained
0.7559322033898306,1.1,0.6045074684870672,0.41542423874457923,underdriven_or_overconstrained
0.7559322033898306,1.2000000000000002,0.6204212767452911,0.39083035229999974,underdriven_or_overconstrained
0.7559322033898306,1.3000000000000003,0.6345588797553408,0.3689873016569517,underdriven_or_overconstrained
0.7559322033898306,1.4000000000000001,0.6471454292978693,0.3494271930591401,underdriven_or_overconstrained
0.7559322033898306,1.5000000000000002,0.6583700308078725,0.33178873868961706,underdriven_or_overconstrained
0.7559322033898306,1.6,0.6683926755101187,0.3157872174549925,underdriven_or_overconstrained
0.7559322033898306,1.7000000000000002,0.6773496320791152,0.3011943528487392,underdriven_or_overconstrained
0.7559322033898306,1.8000000000000003,0.6853576829424782,0.2878244129871425,underdriven_or_overconstrained
0.7559322033898306,1.9000000000000001,0.692517484106891,0.2755243513931074,underdriven_or_overconstrained
0.7559322033898306,2.0,0.698916253018055,0.26416665156445135,underdriven_or_overconstrained
0.7559322033898306,2.1,0.704629936188894,0.2536440286846221,underdriven_or_overconstrained
0.7559322033898306,2.2,0.7097249703967135,0.24386543666944083,underdriven_or_overconstrained
0.7559322033898306,2.3000000000000003,0.7142597236619667,0.2347530116088704,underdriven_or_overconstrained
0.7559322033898306,2.4000000000000004,0.7182856819359446,0.2262396992538356,underdriven_or_overconstrained
0.7559322033898306,2.5000000000000004,0.7218484323556131,0.2182673903936294,underdriven_or_overconstrained
0.7559322033898306,2.6,0.7249884826219886,0.21078543888488066,underdriven_or_overconstrained
0.7559322033898306,2.7,0.7277419475057084,0.2037494718063691,underdriven_or_overconstrained
0.7559322033898306,2.8000000000000003,0.730141126956374,0.1971204253163092,underdriven_or_overconstrained
0.7559322033898306,2.9000000000000004,0.7322149952713998,0.1908637568036495,underdriven_or_overconstrained
0.7559322033898306,3.0000000000000004,0.7339896168889606,0.18494879612004314,underdriven_or_overconstrained
0.7559322033898306,3.1,0.7354885013326313,0.17934820754201944,underdriven_or_overconstrained
0.7559322033898306,3.2,0.7367329074491112,0.17403754063681334,underdriven_or_overconstrained
0.7559322033898306,3.3000000000000003,0.737742105193646,0.1689948530643894,underdriven_or_overconstrained
0.7559322033898306,3.4000000000000004,0.7385336017169288,0.16420039200685455,underdriven_or_overconstrained
0.7559322033898306,3.5000000000000004,0.7391233373065851,0.1596363236991462,underdriven_or_overconstrained
0.7559322033898306,3.6,0.7395258557705938,0.1552865026712264,underdriven_or_overconstrained
0.7559322033898306,3.7,0.7397544530691623,0.15113627396648943,underdriven_or_overconstrained
0.7559322033898306,3.8000000000000003,0.7398213073671642,0.14717230289284355,underdriven_or_overconstrained
0.7559322033898306,3.9000000000000004,0.7397375931613445,0.14338242787916544,underdriven_or_overconstrained
0.7559322033898306,4.0,0.7395135817118289,0.13975553281503209,underdriven_or_overconstrained
0.7559322033898306,4.1,0.7391587296577409,0.13628143589390346,underdriven_or_overconstrained
0.7559322033898306,4.2,0.7386817574075321,0.13295079249546382,underdriven_or_overconstrained
0.7559322033898306,4.3,0.7380907186545335,0.1297550100590942,underdriven_or_overconstrained
0.7559322033898306,4.3999999999999995,0.7373930621681697,0.12668617323844522,underdriven_or_overconstrained
0.7559322033898306,4.5,0.7365956868439323,0.1237369779029732,underdriven_or_overconstrained
0.7559322033898306,4.6,0.7357049908547717,0.12090067277863971,underdriven_or_overconstrained
0.7559322033898306,4.7,0.734726915628297,0.1181710077065346,underdriven_or_overconstrained
0.7559322033898306,4.8,0.7336669852742557,0.11554218765265468,underdriven_or_overconstrained
0.7559322033898306,4.9,0.7325303420020955,0.11300883173052045,underdriven_or_overconstrained
0.7559322033898306,5.0,0.7313217779964324,0.11056593660556233,underdriven_or_overconstrained
0.7559322033898306,5.1,0.7300457641568977,0.10820884374010516,underdriven_or_overconstrained
0.7559322033898306,5.2,0.7287064760563866,0.10593321001341215,underdriven_or_overconstrained
0.7559322033898306,5.3,0.727307817426779,0.10373498131510824,underdriven_or_overconstrained
0.7559322033898306,5.4,0.725853441442565,0.10161036876440178,underdriven_or_overconstrained
0.7559322033898306,5.5,0.7243467700395281,0.0995558272535068,underdriven_or_overconstrained
0.7559322033898306,5.6,0.7227910114768875,0.09756803605287284,underdriven_or_overconstrained
0.7559322033898306,5.7,0.7211891763264252,0.09564388124935642,underdriven_or_overconstrained
0.7559322033898306,5.8,0.7195440920505238,0.09378043981722198,underdriven_or_overconstrained
0.7559322033898306,5.9,0.7178584163122728,0.09197496514658823,underdriven_or_overconstrained
0.7559322033898306,6.0,0.7161346491444369,0.09022487387525958,underdriven_or_overconstrained
0.8567796610169492,0.1,0.2513214685528141,2.153271226329619,overload_or_unbounded
0.8567796610169492,0.2,0.3220930396509827,1.3798138266404383,overload_or_unbounded
0.8567796610169492,0.30000000000000004,0.3811853189514237,1.0886394278527949,near_critical
0.8567796610169492,0.4,0.4311070631368009,0.9234094085409018,near_critical
0.8567796610169492,0.5,0.47369798578463707,0.8117095993699459,underdriven_or_overconstrained
0.8567796610169492,0.6,0.5103378336033537,0.7287451267980094,underdriven_or_overconstrained
0.8567796610169492,0.7000000000000001,0.5420816710539438,0.6634922148129989,underdriven_or_overconstrained
0.8567796610169492,0.8,0.5697500700962093,0.6101878399017665,underdriven_or_overconstrained
0.8567796610169492,0.9,0.5939908189610486,0.5654658361295858,underdriven_or_overconstrained
0.8567796610169492,1.0,0.6153221182896843,0.5271954759244669,underdriven_or_overconstrained
0.8567796610169492,1.1,0.6341634355175295,0.4939439393745936,underdriven_or_overconstrained
0.8567796610169492,1.2000000000000002,0.6508579444248558,0.4647015408287635,underdriven_or_overconstrained
0.8567796610169492,1.3000000000000003,0.6656891108904655,0.4387299159780056,underdriven_or_overconstrained
0.8567796610169492,1.4000000000000001,0.678893132205832,0.4154727340557483,underdriven_or_overconstrained
0.8567796610169492,1.5000000000000002,0.6906683909527819,0.3945004199170974,underdriven_or_overconstrained
0.8567796610169492,1.6,0.7011827272160799,0.375474437084458,underdriven_or_overconstrained
0.8567796610169492,1.7000000000000002,0.7105790947478032,0.3581233623080902,underdriven_or_overconstrained
0.8567796610169492,1.8000000000000003,0.7189800050955603,0.3422263583576325,underdriven_or_overconstrained
0.8567796610169492,1.9000000000000001,0.7264910522550106,0.3276014513067867,underdriven_or_overconstrained
0.8567796610169492,2.0,0.7332037323910269,0.314097022647173,underdriven_or_overconstrained
0.8567796610169492,2.1,0.7391977178055437,0.3015855095647315,underdriven_or_overconstrained
0.8567796610169492,2.2,0.7445427045356443,0.28995865727486,underdriven_or_overconstrained
0.8567796610169492,2.3000000000000003,0.7492999240239571,0.27912388474142247,underdriven_or_overconstrained
0.8567796610169492,2.4000000000000004,0.7535233880229477,0.2690014637327684,underdriven_or_overconstrained
0.8567796610169492,2.5000000000000004,0.7572609200863367,0.25952230176518176,underdriven_or_overconstrained
0.8567796610169492,2.6,0.7605550151445931,0.25062618002320197,underdriven_or_overconstrained
0.8567796610169492,2.7,0.7634435596891408,0.24226033862075375,underdriven_or_overconstrained
0.8567796610169492,2.8000000000000003,0.7659604382426267,0.2343783302249684,underdriven_or_overconstrained
0.8567796610169492,2.9000000000000004,0.7681360465254479,0.22693908329550783,underdriven_or_overconstrained
0.8567796610169492,3.0000000000000004,0.7699977276466963,0.21990613069231915,underdriven_or_overconstrained
0.8567796610169492,3.1,0.771570144461696,0.2132469699428034,underdriven_or_overconstrained
0.8567796610169492,3.2,0.7728755987350419,0.20693252921640024,underdriven_or_overconstrained
0.8567796610169492,3.3000000000000003,0.7739343057687077,0.2009367188320913,underdriven_or_overconstrained
0.8567796610169492,3.4000000000000004,0.7747646315803332,0.19523605247450565,underdriven_or_overconstrained
0.8567796610169492,3.5000000000000004,0.7753832984572195,0.18980932560296584,underdriven_or_overconstrained
0.8567796610169492,3.6,0.7758055636984312,0.18463734107794588,underdriven_or_overconstrained
0.8567796610169492,3.7,0.7760453755382636,0.1797026739966066,underdriven_or_overconstrained
0.8567796610169492,3.8000000000000003,0.7761155095788008,0.1749894692649794,underdriven_or_overconstrained
0.8567796610169492,3.9000000000000004,0.7760276885159824,0.17048326664268976,underdriven_or_overconstrained
0.8567796610169492,4.0,0.7757926874980865,0.16617084895350967,underdriven_or_overconstrained
0.8567796610169492,4.1,0.7754204270886591,0.16204010991869255,underdriven_or_overconstrained
0.8567796610169492,4.2,0.7749200555025215,0.15807993868302042,underdriven_or_overconstrained
0.8567796610169492,4.3,0.7743000215316201,0.15428011859843677,underdriven_or_overconstrained
0.8567796610169492,4.3999999999999995,0.7735681393675985,0.1506312382320189,underdriven_or_overconstrained
0.8567796610169492,4.5,0.7727316463524156,0.14712461289308706,underdriven_or_overconstrained
0.8567796610169492,4.6,0.7717972545410102,0.14375221524336065,underdriven_or_overconstrained
0.8567796610169492,4.7,0.7707711968359364,0.14050661377589826,underdriven_or_overconstrained
0.8567796610169492,4.8,0.7696592683490802,0.1373809181322246,underdriven_or_overconstrained
0.8567796610169492,4.9,0.7684668635567374,0.13436873037977545,underdriven_or_overconstrained
0.8567796610169492,5.0,0.7671990097388312,0.13146410149931498,underdriven_or_overconstrained
0.8567796610169492,5.1,0.7658603971286801,0.12866149243886602,underdriven_or_overconstrained
0.8567796610169492,5.2,0.7644554061447085,0.12595573918062258,underdriven_or_overconstrained
0.8567796610169492,5.3,0.7629881320283305,0.12334202134324308,underdriven_or_overconstrained
0.8567796610169492,5.4,0.7614624071717104,0.12081583390624596,underdriven_or_overconstrained
0.8567796610169492,5.5,0.759881821384181,0.11837296169790558,underdriven_or_overconstrained
0.8567796610169492,5.6,0.7582497403159535,0.11600945633465937,underdriven_or_overconstrained
0.8567796610169492,5.7,0.7565693222316372,0.11372161533990267,underdriven_or_overconstrained
0.8567796610169492,5.8,0.75484353330345,0.11150596320423554,underdriven_or_overconstrained
0.8567796610169492,5.9,0.7530751615742912,0.10935923417862806,underdriven_or_overconstrained
0.8567796610169492,6.0,0.7512668297236973,0.10727835661732459,underdriven_or_overconstrained
0.9576271186440679,0.1,0.26186335301816066,2.507674482292555,overload_or_unbounded
0.9576271186440679,0.2,0.33560349552506724,1.6069150421327372,overload_or_unbounded
0.9576271186440679,0.30000000000000004,0.3971744487914306,1.2678167433172784,overload_or_unbounded
0.9576271186440679,0.4,0.44919020134999316,1.0753917956048564,near_critical
0.9576271186440679,0.5,0.49356763506833756,0.9453075044529179,near_critical
0.9576271186440679,0.6,0.5317443712585768,0.8486880501725873,underdriven_or_overconstrained
0.9576271186440679,0.7000000000000001,0.5648197299230839,0.7726952721708049,underdriven_or_overconstrained
0.9576271186440679,0.8,0.5936487025833703,0.7106176206771275,underdriven_or_overconstrained
0.9576271186440679,0.9,0.6189062494772761,0.6585348982197006,underdriven_or_overconstrained
0.9576271186440679,1.0,0.6411323075955732,0.613965684392371,underdriven_or_overconstrained
0.9576271186440679,1.1,0.6607639392781867,0.5752413338862489,underdriven_or_overconstrained
0.9576271186440679,1.2000000000000002,0.6781587130101622,0.5411859786027423,underdriven_or_overconstrained
0.9576271186440679,1.3000000000000003,0.693611984878335,0.5109397281046404,underdriven_or_overconstrained
0.9576271186440679,1.4000000000000001,0.7073698596626713,0.4838546860888733,underdriven_or_overconstrained
0.9576271186440679,1.5000000000000002,0.7196390412645793,0.4594305743666524,underdriven_or_overconstrained
0.9576271186440679,1.6,0.7305944099583965,0.43727313731620127,underdriven_or_overconstrained
0.9576271186440679,1.7000000000000002,0.7403849158082021,0.41706627859584666,underdriven_or_overconstrained
0.9576271186440679,1.8000000000000003,0.7491382092086277,0.3985528137503528,underdriven_or_overconstrained
0.9576271186440679,1.9000000000000001,0.7569643133818089,0.3815208180737931,underdriven_or_overconstrained
0.9576271186440679,2.0,0.7639585623740562,0.3657937184248659,underdriven_or_overconstrained
0.9576271186440679,2.1,0.7702039704071445,0.3512229566424832,underdriven_or_overconstrained
0.9576271186440679,2.2,0.7757731569754126,0.3376824604708075,underdriven_or_overconstrained
0.9576271186440679,2.3000000000000003,0.780729921924409,0.3250644111181217,underdriven_or_overconstrained
0.9576271186440679,2.4000000000000004,0.7851305425737141,0.31327595801846636,underdriven_or_overconstrained
0.9576271186440679,2.5000000000000004,0.7890248484751069,0.30223663687351543,underdriven_or_overconstrained
0.9576271186440679,2.6,0.7924571170436566,0.291876317555193,underdriven_or_overconstrained
0.9576271186440679,2.7,0.7954668239506438,0.28213355651733446,underdriven_or_overconstrained
0.9576271186440679,2.8000000000000003,0.7980892750327201,0.27295426173939885,underdriven_or_overconstrained
0.9576271186440679,2.9000000000000004,0.8003561409836243,0.2642906017859426,underdriven_or_overconstrained
0.9576271186440679,3.0000000000000004,0.8022959118415137,0.2561001074522346,underdriven_or_overconstrained
0.9576271186440679,3.1,0.8039342849653419,0.2483449267388837,underdriven_or_overconstrained
0.9576271186440679,3.2,0.8052944975854524,0.24099120293208717,underdriven_or_overconstrained
0.9576271186440679,3.3000000000000003,0.8063976129511872,0.23400855229451503,underdriven_or_overconstrained
0.9576271186440679,3.4000000000000004,0.8072627674578109,0.22736962293801755,underdriven_or_overconstrained
0.9576271186440679,3.5000000000000004,0.807907384822637,0.2210497203025617,underdriven_or_overconstrained
0.9576271186440679,3.6,0.8083473623246127,0.21502648762401422,underdriven_or_overconstrained
0.9576271186440679,3.7,0.808597233268124,0.20927963206435643,underdriven_or_overconstrained
0.9576271186440679,3.8000000000000003,0.8086703091383295,0.2037906889666174,underdriven_or_overconstrained
0.9576271186440679,3.9000000000000004,0.8085788043492332,0.19854281810400556,underdriven_or_overconstrained
0.9576271186440679,4.0,0.8083339460215176,0.19352062690769387,underdriven_or_overconstrained
0.9576271186440679,4.1,0.8079460708448768,0.18871001654706718,underdriven_or_overconstrained
0.9576271186440679,4.2,0.8074247107634817,0.18409804745010783,underdriven_or_overconstrained
0.9576271186440679,4.3,0.8067786689607644,0.17967282142799842,underdriven_or_overconstrained
0.9576271186440679,4.3999999999999995,0.8060160874010255,0.17542337803604757,underdriven_or_overconstrained
0.9576271186440679,4.5,0.8051445070024491,0.17133960318507865,underdriven_or_overconstrained
0.9576271186440679,4.6,0.8041709213626059,0.16741214833082993,underdriven_or_overconstrained
0.9576271186440679,4.7,0.8031018248282432,0.16363235882724758,underdriven_or_overconstrained
0.9576271186440679,4.8,0.8019432555919529,0.1599922102434511,underdriven_or_overconstrained
0.9576271186440679,4.9,0.8007008344057495,0.15648425162201607,underdriven_or_overconstrained
0.9576271186440679,5.0,0.7993797994229221,0.15310155480472917,underdriven_or_overconstrained
0.9576271186440679,5.1,0.7979850376124608,0.14983766907645082,underdriven_or_overconstrained
0.9576271186440679,5.2,0.7965211131330214,0.1466865804824502,underdriven_or_overconstrained
0.9576271186440679,5.3,0.7949922930042678,0.1436426752630033,underdriven_or_overconstrained
0.9576271186440679,5.4,0.7934025703711861,0.14070070692395487,underdriven_or_overconstrained
0.9576271186440679,5.5,0.7917556856205972,0.13785576652562015,underdriven_or_overconstrained
0.9576271186440679,5.6,0.7900551455776611,0.13510325582668845,underdriven_or_overconstrained
0.9576271186440679,5.7,0.7883042409829789,0.13243886296621563,underdriven_or_overconstrained
0.9576271186440679,5.8,0.7865060624272867,0.1298585404066093,underdriven_or_overconstrained
0.9576271186440679,5.9,0.7846635149002229,0.12735848489475032,underdriven_or_overconstrained
0.9576271186440679,6.0,0.782779331091761,0.12493511922792234,underdriven_or_overconstrained
1.0584745762711865,0.1,0.2713723150863262,2.8724069622273,overload_or_unbounded
1.0584745762711865,0.2,0.3477901603336795,1.8406352129523968,overload_or_unbounded
1.0584745762711865,0.30000000000000004,0.4115969203762207,1.452216252965818,overload_or_unbounded
1.0584745762711865,0.4,0.465501504695034,1.2318037698391895,overload_or_unbounded
1.0584745762711865,0.5,0.5114904022896583,1.0827991736606493,near_critical
1.0584745762711865,0.6,0.5510534383654494,0.9721267577944157,near_critical
1.0584745762711865,0.7000000000000001,0.5853298521883313,0.8850810961056003,near_critical
1.0584745762711865,0.8,0.6152056823196279,0.8139744673911178,underdriven_or_overconstrained
1.0584745762711865,0.9,0.6413803986172739,0.7543164951722929,underdriven_or_overconstrained
1.0584745762711865,1.0,0.6644135446351789,0.7032648451265581,underdriven_or_overconstrained
1.0584745762711865,1.1,0.6847580536213731,0.6589081733228774,underdriven_or_overconstrained
1.0584745762711865,1.2000000000000002,0.7027844783335077,0.6198995857616886,underdriven_or_overconstrained
1.0584745762711865,1.3000000000000003,0.718798900031658,0.5852541239501569,underdriven_or_overconstrained
1.0584745762711865,1.4000000000000001,0.7330563602217223,0.5542296573347041,underdriven_or_overconstrained
1.0584745762711865,1.5000000000000002,0.7457710687792555,0.5262531440142881,underdriven_or_overconstrained
1.0584745762711865,1.6,0.7571242563513219,0.5008729852663141,underdriven_or_overconstrained
1.0584745762711865,1.7000000000000002,0.7672702817791094,0.4777271096421274,underdriven_or_overconstrained
1.0584745762711865,1.8000000000000003,0.7763414307861207,0.45652092610728096,underdriven_or_overconstrained
1.0584745762711865,1.9000000000000001,0.7844517218333589,0.43701168624882486,underdriven_or_overconstrained
1.0584745762711865,2.0,0.7916999508025523,0.4189971349798254,underdriven_or_overconstrained
1.0584745762711865,2.1,0.7981721463849574,0.4023071068744196,underdriven_or_overconstrained
1.0584745762711865,2.2,0.8039435650839067,0.38679719290824316,underdriven_or_overconstrained
1.0584745762711865,2.3000000000000003,0.8090803234887937,0.37234389242354576,underdriven_or_overconstrained
1.0584745762711865,2.4000000000000004,0.8136407424999097,0.3588408500644022,underdriven_or_overconstrained
1.0584745762711865,2.5000000000000004,0.8176764611139686,0.3461958982818124,underdriven_or_overconstrained
1.0584745762711865,2.6,0.8212333645779704,0.3343287067659338,underdriven_or_overconstrained
1.0584745762711865,2.7,0.8243523620309043,0.32316889522178266,underdriven_or_overconstrained
1.0584745762711865,2.8000000000000003,0.8270700413592308,0.3126545041336801,underdriven_or_overconstrained
1.0584745762711865,2.9000000000000004,0.8294192233046883,0.3027307451512436,underdriven_or_overconstrained
1.0584745762711865,3.0000000000000004,0.8314294324552827,0.2933489720724994,underdriven_or_overconstrained
1.0584745762711865,3.1,0.8331272993101292,0.2844658274571764,underdriven_or_overconstrained
1.0584745762711865,3.2,0.8345369049058514,0.27604253025090264,underdriven_or_overconstrained
1.0584745762711865,3.3000000000000003,0.8356800773549798,0.26804427750805593,underdriven_or_overconstrained
1.0584745762711865,3.4000000000000004,0.8365766479467173,0.2604397391040503,underdriven_or_overconstrained
1.0584745762711865,3.5000000000000004,0.8372446731003766,0.25320062874149407,underdriven_or_overconstrained
1.0584745762711865,3.6,0.8377006273678254,0.24630133794312942,underdriven_or_overconstrained
1.0584745762711865,3.7,0.8379595717967877,0.23971862234864585,underdriven_or_overconstrained
1.0584745762711865,3.8000000000000003,0.8380353012482212,0.23343133168131766,underdriven_or_overconstrained
1.0584745762711865,3.9000000000000004,0.837940473674327,0.22742017636228473,underdriven_or_overconstrained
1.0584745762711865,4.0,0.8376867238827105,0.2216675250274376,underdriven_or_overconstrained
1.0584745762711865,4.1,0.8372847639160471,0.21615722822057523,underdriven_or_overconstrained
1.0584745762711865,4.2,0.8367444718490163,0.21087446435420126,underdriven_or_overconstrained
1.0584745762711865,4.3,0.8360749705322981,0.20580560468956255,underdriven_or_overconstrained
1.0584745762711865,4.3999999999999995,0.8352846975867968,0.2009380946236343,underdriven_or_overconstrained
1.0584745762711865,4.5,0.8343814677617013,0.19626034900835496,underdriven_or_overconstrained
1.0584745762711865,4.6,0.833372528610904,0.19176165958640737,underdriven_or_overconstrained
1.0584745762711865,4.7,0.8322646103083355,0.18743211292374884,underdriven_or_overconstrained
1.0584745762711865,4.8,0.8310639703095875,0.1832625174641022,underdriven_or_overconstrained
1.0584745762711865,4.9,0.8297764334712848,0.17924433853435398,underdriven_or_overconstrained
1.0584745762711865,5.0,0.8284074281581396,0.17536964029991803,underdriven_or_overconstrained
1.0584745762711865,5.1,0.8269620187981188,0.17163103381170663,underdriven_or_overconstrained
1.0584745762711865,5.2,0.8254449352867447,0.1680216304063142,underdriven_or_overconstrained
1.0584745762711865,5.3,0.8238605995906317,0.16453499982230557,underdriven_or_overconstrained
1.0584745762711865,5.4,0.8222131498565922,0.16116513248130626,underdriven_or_overconstrained
1.0584745762711865,5.5,0.8205064622949435,0.1579064054555292,underdriven_or_overconstrained
1.0584745762711865,5.6,0.8187441710730919,0.15475355170555266,underdriven_or_overconstrained
1.0584745762711865,5.7,0.8169296864272726,0.15170163222534397,underdriven_or_overconstrained
1.0584745762711865,5.8,0.8150662111758772,0.14874601077712896,underdriven_or_overconstrained
1.0584745762711865,5.9,0.8131567557965244,0.14588233093792857,underdriven_or_overconstrained
1.0584745762711865,6.0,0.8112041522105045,0.1431064952134068,underdriven_or_overconstrained
1.1593220338983052,0.1,0.279993077400872,3.2460214396982447,overload_or_unbounded
1.1593220338983052,0.2,0.3588385102975314,2.0800469579958603,overload_or_unbounded
1.1593220338983052,0.30000000000000004,0.4246722380217723,1.6411062757451538,overload_or_unbounded
1.1593220338983052,0.4,0.4802892247605931,1.3920247022722276,overload_or_unbounded
1.1593220338983052,0.5,0.5277390648804161,1.223639052129507,overload_or_unbounded
1.1593220338983052,0.6,0.56855891129201,1.0985714557167652,near_critical
1.1593220338983052,0.7000000000000001,0.6039241938024295,1.000203749542038,near_critical
1.1593220338983052,0.8,0.6347490980145869,0.919848269156732,near_critical
1.1593220338983052,0.9,0.661755314046393,0.8524305740258622,near_critical
1.1593220338983052,1.0,0.6855201606326239,0.7947386269029063,underdriven_or_overconstrained
1.1593220338983052,1.1,0.7065109594819543,0.7446124750164204,underdriven_or_overconstrained
1.1593220338983052,1.2000000000000002,0.7251100348079694,0.7005300336280382,underdriven_or_overconstrained
1.1593220338983052,1.3000000000000003,0.7416331912420885,0.661378230520976,underdriven_or_overconstrained
1.1593220338983052,1.4000000000000001,0.7563435722670159,0.6263184060903618,underdriven_or_overconstrained
1.1593220338983052,1.5000000000000002,0.7694621926249785,0.5947029827745597,underdriven_or_overconstrained
1.1593220338983052,1.6,0.781176040169084,0.5660216223259041,underdriven_or_overconstrained
1.1593220338983052,1.7000000000000002,0.791644377302185,0.5398651585988978,underdriven_or_overconstrained
1.1593220338983052,1.8000000000000003,0.8010036921063757,0.515900683051564,underdriven_or_overconstrained
1.1593220338983052,1.9000000000000001,0.8093716250998743,0.4938538729422962,underdriven_or_overconstrained
1.1593220338983052,2.0,0.8168501106415736,0.4734961658295224,underdriven_or_overconstrained
1.1593220338983052,2.1,0.8235279103208868,0.45463526284058653,underdriven_or_overconstrained
1.1593220338983052,2.2,0.8294826713361131,0.43710797164399184,underdriven_or_overconstrained
1.1593220338983052,2.3000000000000003,0.8347826106213404,0.4207747278297692,underdriven_or_overconstrained
1.1593220338983052,2.4000000000000004,0.8394879017736586,0.405515342382191,underdriven_or_overconstrained
1.1593220338983052,2.5000000000000004,0.8436518242206293,0.39122565950299015,underdriven_or_overconstrained
1.1593220338983052,2.6,0.8473217208590792,0.37781490030483067,underdriven_or_overconstrained
1.1593220338983052,2.7,0.8505398004003716,0.36520353011541384,underdriven_or_overconstrained
1.1593220338983052,2.8000000000000003,0.8533438130288697,0.3533215303339872,underdriven_or_overconstrained
1.1593220338983052,2.9000000000000004,0.8557676221122466,0.3421069862798227,underdriven_or_overconstrained
1.1593220338983052,3.0000000000000004,0.857841690154579,0.33150492433092205,underdriven_or_overconstrained
1.1593220338983052,3.1,0.8595934936337002,0.32146634753715203,underdriven_or_overconstrained
1.1593220338983052,3.2,0.8610478785754442,0.3119474305855953,underdriven_or_overconstrained
1.1593220338983052,3.3000000000000003,0.8622273665122647,0.30290884370538723,underdriven_or_overconstrained
1.1593220338983052,3.4000000000000004,0.8631524187196272,0.2943151816571411,underdriven_or_overconstrained
1.1593220338983052,3.5000000000000004,0.8638416652203057,0.28613447893980104,underdriven_or_overconstrained
1.1593220338983052,3.6,0.8643121039179908,0.2783377961769801,underdriven_or_overconstrained
1.1593220338983052,3.7,0.864579274309038,0.27089886561034454,underdriven_or_overconstrained
1.1593220338983052,3.8000000000000003,0.8646574094797168,0.2637937859429645,underdriven_or_overconstrained
1.1593220338983052,3.9000000000000004,0.8645595694910331,0.2570007585970738,underdriven_or_overconstrained
1.1593220338983052,4.0,0.8642977587568691,0.25049985889394005,underdriven_or_overconstrained
1.1593220338983052,4.1,0.863883029612438,0.24427283681476133,underdriven_or_overconstrained
1.1593220338983052,4.2,0.8633255739320562,0.23830294292555554,underdriven_or_overconstrained
1.1593220338983052,4.3,0.8626348043746228,0.23257477579512892,underdriven_or_overconstrained
1.1593220338983052,4.3999999999999995,0.8618194266013699,0.22707414784103896,underdriven_or_overconstrained
1.1593220338983052,4.5,0.8608875036148697,0.2217879670329834,underdriven_or_overconstrained
1.1593220338983052,4.6,0.8598465132041415,0.21670413228873725,underdriven_or_overconstrained
1.1593220338983052,4.7,0.8587033993424854,0.21181144073215294,underdriven_or_overconstrained
1.1593220338983052,4.8,0.8574646182678828,0.2070995052596158,underdriven_or_overconstrained
1.1593220338983052,4.9,0.8561361798768528,0.20255868109158331,underdriven_or_overconstrained
1.1593220338983052,5.0,0.8547236849785294,0.19818000017807258,underdriven_or_overconstrained
1.1593220338983052,5.1,0.8532323588840177,0.1939551124880918,underdriven_or_overconstrained
1.1593220338983052,5.2,0.8516670817447906,0.18987623334857784,underdriven_or_overconstrained
1.1593220338983052,5.3,0.8500324160013466,0.18593609611286255,underdriven_or_overconstrained
1.1593220338983052,5.4,0.8483326312581968,0.18212790953565808,underdriven_or_overconstrained
1.1593220338983052,5.5,0.8465717268623457,0.17844531931397364,underdriven_or_overconstrained
1.1593220338983052,5.6,0.8447534524288398,0.17488237332364603,underdriven_or_overconstrained
1.1593220338983052,5.7,0.8428813265278688,0.17143349014126144,underdriven_or_overconstrained
1.1593220338983052,5.8,0.8409586537226764,0.16809343049278513,underdriven_or_overconstrained
1.1593220338983052,5.9,0.838988540125589,0.1648572713145369,underdriven_or_overconstrained
1.1593220338983052,6.0,0.8369739076203544,0.1617203821503736,underdriven_or_overconstrained
1.2601694915254238,0.1,0.2878445328422036,3.6273289859013285,overload_or_unbounded
1.2601694915254238,0.2,0.3689009182698584,2.3243884129969468,overload_or_unbounded
1.2601694915254238,0.30000000000000004,0.4365807294207391,1.8338857193464375,overload_or_unbounded
1.2601694915254238,0.4,0.4937573057651836,1.5555447323576865,overload_or_unbounded
1.2601694915254238,0.5,0.5425377155864343,1.3673789543678438,overload_or_unbounded
1.2601694915254238,0.6,0.5845022160308982,1.2276197672852343,overload_or_unbounded
1.2601694915254238,0.7000000000000001,0.6208591978446656,1.1176968852239926,near_critical
1.2601694915254238,0.8,0.6525484818627516,1.0279021107308386,near_critical
1.2601694915254238,0.9,0.6803119955527033,0.9525649127936627,near_critical
1.2601694915254238,1.0,0.7047432465935513,0.8880959387157719,near_critical
1.2601694915254238,1.1,0.7263226611450032,0.8320815077986284,underdriven_or_overconstrained
1.2601694915254238,1.2000000000000002,0.7454432844054449,0.7828207372252094,underdriven_or_overconstrained
1.2601694915254238,1.3000000000000003,0.7624297766752101,0.7390698030743398,underdriven_or_overconstrained
1.2601694915254238,1.4000000000000001,0.7775526604027556,0.6998915290671293,underdriven_or_overconstrained
1.2601694915254238,1.5000000000000002,0.7910391479385371,0.6645622672229404,underdriven_or_overconstrained
1.2601694915254238,1.6,0.8030814705752872,0.6325117302677182,underdriven_or_overconstrained
1.2601694915254238,1.7000000000000002,0.8138433566893427,0.6032826876356194,underdriven_or_overconstrained
1.2601694915254238,1.8000000000000003,0.8234651217077625,0.5765031242841068,underdriven_or_overconstrained
1.2601694915254238,1.9000000000000001,0.8320677049777765,0.5518664929981951,underdriven_or_overconstrained
1.2601694915254238,2.0,0.8397558992613646,0.5291173822888345,underdriven_or_overconstrained
1.2601694915254238,2.1,0.8466209551654208,0.50804090408837,underdriven_or_overconstrained
1.2601694915254238,2.2,0.8527426972403533,0.48845469599245195,underdriven_or_overconstrained
1.2601694915254238,2.3000000000000003,0.8581912553326098,0.47020279907133045,underdriven_or_overconstrained
1.2601694915254238,2.4000000000000004,0.8630284904035558,0.45315090580158446,underdriven_or_overconstrained
1.2601694915254238,2.5000000000000004,0.8673091759214461,0.43718262528650514,underdriven_or_overconstrained
1.2601694915254238,2.6,0.8710819823539471,0.4221965149153583,underdriven_or_overconstrained
1.2601694915254238,2.7,0.8743903020124584,0.40810369714140793,underdriven_or_overconstrained
1.2601694915254238,2.8000000000000003,0.8772729436571235,0.3948259283347889,underdriven_or_overconstrained
1.2601694915254238,2.9000000000000004,0.8797647202388152,0.38229402074667396,underdriven_or_overconstrained
1.2601694915254238,3.0000000000000004,0.8818969484791347,0.37044654304759134,underdriven_or_overconstrained
1.2601694915254238,3.1,0.8836978753404694,0.35922874265480537,underdriven_or_overconstrained
1.2601694915254238,3.2,0.88519304357111,0.34859164613088994,underdriven_or_overconstrained
1.2601694915254238,3.3000000000000003,0.8864056062434399,0.33849130366820623,underdriven_or_overconstrained
1.2601694915254238,3.4000000000000004,0.8873565983999413,0.3288881510021716,underdriven_or_overconstrained
1.2601694915254238,3.5000000000000004,0.8880651724791385,0.3197464676698496,underdriven_or_overconstrained
1.2601694915254238,3.6,0.8885488030332332,0.31103391480942044,underdriven_or_overconstrained
1.2601694915254238,3.7,0.8888234653110086,0.30272113900995645,underdriven_or_overconstrained
1.2601694915254238,3.8000000000000003,0.8889037915173253,0.2947814313082655,underdriven_or_overconstrained
1.2601694915254238,3.9000000000000004,0.8888032079382692,0.28719043246506,underdriven_or_overconstrained
1.2601694915254238,4.0,0.8885340556107614,0.279925877265509,underdriven_or_overconstrained
1.2601694915254238,4.1,0.8881076967952399,0.2729673718756763,underdriven_or_overconstrained
1.2601694915254238,4.2,0.8875346091625412,0.2662961993189465,underdriven_or_overconstrained
1.2601694915254238,4.3,0.8868244693176323,0.2598951489703034,underdriven_or_overconstrained
1.2601694915254238,4.3999999999999995,0.8859862270424639,0.2537483666433251,underdriven_or_overconstrained
1.2601694915254238,4.5,0.8850281714391461,0.2478412223973654,underdriven_or_overconstrained
1.2601694915254238,4.6,0.8839579899859089,0.2421601936457345,underdriven_or_overconstrained
1.2601694915254238,4.7,0.8827828213762122,0.23669276151937027,underdriven_or_overconstrained
1.2601694915254238,4.8,0.8815093028913168,0.23142731874989197,underdriven_or_overconstrained
1.2601694915254238,4.9,0.8801436129548895,0.22635308759320663,underdriven_or_overconstrained
1.2601694915254238,5.0,0.878691509431745,0.22146004652966184,underdriven_or_overconstrained
1.2601694915254238,5.1,0.8771583641591013,0.2167388646567936,underdriven_or_overconstrained
1.2601694915254238,5.2,0.8755491941357142,0.21218084284221103,underdriven_or_overconstrained
1.2601694915254238,5.3,0.873868689740239,0.20777786083206518,underdriven_or_overconstrained
1.2601694915254238,5.4,0.8721212403037525,0.20352232961890773,underdriven_or_overconstrained
1.2601694915254238,5.5,0.8703109573213706,0.19940714846485028,underdriven_or_overconstrained
1.2601694915254238,5.6,0.8684416955533659,0.19542566605445752,underdriven_or_overconstrained
1.2601694915254238,5.7,0.8665170722362856,0.19157164531896473,underdriven_or_overconstrained
1.2601694915254238,5.8,0.8645404845986325,0.1878392315310004,underdriven_or_overconstrained
1.2601694915254238,5.9,0.8625151258531097,0.18422292331852547,underdriven_or_overconstrained
1.2601694915254238,6.0,0.8604439998177766,0.18071754628941158,underdriven_or_overconstrained
1.3610169491525426,0.1,0.2950252609342758,4.015343805597008,overload_or_unbounded
1.3610169491525426,0.2,0.378103723551082,2.5730278814535503,overload_or_unbounded
1.3610169491525426,0.30000000000000004,0.4474719125092414,2.0300561906492702,overload_or_unbounded
1.3610169491525426,0.4,0.5060748471864673,1.7219411114014127,overload_or_unbounded
1.3610169491525426,0.5,0.5560721599507323,1.5136472692896208,overload_or_unbounded
1.3610169491525426,0.6,0.5990835299126956,1.3589380636155217,overload_or_unbounded
1.3610169491525426,0.7000000000000001,0.6363474929988716,1.2372567478888472,overload_or_unbounded
1.3610169491525426,0.8,0.6688273153319272,1.1378566402786816,near_critical
1.3610169491525426,0.9,0.6972834329102333,1.0544606339489973,near_critical
1.3610169491525426,1.0,0.7223241593819371,0.983095423701179,near_critical
1.3610169491525426,1.1,0.744441905882063,0.9210891377862813,near_critical
1.3610169491525426,1.2000000000000002,0.7640395227307744,0.866558950215836,near_critical
1.3610169491525426,1.3000000000000003,0.7814497693828891,0.8181279854165058,underdriven_or_overconstrained
1.3610169491525426,1.4000000000000001,0.7969499168887084,0.7747588175080302,underdriven_or_overconstrained
1.3610169491525426,1.5000000000000002,0.8107728457629977,0.7356503899973866,underdriven_or_overconstrained
1.3610169491525426,1.6,0.8231155828060861,0.7001714120691602,underdriven_or_overconstrained
1.3610169491525426,1.7000000000000002,0.834145940852472,0.6678157432747109,underdriven_or_overconstrained
1.3610169491525426,1.8000000000000003,0.844007735715061,0.6381715741800321,underdriven_or_overconstrained
1.3610169491525426,1.9000000000000001,0.8528249237605815,0.6108995662620401,underdriven_or_overconstrained
1.3610169491525426,2.0,0.8607049119689122,0.5857169867042683,underdriven_or_overconstrained
1.3610169491525426,2.1,0.8677412273347935,0.5623859608957541,underdriven_or_overconstrained
1.3610169491525426,2.2,0.8740156857557893,0.5407046191540051,underdriven_or_overconstrained
1.3610169491525426,2.3000000000000003,0.8796001665760823,0.5205003196467163,underdriven_or_overconstrained
1.3610169491525426,2.4000000000000004,0.8845580739746175,0.5016243879954928,underdriven_or_overconstrained
1.3610169491525426,2.5000000000000004,0.8889455478287257,0.483947982987435,underdriven_or_overconstrained
1.3610169491525426,2.6,0.8928124727663388,0.46735881071145385,underdriven_or_overconstrained
1.3610169491525426,2.7,0.8962033235873317,0.45175848640340704,underdriven_or_overconstrained
1.3610169491525426,2.8000000000000003,0.8991578771965314,0.4370603967244641,underdriven_or_overconstrained
1.3610169491525426,2.9000000000000004,0.9017118150078377,0.4231879529230238,underdriven_or_overconstrained
1.3610169491525426,3.0000000000000004,0.9038972349870199,0.41007315236981745,underdriven_or_overconstrained
1.3610169491525426,3.1,0.9057430887607307,0.3976553856068162,underdriven_or_overconstrained
1.3610169491525426,3.2,0.9072755562807137,0.385880440515579,underdriven_or_overconstrained
1.3610169491525426,3.3000000000000003,0.9085183682086353,0.37469966598435245,underdriven_or_overconstrained
1.3610169491525426,3.4000000000000004,0.909493084338721,0.3640692655653006,underdriven_or_overconstrained
1.3610169491525426,3.5000000000000004,0.9102193348967645,0.35394969778310015,underdriven_or_overconstrained
1.3610169491525426,3.6,0.9107150303647615,0.3443051644928925,underdriven_or_overconstrained
1.3610169491525426,3.7,0.9109965445188409,0.33510317235393006,underdriven_or_overconstrained
1.3610169491525426,3.8000000000000003,0.911078874586897,0.3263141553493659,underdriven_or_overconstrained
1.3610169491525426,3.9000000000000004,0.9109757817945353,0.3179111485358591,underdriven_or_overconstrained
1.3610169491525426,4.0,0.9106999150449744,0.3098695049919977,underdriven_or_overconstrained
1.3610169491525426,4.1,0.9102629200478528,0.30216664935858867,underdriven_or_overconstrained
1.3610169491525426,4.2,0.9096755358557486,0.29478186250692745,underdriven_or_overconstrained
1.3610169491525426,4.3,0.9089476804715403,0.287696092794106,underdriven_or_overconstrained
1.3610169491525426,4.3999999999999995,0.908088526943364,0.2808917901138372,underdriven_or_overconstrained
1.3610169491525426,4.5,0.9071065711578311,0.27435275956299005,underdriven_or_overconstrained
1.3610169491525426,4.6,0.9060096923692338,0.2680640320458713,underdriven_or_overconstrained
1.3610169491525426,4.7,0.9048052073568067,0.262011749551935,underdriven_or_overconstrained
1.3610169491525426,4.8,0.9034999189790807,0.25618306318509954,underdriven_or_overconstrained
1.3610169491525426,4.9,0.902100159790079,0.250566042307656,underdriven_or_overconstrained
1.3610169491525426,5.0,0.9006118312934799,0.24514959339954726,underdriven_or_overconstrained
1.3610169491525426,5.1,0.8990404393353084,0.23992338743311822,underdriven_or_overconstrained
1.3610169491525426,5.2,0.8973911260711317,0.2348777947311339,underdriven_or_overconstrained
1.3610169491525426,5.3,0.8956686988883718,0.23000382641744885,underdriven_or_overconstrained
1.3610169491525426,5.4,0.8938776566167733,0.22529308168966386,underdriven_or_overconstrained
1.3610169491525426,5.5,0.8920222133190717,0.22073770024505845,underdriven_or_overconstrained
1.3610169491525426,5.6,0.8901063199185104,0.21633031927801571,underdriven_or_overconstrained
1.3610169491525426,5.7,0.8881336838892095,0.21206403454149134,underdriven_or_overconstrained
1.3610169491525426,5.8,0.8861077872088033,0.20793236502883378,underdriven_or_overconstrained
1.3610169491525426,5.9,0.8840319027496362,0.20392922088708934,underdriven_or_overconstrained
1.3610169491525426,6.0,0.8819091092646654,0.2000488742202052,underdriven_or_overconstrained
1.4618644067796611,0.1,0.30161768841157577,4.409241631440409,overload_or_unbounded
1.4618644067796611,0.2,0.3865525640622778,2.825437173760293,overload_or_unbounded
1.4618644067796611,0.30000000000000004,0.4574708058989267,2.22920096094816,overload_or_unbounded
1.4618644067796611,0.4,0.5173832406358869,1.8908603603747989,overload_or_unbounded
1.4618644067796611,0.5,0.5684977582707265,1.6621332763000054,overload_or_unbounded
1.4618644067796611,0.6,0.6124702301270687,1.49224738272485,overload_or_unbounded
1.4618644067796611,0.7000000000000001,0.650566867586227,1.3586293542206316,overload_or_unbounded
1.4618644067796611,0.8,0.6837724612397729,1.2494782792781867,overload_or_unbounded
1.4618644067796611,0.9,0.7128644392553394,1.1579012784514693,overload_or_unbounded
1.4618644067796611,1.0,0.7384647082310336,1.0795352726258756,near_critical
1.4618644067796611,1.1,0.7610766823756048,1.011446284358951,near_critical
1.4618644067796611,1.2000000000000002,0.7811122138198118,0.9515667859033724,near_critical
1.4618644067796611,1.3000000000000003,0.7989114976277704,0.8983848327300545,near_critical
1.4618644067796611,1.4000000000000001,0.8147580005541255,0.8507612293921711,near_critical
1.4618644067796611,1.5000000000000002,0.8288898068982254,0.8078163372313214,underdriven_or_overconstrained
1.4618644067796611,1.6,0.8415083460830365,0.7688569369667574,underdriven_or_overconstrained
1.4618644067796611,1.7000000000000002,0.8527851807709113,0.7333272367047966,underdriven_or_overconstrained
1.4618644067796611,1.8000000000000003,0.8628673403820026,0.7007750292650445,underdriven_or_overconstrained
1.4618644067796611,1.9000000000000001,0.8718815511250363,0.6708276876408062,underdriven_or_overconstrained
1.4618644067796611,2.0,0.8799376200209016,0.6431747434474812,underdriven_or_overconstrained
1.4618644067796611,2.1,0.8871311639529407,0.6175549870132456,underdriven_or_overconstrained
1.4618644067796611,2.2,0.8935458270193581,0.5937467456118616,underdriven_or_overconstrained
1.4618644067796611,2.3000000000000003,0.8992550947297282,0.5715604415655051,underdriven_or_overconstrained
1.4618644067796611,2.4000000000000004,0.904323788048291,0.5508328158133129,underdriven_or_overconstrained
1.4618644067796611,2.5000000000000004,0.9088093013146862,0.5314223880568926,underdriven_or_overconstrained
1.4618644067796611,2.6,0.9127626338437396,0.5132058485594689,underdriven_or_overconstrained
1.4618644067796611,2.7,0.9162292542379986,0.49607516119289,underdriven_or_overconstrained
1.4618644067796611,2.8000000000000003,0.9192498282290963,0.4799352160094405,underdriven_or_overconstrained
1.4618644067796611,2.9000000000000004,0.9218608345427718,0.4647019110421629,underdriven_or_overconstrained
1.4618644067796611,3.0000000000000004,0.9240950883834157,0.4503005727292068,underdriven_or_overconstrained
1.4618644067796611,3.1,0.9259821883104165,0.43666464593643206,underdriven_or_overconstrained
1.4618644067796611,3.2,0.92754889927435,0.4237346004365079,underdriven_or_overconstrained
1.4618644067796611,3.3000000000000003,0.928819482205598,0.4114570125332965,underdriven_or_overconstrained
1.4618644067796611,3.4000000000000004,0.92981597865842,0.3997837894281592,underdriven_or_overconstrained
1.4618644067796611,3.5000000000000004,0.9305584575018623,0.38867151069993033,underdriven_or_overconstrained
1.4618644067796611,3.6,0.9310652294329839,0.3780808664717272,underdriven_or_overconstrained
1.4618644067796611,3.7,0.931353034104827,0.3679761758659703,underdriven_or_overconstrained
1.4618644067796611,3.8000000000000003,0.9314372038628171,0.35832497249405876,underdriven_or_overconstrained
1.4618644067796611,3.9000000000000004,0.931331807431252,0.3490976462014146,underdriven_or_overconstrained
1.4618644067796611,4.0,0.9310497763568665,0.3402671322490667,underdriven_or_overconstrained
1.4618644067796611,4.1,0.9306030165761554,0.33180864067669874,underdriven_or_overconstrained
1.4618644067796611,4.2,0.9300025071090305,0.3236994198472715,underdriven_or_overconstrained
1.4618644067796611,4.3,0.9292583875791042,0.315918549186826,underdriven_or_overconstrained
1.4618644067796611,4.3999999999999995,0.9283800360090095,0.308446756955998,underdriven_or_overconstrained
1.4618644067796611,4.5,0.9273761381284794,0.3012662595615117,underdriven_or_overconstrained
1.4618644067796611,4.6,0.9262547492560935,0.2943606194669789,underdriven_or_overconstrained
1.4618644067796611,4.7,0.9250233496667019,0.2877146192165634,underdriven_or_overconstrained
1.4618644067796611,4.8,0.9236888942307386,0.2813141494611625,underdriven_or_overconstrained
1.4618644067796611,4.9,0.922257857005036,0.2751461091894997,underdriven_or_overconstrained
1.4618644067796611,5.0,0.9207362713641329,0.26919831662764904,underdriven_or_overconstrained
1.4618644067796611,5.1,0.9191297661838264,0.263459429489382,underdriven_or_overconstrained
1.4618644067796611,5.2,0.9174435985226838,0.257918873443877,underdriven_or_overconstrained
1.4618644067796611,5.3,0.9156826831906334,0.25256677782280823,underdriven_or_overconstrained
1.4618644067796611,5.4,0.913851619545113,0.24739391772054614,underdriven_or_overconstrained
1.4618644067796611,5.5,0.9119547158133469,0.24239166175316235,underdriven_or_overconstrained
1.4618644067796611,5.6,0.9099960112031371,0.2375519248373807,underdriven_or_overconstrained
1.4618644067796611,5.7,0.9079792960332193,0.2328671254322485,underdriven_or_overconstrained
1.4618644067796611,5.8,0.9059081300870567,0.22833014675630814,underdriven_or_overconstrained
1.4618644067796611,5.9,0.9037858593703028,0.22393430155325658,underdriven_or_overconstrained
1.4618644067796611,6.0,0.901615631431568,0.21967330003099647,underdriven_or_overconstrained
1.56271186440678,0.1,0.3076912674300142,4.808327941872426,overload_or_unbounded
1.56271186440678,0.2,0.3943364495332405,3.0811712412682013,overload_or_unbounded
1.56271186440678,0.30000000000000004,0.46668274934590526,2.4309688977227375,overload_or_unbounded
1.56271186440678,0.4,0.5278016216378986,2.0620046404667054,overload_or_unbounded
1.56271186440678,0.5,0.5799454159822025,1.8125751645274262,overload_or_unbounded
1.56271186440678,0.6,0.6248033474541994,1.6273126733129148,overload_or_unbounded
1.56271186440678,0.7000000000000001,0.6636671247292071,1.481600699758666,overload_or_unbounded
1.56271186440678,0.8,0.6975413688122788,1.3625702161968667,overload_or_unbounded
1.56271186440678,0.9,0.7272191626936545,1.2627044595170425,overload_or_unbounded
1.56271186440678,1.0,0.7533349361058955,1.1772454425248065,overload_or_unbounded
1.56271186440678,1.1,0.7764022403488213,1.1029936295864613,near_critical
1.56271186440678,1.2000000000000002,0.7968412208879526,1.0376943582749891,near_critical
1.56271186440678,1.3000000000000003,0.8149989231867119,0.9796988359558649,near_critical
1.56271186440678,1.4000000000000001,0.8311645220792088,0.927764757090836,near_critical
1.56271186440678,1.5000000000000002,0.8455808960922547,0.8809328657593887,near_critical
1.56271186440678,1.6,0.8584535307687454,0.8384471984838806,underdriven_or_overconstrained
1.56271186440678,1.7000000000000002,0.8699574434735473,0.799701657908884,underdriven_or_overconstrained
1.56271186440678,1.8000000000000003,0.8802426243112682,0.7642031069820991,underdriven_or_overconstrained
1.56271186440678,1.9000000000000001,0.8894383513358072,0.7315451917320377,underdriven_or_overconstrained
1.56271186440678,2.0,0.8976566427169475,0.7013893428686658,underdriven_or_overconstrained
1.56271186440678,2.1,0.9049950407446595,0.6734507082861794,underdriven_or_overconstrained
1.56271186440678,2.2,0.9115388738316275,0.6474875513657632,underdriven_or_overconstrained
1.56271186440678,2.3000000000000003,0.9173631072416519,0.6232931355024341,underdriven_or_overconstrained
1.56271186440678,2.4000000000000004,0.9225338672180181,0.6006894248411105,underdriven_or_overconstrained
1.56271186440678,2.5000000000000004,0.9271097038318441,0.5795221335138713,underdriven_or_overconstrained
1.56271186440678,2.6,0.9311426433548633,0.5596567908560521,underdriven_or_overconstrained
1.56271186440678,2.7,0.9346790699763444,0.5409755822461956,underdriven_or_overconstrained
1.56271186440678,2.8000000000000003,0.9377604683007649,0.5233747892090226,underdriven_or_overconstrained
1.56271186440678,2.9000000000000004,0.9404240516143082,0.5067626975969562,underdriven_or_overconstrained
1.56271186440678,3.0000000000000004,0.9427032959106507,0.4910578750449831,underdriven_or_overconstrained
1.56271186440678,3.1,0.944628395765914,0.47618774242546347,underdriven_or_overconstrained
1.56271186440678,3.2,0.9462266550879316,0.4620873813512039,underdriven_or_overconstrained
1.56271186440678,3.3000000000000003,0.9475228233416885,0.4486985326764441,underdriven_or_overconstrained
1.56271186440678,3.4000000000000004,0.9485393859251797,0.4359687506595293,underdriven_or_overconstrained
1.56271186440678,3.5000000000000004,0.949296815827855,0.4238506848393619,underdriven_or_overconstrained
1.56271186440678,3.6,0.9498137924634295,0.41230146734994444,underdriven_or_overconstrained
1.56271186440678,3.7,0.9501073925659898,0.4012821877901249,underdriven_or_overconstrained
1.56271186440678,3.8000000000000003,0.9501932572235027,0.3907574411953923,underdriven_or_overconstrained
1.56271186440678,3.9000000000000004,0.9500857384576715,0.3806949373567897,underdriven_or_overconstrained
1.56271186440678,4.0,0.9497980282136558,0.37106516186991134,underdriven_or_overconstrained
1.56271186440678,4.1,0.9493422721739896,0.36184108100224,underdriven_or_overconstrained
1.56271186440678,4.2,0.9487296704396005,0.3529978838358805,underdriven_or_overconstrained
1.56271186440678,4.3,0.9479705668124616,0.344512756247966,underdriven_or_overconstrained
1.56271186440678,4.3999999999999995,0.9470745281574515,0.3363646821884324,underdriven_or_overconstrained
1.56271186440678,4.5,0.9460504151060674,0.3285342684473801,underdriven_or_overconstrained
1.56271186440678,4.6,0.9449064451842653,0.32100358970519266,underdriven_or_overconstrained
1.56271186440678,4.7,0.9436502492947997,0.31375605115391464,underdriven_or_overconstrained
1.56271186440678,4.8,0.9422889223561086,0.3067762663885354,underdriven_or_overconstrained
1.56271186440678,4.9,0.9408290687910382,0.3000499486078648,underdriven_or_overconstrained
1.56271186440678,5.0,0.9392768434662623,0.2935638134494556,underdriven_or_overconstrained
1.56271186440678,5.1,0.9376379886044517,0.28730549202170313,underdriven_or_overconstrained
1.56271186440678,5.2,0.9359178671238821,0.2812634528970728,underdriven_or_overconstrained
1.56271186440678,5.3,0.9341214928024392,0.2754269319999517,underdriven_or_overconstrained
1.56271186440678,5.4,0.9322535576133518,0.2697858694662619,underdriven_or_overconstrained
1.56271186440678,5.5,0.9303184565372392,0.26433085267406303,underdriven_or_overconstrained
1.56271186440678,5.6,0.9283203101181403,0.2590530647484641,underdriven_or_overconstrained
1.56271186440678,5.7,0.9262629849992282,0.2539442379331812,underdriven_or_overconstrained
1.56271186440678,5.8,0.9241501126461883,0.2489966112974242,underdriven_or_overconstrained
1.56271186440678,5.9,0.9219851064421205,0.24420289231244907,underdriven_or_overconstrained
1.56271186440678,6.0,0.9197711773168162,0.23955622188873016,underdriven_or_overconstrained
1.6635593220338984,0.1,0.31330493177890495,5.212013398999918,overload_or_unbounded
1.6635593220338984,0.2,0.40153090937833963,3.3398524369054265,overload_or_unbounded
1.6635593220338984,0.30000000000000004,0.4751971291465647,2.6350620466517127,overload_or_unbounded
1.6635593220338984,0.4,0.5374310829203813,2.2351212198574335,overload_or_unbounded
1.6635593220338984,0.5,0.5905262131988229,1.9647507737445582,overload_or_unbounded
1.6635593220338984,0.6,0.636202553892416,1.7639344820491702,overload_or_unbounded
1.6635593220338984,0.7000000000000001,0.6757753802177077,1.605989190517385,overload_or_unbounded
1.6635593220338984,0.8,0.7102676419583589,1.476965446148579,overload_or_unbounded
1.6635593220338984,0.9,0.7404868914840794,1.3687154124136045,overload_or_unbounded
1.6635593220338984,1.0,0.7670791333621712,1.2760816430423236,overload_or_unbounded
1.6635593220338984,1.1,0.7905672883641551,1.1955959838665922,overload_or_unbounded
1.6635593220338984,1.2000000000000002,0.8113791672872365,1.1248144812039866,near_critical
1.6635593220338984,1.3000000000000003,0.8298681472556667,1.0619499172508955,near_critical
1.6635593220338984,1.4000000000000001,0.846328678945377,1.0056556881172973,near_critical
1.6635593220338984,1.5000000000000002,0.861008072073373,0.9548920030960627,near_critical
1.6635593220338984,1.6,0.8741155611575409,0.9088394314365745,near_critical
1.6635593220338984,1.7000000000000002,0.8858293566619526,0.8668409905919306,near_critical
1.6635593220338984,1.8000000000000003,0.8963021851813021,0.8283621419542824,underdriven_or_overconstrained
1.6635593220338984,1.9000000000000001,0.9056656833791699,0.7929624159113785,underdriven_or_overconstrained
1.6635593220338984,2.0,0.9140339131375688,0.7602748184275626,underdriven_or_overconstrained
1.6635593220338984,2.1,0.9215061963539318,0.729990582503135,underdriven_or_overconstrained
1.6635593220338984,2.2,0.9281694182126783,0.7018476764065823,underdriven_or_overconstrained
1.6635593220338984,2.3000000000000003,0.934099911679176,0.6756220068630149,underdriven_or_overconstrained
1.6635593220338984,2.4000000000000004,0.9393650094350263,0.6511205909325412,underdriven_or_overconstrained
1.6635593220338984,2.5000000000000004,0.9440243297664109,0.6281761896038862,underdriven_or_overconstrained
1.6635593220338984,2.6,0.9481308481368597,0.6066430426638383,underdriven_or_overconstrained
1.6635593220338984,2.7,0.9517317949906284,0.586393444308413,underdriven_or_overconstrained
1.6635593220338984,2.8000000000000003,0.9548694117968505,0.5673149683284556,underdriven_or_overconstrained
1.6635593220338984,2.9000000000000004,0.9575815907784231,0.5493082006715501,underdriven_or_overconstrained
1.6635593220338984,3.0000000000000004,0.9599024186808122,0.5322848722797836,underdriven_or_overconstrained
1.6635593220338984,3.1,0.9618626409642022,0.5161663106103687,underdriven_or_overconstrained
1.6635593220338984,3.2,0.9634900596817764,0.5008821470220676,underdriven_or_overconstrained
1.6635593220338984,3.3000000000000003,0.9648098758394112,0.4863692311948547,underdriven_or_overconstrained
1.6635593220338984,3.4000000000000004,0.9658449850692894,0.47257071427991404,underdriven_or_overconstrained
1.6635593220338984,3.5000000000000004,0.966616233879719,0.4594352704856872,underdriven_or_overconstrained
1.6635593220338984,3.6,0.9671426424804337,0.44691643295411754,underdriven_or_overconstrained
1.6635593220338984,3.7,0.9674415991614966,0.4349720245428352,underdriven_or_overconstrained
1.6635593220338984,3.8000000000000003,0.9675290303742476,0.4235636678467101,underdriven_or_overconstrained
1.6635593220338984,3.9000000000000004,0.9674195499854311,0.41265636171694947,underdriven_or_overconstrained
1.6635593220338984,4.0,0.9671265906202651,0.402218113853301,underdriven_or_overconstrained
1.6635593220338984,4.1,0.9666625195528341,0.3922196208933885,underdriven_or_overconstrained
1.6635593220338984,4.2,0.9660387412239803,0.3826339889069155,underdriven_or_overconstrained
1.6635593220338984,4.3,0.9652657881528699,0.37343648840048954,underdriven_or_overconstrained
1.6635593220338984,4.3999999999999995,0.9643534017467686,0.3646043389115769,underdriven_or_overconstrained
1.6635593220338984,4.5,0.9633106042947065,0.356116519064126,underdriven_or_overconstrained
1.6635593220338984,4.6,0.9621457632470519,0.34795359860979425,underdriven_or_overconstrained
1.6635593220338984,4.7,0.9608666487283422,0.34009758951563934,underdriven_or_overconstrained
1.6635593220338984,4.8,0.9594804851000474,0.3325318136037064,underdriven_or_overconstrained
1.6635593220338984,4.9,0.9579939972792137,0.32524078461762307,underdriven_or_overconstrained
1.6635593220338984,5.0,0.9564134524248006,0.31821010289998025,underdriven_or_overconstrained
1.6635593220338984,5.1,0.9547446975232924,0.31142636112300154,underdriven_or_overconstrained
1.6635593220338984,5.2,0.952993193336571,0.30487705973267426,underdriven_or_overconstrained
1.6635593220338984,5.3,0.9511640451162464,0.2985505309503025,underdriven_or_overconstrained
1.6635593220338984,5.4,0.9492620304381159,0.2924358703311396,underdriven_or_overconstrained
1.6635593220338984,5.5,0.9472916244668946,0.2865228750120977,underdriven_or_overconstrained
1.6635593220338984,5.6,0.9452570229237669,0.2808019878933648,underdriven_or_overconstrained
1.6635593220338984,5.7,0.9431621629967643,0.27526424709524955,underdriven_or_overconstrained
1.6635593220338984,5.8,0.9410107424057418,0.26990124011432953,underdriven_or_overconstrained
1.6635593220338984,5.9,0.938806236809168,0.2647050621741449,underdriven_or_overconstrained
1.6635593220338984,6.0,0.936551915718549,0.2596682783270497,underdriven_or_overconstrained
1.764406779661017,0.1,0.318509015467147,5.6197946627338995,overload_or_unbounded
1.764406779661017,0.2,0.40820045155233714,3.601158220898161,overload_or_unbounded
1.764406779661017,0.30000000000000004,0.48309028810339927,2.8412259317267714,overload_or_unbounded
1.764406779661017,0.4,0.546357965482683,2.4099942460486146,overload_or_unbounded
1.764406779661017,0.5,0.6003350209189517,2.1184703619546736,overload_or_unbounded
1.764406779661017,0.6,0.6467700585733378,1.9019424603809172,overload_or_unbounded
1.764406779661017,0.7000000000000001,0.6870002007564036,1.7316397312043974,overload_or_unbounded
1.764406779661017,0.8,0.7220653887375577,1.592521334058893,overload_or_unbounded
1.764406779661017,0.9,0.7527865885601817,1.475801956103859,overload_or_unbounded
1.764406779661017,1.0,0.7798205351104781,1.3759206390678098,overload_or_unbounded
1.764406779661017,1.1,0.8036988350221471,1.289137884835216,overload_or_unbounded
1.764406779661017,1.2000000000000002,0.8248564051509504,1.212818527912626,overload_or_unbounded
1.764406779661017,1.3000000000000003,0.8436524923152987,1.1450355208607899,near_critical
1.764406779661017,1.4000000000000001,0.8603864381002798,1.084336903223234,near_critical
1.764406779661017,1.5000000000000002,0.8753096601073712,1.029601532397484,near_critical
1.764406779661017,1.6,0.8886348682990853,0.9799458664188007,near_critical
1.764406779661017,1.7000000000000002,0.9005432332657962,0.9346615212658961,near_critical
1.764406779661017,1.8000000000000003,0.9111900184342092,0.8931721367137586,near_critical
1.764406779661017,1.9000000000000001,0.9207090469901844,0.8550027813709027,near_critical
1.764406779661017,2.0,0.9292162754159132,0.819757748057598,underdriven_or_overconstrained
1.764406779661017,2.1,0.9368126753736866,0.7871041122389086,underdriven_or_overconstrained
1.764406779661017,2.2,0.9435865752354551,0.7567593411557078,underdriven_or_overconstrained
1.764406779661017,2.3000000000000003,0.9496155758787693,0.7284818087618267,underdriven_or_overconstrained
1.764406779661017,2.4000000000000004,0.95496812840015,0.7020634333789237,underdriven_or_overconstrained
1.764406779661017,2.5000000000000004,0.9597048413624043,0.6773238914293307,underdriven_or_overconstrained
1.764406779661017,2.6,0.9638795701665216,0.6541060186071375,underdriven_or_overconstrained
1.764406779661017,2.7,0.9675403297678189,0.6322721175695539,underdriven_or_overconstrained
1.764406779661017,2.8000000000000003,0.9707300632782003,0.6117009660245802,underdriven_or_overconstrained
1.764406779661017,2.9000000000000004,0.973487292321122,0.5922853718914599,underdriven_or_overconstrained
1.764406779661017,3.0000000000000004,0.97584666983255,0.5739301600540591,underdriven_or_overconstrained
1.764406779661017,3.1,0.9778394519634738,0.5565505027304409,underdriven_or_overconstrained
1.764406779661017,3.2,0.9794939025670576,0.5400705257268575,underdriven_or_overconstrained
1.764406779661017,3.3000000000000003,0.9808356412450256,0.5244221379229951,underdriven_or_overconstrained
1.764406779661017,3.4000000000000004,0.9818879439324986,0.509544042688799,underdriven_or_overconstrained
1.764406779661017,3.5000000000000004,0.9826720034041939,0.49538089856840967,underdriven_or_overconstrained
1.764406779661017,3.6,0.9832071558009184,0.4818826031962128,underdriven_or_overconstrained
1.764406779661017,3.7,0.9835110782371599,0.46900367954415184,underdriven_or_overconstrained
1.764406779661017,3.8000000000000003,0.9835999617071273,0.4567027476079926,underdriven_or_overconstrained
1.764406779661017,3.9000000000000004,0.9834886628180324,0.44494206779381645,underdriven_or_overconstrained
1.764406779661017,4.0,0.9831908373148043,0.4336871447647082,underdriven_or_overconstrained
1.764406779661017,4.1,0.982719057895454,0.4229063825006894,underdriven_or_overconstrained
1.764406779661017,4.2,0.9820849184318174,0.4125707829247465,underdriven_or_overconstrained
1.764406779661017,4.3,0.9812991263911884,0.40265368173954563,underdriven_or_overconstrained
1.764406779661017,4.3999999999999995,0.9803715849883675,0.3931305161682938,underdriven_or_overconstrained
1.764406779661017,4.5,0.9793114663751618,0.38397862014935724,underdriven_or_overconstrained
1.764406779661017,4.6,0.9781272769876612,0.37517704323660844,underdriven_or_overconstrained
1.764406779661017,4.7,0.9768269160143731,0.36670639003640904,underdriven_or_overconstrained
1.764406779661017,4.8,0.9754177278154587,0.35854867749148744,underdriven_or_overconstrained
1.764406779661017,4.9,0.9739065490107416,0.3506872077205749,underdriven_or_overconstrained
1.764406779661017,5.0,0.9722997508584671,0.3431064544554794,underdriven_or_overconstrained
1.764406779661017,5.1,0.9706032774652221,0.33579196139624334,underdriven_or_overconstrained
1.764406779661017,5.2,0.9688226802976905,0.3287302510397313,underdriven_or_overconstrained
1.764406779661017,5.3,0.9669631494071579,0.3219087427351619,underdriven_or_overconstrained
1.764406779661017,5.4,0.9650295417263094,0.3153156788879749,underdriven_or_overconstrained
1.764406779661017,5.5,0.963026406753614,0.3089400583761209,underdriven_or_overconstrained
1.764406779661017,5.6,0.9609580099023736,0.30277157636451907,underdriven_or_overconstrained
1.764406779661017,5.7,0.9588283537584287,0.29680056980747077,underdriven_or_overconstrained
1.764406779661017,5.8,0.9566411974618088,0.29101796801804297,underdriven_or_overconstrained
1.764406779661017,5.9,0.9544000744026543,0.2854152477601733,underdriven_or_overconstrained
1.764406779661017,6.0,0.9521083083999838,0.279984392385419,underdriven_or_overconstrained
1.8652542372881358,0.1,0.32334676614213803,6.031239256600389,overload_or_unbounded
1.8652542372881358,0.2,0.4144005021447282,3.864811462798927,overload_or_unbounded
1.8652542372881358,0.30000000000000004,0.4904278209638934,3.0492419037896306,overload_or_unbounded
1.8652542372881358,0.4,0.5546564546555058,2.5864382557134924,overload_or_unbounded
1.8652542372881358,0.5,0.609453353561473,2.2735709003200038,overload_or_unbounded
1.8652542372881358,0.6,0.656593680937176,2.0411902425744697,overload_or_unbounded
1.8652542372881358,0.7000000000000001,0.6974348682965162,1.8584190618893852,overload_or_unbounded
1.8652542372881358,0.8,0.7330326523066264,1.7091153259818694,overload_or_unbounded
1.8652542372881358,0.9,0.7642204684508024,1.5838505188890926,overload_or_unbounded
1.8652542372881358,1.0,0.7916650265907882,1.4766565453612925,overload_or_unbounded
1.8652542372881358,1.1,0.8159060077953113,1.3835201256991372,overload_or_unbounded
1.8652542372881358,1.2000000000000002,0.8373849347592474,1.3016131648341125,overload_or_unbounded
1.8652542372881358,1.3000000000000003,0.8564665108075858,1.228867529522488,overload_or_unbounded
1.8652542372881358,1.4000000000000001,0.87345462414697,1.1637249562636083,overload_or_unbounded
1.8652542372881358,1.5000000000000002,0.8886045110954978,1.1049822197294863,near_critical
1.8652542372881358,1.6,0.9021321124120322,1.0516910907938999,near_critical
1.8652542372881358,1.7000000000000002,0.9142213504399695,1.0030913221926088,near_critical
1.8652542372881358,1.8000000000000003,0.9250298468618596,0.9585643563761549,near_critical
1.8652542372881358,1.9000000000000001,0.9346934574691604,0.9176004905841312,near_critical
1.8652542372881358,2.0,0.9433298999769413,0.8797750465462915,near_critical
1.8652542372881358,2.1,0.9510416796798353,0.8447307251716375,underdriven_or_overconstrained
1.8652542372881358,2.2,0.9579184665464834,0.8121643085010823,underdriven_or_overconstrained
1.8652542372881358,2.3000000000000003,0.9640390401140019,0.7818164802103603,underdriven_or_overconstrained
1.8652542372881358,2.4000000000000004,0.9694728911648299,0.7534639242421576,underdriven_or_overconstrained
1.8652542372881358,2.5000000000000004,0.974281548829487,0.7269131149063393,underdriven_or_overconstrained
1.8652542372881358,2.6,0.9785196865046543,0.701995381354871,underdriven_or_overconstrained
1.8652542372881358,2.7,0.982236048432329,0.6785629449465023,underdriven_or_overconstrained
1.8652542372881358,2.8000000000000003,0.9854742299761838,0.6564857082861927,underdriven_or_overconstrained
1.8652542372881358,2.9000000000000004,0.9882733378546038,0.63564863139041,underdriven_or_overconstrained
1.8652542372881358,3.0000000000000004,0.9906685513379956,0.615949571043765,underdriven_or_overconstrained
1.8652542372881358,3.1,0.9926916013189042,0.5972974889291712,underdriven_or_overconstrained
1.8652542372881358,3.2,0.9943711809428156,0.5796109558408733,underdriven_or_overconstrained
1.8652542372881358,3.3000000000000003,0.9957332989409279,0.5628168954722604,underdriven_or_overconstrained
1.8652542372881358,3.4000000000000004,0.996801584780492,0.5468495234551004,underdriven_or_overconstrained
1.8652542372881358,3.5000000000000004,0.997597553127774,0.5316494465942447,underdriven_or_overconstrained
1.8652542372881358,3.6,0.998140833815199,0.517162894356698,underdriven_or_overconstrained
1.8652542372881358,3.7,0.9984493724503538,0.5033410601839737,underdriven_or_overconstrained
1.8652542372881358,3.8000000000000003,0.9985396059482512,0.49013953449868436,underdriven_or_overconstrained
1.8652542372881358,3.9000000000000004,0.9984266165692496,0.47751781466078186,underdriven_or_overconstrained
1.8652542372881358,4.0,0.9981242674718396,0.4654388798104913,underdriven_or_overconstrained
1.8652542372881358,4.1,0.9976453223174753,0.4538688206739899,underdriven_or_overconstrained
1.8652542372881358,4.2,0.9970015510742993,0.4427765161248049,underdriven_or_overconstrained
1.8652542372881358,4.3,0.9962038238425445,0.4321333496802208,underdriven_or_overconstrained
1.8652542372881358,4.3999999999999995,0.9952621942543671,0.42191296023764685,underdriven_or_overconstrained
1.8652542372881358,4.5,0.9941859737750051,0.4120910222747244,underdriven_or_overconstrained
1.8652542372881358,4.6,0.992983798042596,0.4026450514907432,underdriven_or_overconstrained
1.8652542372881358,4.7,0.9916636862243685,0.39355423248825017,underdriven_or_overconstrained
1.8652542372881358,4.8,0.9902330942320623,0.38479926560818667,underdriven_or_overconstrained
1.8652542372881358,4.9,0.9886989625251429,0.37636223045967476,underdriven_or_overconstrained
1.8652542372881358,5.0,0.9870677591332417,0.36822646404275683,underdriven_or_overconstrained
1.8652542372881358,5.1,0.985345518446436,0.36037645166178234,underdriven_or_overconstrained
1.8652542372881358,5.2,0.9835378762511946,0.3527977290790221,underdriven_or_overconstrained
1.8652542372881358,5.3,0.9816501014291437,0.34547679457076197,underdriven_or_overconstrained
1.8652542372881358,5.4,0.9796871246836567,0.3384010297283001,underdriven_or_overconstrained
1.8652542372881358,5.5,0.9776535646143528,0.33155862799941305,underdriven_or_overconstrained
1.8652542372881358,5.6,0.9755537514207884,0.3249385300964219,underdriven_or_overconstrained
1.8652542372881358,5.7,0.9733917484830399,0.3185303655086487,underdriven_or_overconstrained
1.8652542372881358,5.8,0.9711713720377384,0.3123243994528145,underdriven_or_overconstrained
1.8652542372881358,5.9,0.9688962091427686,0.30631148467728153,underdriven_or_overconstrained
1.8652542372881358,6.0,0.9665696341017729,0.3004830176070625,underdriven_or_overconstrained
1.9661016949152543,0.1,0.3278555497712298,6.445973520925874,overload_or_unbounded
1.9661016949152543,0.2,0.42017894929683675,4.130572721901107,overload_or_unbounded
1.9661016949152543,0.30000000000000004,0.4972664015898741,3.2589210499675363,overload_or_unbounded
1.9661016949152543,0.4,0.5623906465645769,2.7642930085377513,overload_or_unbounded
1.9661016949152543,0.5,0.6179516395843031,2.4299115319247173,overload_or_unbounded
1.9661016949152543,0.6,0.6657492969802734,2.1815513686359247,overload_or_unbounded
1.9661016949152543,0.7000000000000001,0.7071599784439014,1.986212045992556,overload_or_unbounded
1.9661016949152543,0.8,0.7432541419529987,1.8266415353082173,overload_or_unbounded
1.9661016949152543,0.9,0.7748768445088612,1.6927629748216177,overload_or_unbounded
1.9661016949152543,1.0,0.8027040926504375,1.5781978770754366,overload_or_unbounded
1.9661016949152543,1.1,0.8272830928199006,1.4786569917890366,overload_or_unbounded
1.9661016949152543,1.2000000000000002,0.8490615243541806,1.3911177517667364,overload_or_unbounded
1.9661016949152543,1.3000000000000003,0.8684091760423979,1.3133698099207058,overload_or_unbounded
1.9661016949152543,1.4000000000000001,0.8856341735424853,1.2437477497691078,overload_or_unbounded
1.9661016949152543,1.5000000000000002,0.900995312216432,1.1809656069729504,overload_or_unbounded
1.9661016949152543,1.6,0.9147115439252991,1.1240099480437997,near_critical
1.9661016949152543,1.7000000000000002,0.9269693556462993,1.0720682478062884,near_critical
1.9661016949152543,1.8000000000000003,0.9379285669564302,1.0244794140013738,near_critical
1.9661016949152543,1.9000000000000001,0.9477269280355665,0.9806986944881867,near_critical
1.9661016949152543,2.0,0.9564837980678197,0.9402722082700601,near_critical
1.9661016949152543,2.1,0.9643031116931662,0.9028180868152323,near_critical
1.9661016949152543,2.2,0.9712757892483622,0.8680122615778891,near_critical
1.9661016949152543,2.3000000000000003,0.977481708781239,0.8355775845145447,underdriven_or_overconstrained
1.9661016949152543,2.4000000000000004,0.982991330061512,0.8052753833837244,underdriven_or_overconstrained
1.9661016949152543,2.5000000000000004,0.9878670401888086,0.7768988248264528,underdriven_or_overconstrained
1.9661016949152543,2.6,0.9921642749317944,0.7502676394529866,underdriven_or_overconstrained
1.9661016949152543,2.7,0.9959324582276529,0.7252238867194459,underdriven_or_overconstrained
1.9661016949152543,2.8000000000000003,0.9992157933387047,0.7016285231676135,underdriven_or_overconstrained
1.9661016949152543,2.9000000000000004,1.0020539322918092,0.6793585981639384,underdriven_or_overconstrained
1.9661016949152543,3.0000000000000004,1.004482544901071,0.6583049446809279,underdriven_or_overconstrained
1.9661016949152543,3.1,1.0065338045181658,0.638370264210537,underdriven_or_overconstrained
1.9661016949152543,3.2,1.0082368043890226,0.6194675281203741,underdriven_or_overconstrained
1.9661016949152543,3.3000000000000003,1.009617915913509,0.6015186350588959,underdriven_or_overconstrained
1.9661016949152543,3.4000000000000004,1.0107010980508222,0.5844532770383618,underdriven_or_overconstrained
1.9661016949152543,3.5000000000000004,1.011508165470151,0.5682079767289951,underdriven_or_overconstrained
1.9661016949152543,3.6,1.012059021724509,0.5527252661018976,underdriven_or_overconstrained
1.9661016949152543,3.7,1.0123718626570508,0.537952982447173,underdriven_or_overconstrained
1.9661016949152543,3.8000000000000003,1.012463354380979,0.523843662391586,underdriven_or_overconstrained
1.9661016949152543,3.9000000000000004,1.0123487894653844,0.5103540181572559,underdriven_or_overconstrained
1.9661016949152543,4.0,1.0120422243781968,0.4974444831689442,underdriven_or_overconstrained
1.9661016949152543,4.1,1.0115566007587993,0.48507881640355827,underdriven_or_overconstrained
1.9661016949152543,4.2,1.0109038526970928,0.4732237567105036,underdriven_or_overconstrained
1.9661016949152543,4.3,1.0100950018672086,0.4618487198131502,underdriven_or_overconstrained
1.9661016949152543,4.3999999999999995,1.009140242090279,0.45092553190474727,underdriven_or_overconstrained
1.9661016949152543,4.5,1.0080490146716594,0.4404281947341337,underdriven_or_overconstrained
1.9661016949152543,4.6,1.0068300756657955,0.4303326778822118,underdriven_or_overconstrained
1.9661016949152543,4.7,1.0054915560600846,0.42061673459419335,underdriven_or_overconstrained
1.9661016949152543,4.8,1.0040410157323372,0.4112597380824546,underdriven_or_overconstrained
1.9661016949152543,4.9,1.0024854919205652,0.4022425356720359,underdriven_or_overconstrained
1.9661016949152543,5.0,1.000831542845332,0.3935473185425713,underdriven_or_overconstrained
1.9661016949152543,5.1,0.9990852870409278,0.38515750514040425,underdriven_or_overconstrained
1.9661016949152543,5.2,0.9972524388798609,0.37705763660385877,underdriven_or_overconstrained
1.9661016949152543,5.3,0.9953383407136348,0.36923328277192724,underdriven_or_overconstrained
1.9661016949152543,5.4,0.9933479919999048,0.3616709575391995,underdriven_or_overconstrained
1.9661016949152543,5.5,0.9912860757405618,0.35435804248352903,underdriven_or_overconstrained
1.9661016949152543,5.6,0.9891569825159512,0.3472827178324769,underdriven_or_overconstrained
1.9661016949152543,5.7,0.986964832366378,0.3404338999539097,underdriven_or_overconstrained
1.9661016949152543,5.8,0.984713494742505,0.3338011846584763,underdriven_or_overconstrained
1.9661016949152543,5.9,0.9824066067205556,0.3273747956896996,underdriven_or_overconstrained
1.9661016949152543,6.0,0.9800475896558407,0.32114553785332633,underdriven_or_overconstrained
2.0669491525423727,0.1,0.3320678176490852,6.863672942763718,overload_or_unbounded
2.0669491525423727,0.2,0.42557738251631133,4.398234050666454,overload_or_unbounded
2.0669491525423727,0.30000000000000004,0.5036552496408385,3.4700993047288273,overload_or_unbounded
2.0669491525423727,0.4,0.5696162068974227,2.943419340302571,overload_or_unbounded
2.0669491525423727,0.5,0.6258910441278753,2.5873699264879453,overload_or_unbounded
2.0669491525423727,0.6,0.6743028028774029,2.322916011607324,overload_or_unbounded
2.0669491525423727,0.7000000000000001,0.7162455262218258,2.1149186906235267,overload_or_unbounded
2.0669491525423727,0.8,0.7528034253170174,1.9450080024875054,overload_or_unbounded
2.0669491525423727,0.9,0.784832414404494,1.8024541042679478,overload_or_unbounded
2.0669491525423727,1.0,0.8130171853135139,1.6804651821861525,overload_or_unbounded
2.0669491525423727,1.1,0.837911974960861,1.5744740423185974,overload_or_unbounded
2.0669491525423727,1.2000000000000002,0.8599702144399688,1.4812622549569798,overload_or_unbounded
2.0669491525423727,1.3000000000000003,0.8795664435635081,1.3984762424063855,overload_or_unbounded
2.0669491525423727,1.4000000000000001,0.8970127467688563,1.3243426691097095,overload_or_unbounded
2.0669491525423727,1.5000000000000002,0.9125712444048479,1.257492240171426,overload_or_unbounded
2.0669491525423727,1.6,0.926463701412548,1.1968458515599598,overload_or_unbounded
2.0669491525423727,1.7000000000000002,0.938879000742348,1.1415383264260153,near_critical
2.0669491525423727,1.8000000000000003,0.9499790153233111,1.0908657336975305,near_critical
2.0669491525423727,1.9000000000000001,0.9599032651411252,1.0442480212663712,near_critical
2.0669491525423727,2.0,0.9687726428993363,1.001201896623509,near_critical
2.0669491525423727,2.1,0.9766924185837632,0.9613207461363188,near_critical
2.0669491525423727,2.2,0.9837546806700396,0.9242595016002412,near_critical
2.0669491525423727,2.3000000000000003,0.9900403334742278,0.8897230557640534,near_critical
2.0669491525423727,2.4000000000000004,0.995620742028818,0.8574572704125306,near_critical
2.0669491525423727,2.5000000000000004,1.0005590949790446,0.8272419093741996,underdriven_or_overconstrained
2.0669491525423727,2.6,1.0049115403289093,0.798885021793419,underdriven_or_overconstrained
2.0669491525423727,2.7,1.0087281370112915,0.7722184325707908,underdriven_or_overconstrained
2.0669491525423727,2.8000000000000003,1.0120536562092992,0.7470940882247217,underdriven_or_overconstrained
2.0669491525423727,2.9000000000000004,1.0149282593965867,0.7233810709141655,underdriven_or_overconstrained
2.0669491525423727,3.0000000000000004,1.01738807467083,0.7009631395825293,underdriven_or_overconstrained
2.0669491525423727,3.1,1.0194656887449414,0.6797366907733493,underdriven_or_overconstrained
2.0669491525423727,3.2,1.02119056865308,0.659609056394296,underdriven_or_overconstrained
2.0669491525423727,3.3000000000000003,1.0225894246132317,0.640497074122155,underdriven_or_overconstrained
2.0669491525423727,3.4000000000000004,1.0236865234078227,0.6223258800078961,underdriven_or_overconstrained
2.0669491525423727,3.5000000000000004,1.0245039599795664,0.6050278833874485,underdriven_or_overconstrained
2.0669491525423727,3.6,1.0250618936010978,0.5885418923006303,underdriven_or_overconstrained
2.0669491525423727,3.7,1.0253787538946417,0.5728123638912118,underdriven_or_overconstrained
2.0669491525423727,3.8000000000000003,1.0254714210985947,0.557788759156885,underdriven_or_overconstrained
2.0669491525423727,3.9000000000000004,1.0253553842600323,0.5434249852694953,underdriven_or_overconstrained
2.0669491525423727,4.0,1.0250448804435164,0.529678911737656,underdriven_or_overconstrained
2.0669491525423727,4.1,1.0245530175618154,0.5165119491180793,underdriven_or_overconstrained
2.0669491525423727,4.2,1.0238918830332806,0.5038886809358699,underdriven_or_overconstrained
2.0669491525423727,4.3,1.0230726401378325,0.49177654105166985,underdriven_or_overconstrained
2.0669491525423727,4.3999999999999995,1.0221056136661886,0.48014552999457516,underdriven_or_overconstrained
2.0669491525423727,4.5,1.0210003662250131,0.4689679648253874,underdriven_or_overconstrained
2.0669491525423727,4.6,1.019765766365999,0.4582182579525923,underdriven_or_overconstrained
2.0669491525423727,4.7,1.0184100495429678,0.4478727210305262,underdriven_or_overconstrained
2.0669491525423727,4.8,1.0169408727625744,0.4379093906546466,underdriven_or_overconstrained
2.0669491525423727,4.9,1.01536536367683,0.4283078730556534,underdriven_or_overconstrained
2.0669491525423727,5.0,1.0136901647659111,0.4190492054006877,underdriven_or_overconstrained
2.0669491525423727,5.1,1.0119214731746595,0.41011573165054743,underdriven_or_overconstrained
2.0669491525423727,5.2,1.0100650766934887,0.40149099120851023,underdriven_or_overconstrained
2.0669491525423727,5.3,1.0081263863121048,0.3931596188383792,underdriven_or_overconstrained
2.0669491525423727,5.4,1.0061104657208866,0.3851072545344071,underdriven_or_overconstrained
2.0669491525423727,5.5,1.0040220580886445,0.3773204622000314,underdriven_or_overconstrained
2.0669491525423727,5.6,1.0018656104056292,0.3697866561409397,underdriven_or_overconstrained
2.0669491525423727,5.7,0.9996452956461692,0.36249403450505596,underdriven_or_overconstrained
2.0669491525423727,5.8,0.9973650329753911,0.3554315189110138,underdriven_or_overconstrained
2.0669491525423727,5.9,0.995028506198449,0.34858869960040456,underdriven_or_overconstrained
2.0669491525423727,6.0,0.9926391806280158,0.3419557855299054,underdriven_or_overconstrained
2.1677966101694914,0.1,0.3360118886957663,7.284054332913307,overload_or_unbounded
2.1677966101694914,0.2,0.43063209526862833,4.66761398176759,overload_or_unbounded
2.1677966101694914,0.30000000000000004,0.5096373171042884,3.682633494781834,overload_or_unbounded
2.1677966101694914,0.4,0.5763817128270534,3.123695808075429,overload_or_unbounded
2.1677966101694914,0.5,0.6333249435132425,2.7458393313675833,overload_or_unbounded
2.1677966101694914,0.6,0.6823117035301458,2.4651883299860353,overload_or_unbounded
2.1677966101694914,0.7000000000000001,0.7247525934296202,2.2444517360689686,overload_or_unbounded
2.1677966101694914,0.8,0.7617447018750874,2.06413447817423,overload_or_unbounded
2.1677966101694914,0.9,0.7941541090633265,1.9128495395329463,overload_or_unbounded
2.1677966101694914,1.0,0.8226736391178925,1.7833891261555666,overload_or_unbounded
2.1677966101694914,1.1,0.8478641117969662,1.6709063158525725,overload_or_unbounded
2.1677966101694914,1.2000000000000002,0.8701843437337781,1.571985558807206,overload_or_unbounded
2.1677966101694914,1.3000000000000003,0.8900133232649222,1.4841291270610628,overload_or_unbounded
2.1677966101694914,1.4000000000000001,0.9076668415501026,1.405455073053972,overload_or_unbounded
2.1677966101694914,1.5000000000000002,0.9234101322217169,1.3345102362842662,overload_or_unbounded
2.1677966101694914,1.6,0.937467594190871,1.270149420519199,overload_or_unbounded
2.1677966101694914,1.7000000000000002,0.9500303538285358,1.2114544591691896,overload_or_unbounded
2.1677966101694914,1.8000000000000003,0.9612622066780684,1.157678307289312,overload_or_unbounded
2.1677966101694914,1.9000000000000001,0.9713043298467047,1.1082053861498085,near_critical
2.1677966101694914,2.0,0.9802790519176104,1.0625228028835794,near_critical
2.1677966101694914,2.1,0.988292893200427,1.020199039873564,near_critical
2.1677966101694914,2.2,0.9954390359337826,0.9808678944216547,near_critical
2.1677966101694914,2.3000000000000003,1.001799345359049,0.9442161847562442,near_critical
2.1677966101694914,2.4000000000000004,1.0074460341330373,0.9099742073842899,near_critical
2.1677966101694914,2.5000000000000004,1.01244304141185,0.8779082372649192,near_critical
2.1677966101694914,2.6,1.0168471820865077,0.8478145670721273,underdriven_or_overconstrained
2.1677966101694914,2.7,1.0207091096551482,0.8195147214368702,underdriven_or_overconstrained
2.1677966101694914,2.8000000000000003,1.024074127061916,0.7928515790025366,underdriven_or_overconstrained
2.1677966101694914,2.9000000000000004,1.0269828727905732,0.7676862035646657,underdriven_or_overconstrained
2.1677966101694914,3.0000000000000004,1.0294719040432634,0.7438952346165726,underdriven_or_overconstrained
2.1677966101694914,3.1,1.031574194575256,0.7213687232705043,underdriven_or_overconstrained
2.1677966101694914,3.2,1.0333195614096882,0.7000083257642962,underdriven_or_overconstrained
2.1677966101694914,3.3000000000000003,1.0347350320099755,0.6797257863075287,underdriven_or_overconstrained
2.1677966101694914,3.4000000000000004,1.0358451613825423,0.6604416557369249,underdriven_or_overconstrained
2.1677966101694914,3.5000000000000004,1.036672306898495,0.642084203643184,underdriven_or_overconstrained
2.1677966101694914,3.6,1.037236867268316,0.6245884902241884,underdriven_or_overconstrained
2.1677966101694914,3.7,1.037557491008491,0.6078955707740998,underdriven_or_overconstrained
2.1677966101694914,3.8000000000000003,1.0376512588491713,0.5919518109135102,underdriven_or_overconstrained
2.1677966101694914,3.9000000000000004,1.0375338438055826,0.5767082947532985,underdriven_or_overconstrained
2.1677966101694914,4.0,1.037219652040258,0.5621203114235126,underdriven_or_overconstrained
2.1677966101694914,4.1,1.0367219471526545,0.5481469079819121,underdriven_or_overconstrained
2.1677966101694914,4.2,1.0360529601270896,0.5347504987903742,underdriven_or_overconstrained
2.1677966101694914,4.3,1.0352239868331732,0.5218965231216509,underdriven_or_overconstrained
2.1677966101694914,4.3999999999999995,1.0342454746923213,0.5095531441184433,underdriven_or_overconstrained
2.1677966101694914,4.5,1.033127099889202,0.49769098333645545,underdriven_or_overconstrained
2.1677966101694914,4.6,1.0318778363100096,0.4862828860134496,underdriven_or_overconstrained
2.1677966101694914,4.7,1.0305060172235703,0.4753037129567062,underdriven_or_overconstrained
2.1677966101694914,4.8,1.0290193905811484,0.46473015556260194,underdriven_or_overconstrained
2.1677966101694914,4.9,1.027425168692059,0.45454057099866607,underdriven_or_overconstrained
2.1677966101694914,5.0,1.0257300729312475,0.44471483500985276,underdriven_or_overconstrained
2.1677966101694914,5.1,1.0239403740489403,0.4352342101723478,underdriven_or_overconstrained
2.1677966101694914,5.2,1.022061928578908,0.4260812277224327,underdriven_or_overconstrained
2.1677966101694914,5.3,1.0201002117788371,0.4172395813447818,underdriven_or_overconstrained
2.1677966101694914,5.4,1.0180603474821057,0.40869403152216355,underdriven_or_overconstrained
2.1677966101694914,5.5,1.015947135193591,0.40043031923346767,underdriven_or_overconstrained
2.1677966101694914,5.6,1.013765074721807,0.39243508794467047,underdriven_or_overconstrained
2.1677966101694914,5.7,1.0115183886047754,0.3846958129721997,underdriven_or_overconstrained
2.1677966101694914,5.8,1.009211042556745,0.37720073741381566,underdriven_or_overconstrained
2.1677966101694914,5.9,1.0068467641365515,0.3699388139415826,underdriven_or_overconstrained
2.1677966101694914,6.0,1.0044290598154457,0.3628996518372754,underdriven_or_overconstrained
2.26864406779661,0.1,0.3397125869373892,7.706869451113483,overload_or_unbounded
2.26864406779661,0.2,0.4353749019708933,4.938553443118989,overload_or_unbounded
2.26864406779661,0.30000000000000004,0.5152502551779792,3.8963981161340397,overload_or_unbounded
2.26864406779661,0.4,0.5827297465214621,3.305015956436344,overload_or_unbounded
2.26864406779661,0.5,0.6403001267840864,2.90522616847627,overload_or_unbounded
2.26864406779661,0.6,0.6898264070464222,2.6082843102588593,overload_or_unbounded
2.26864406779661,0.7000000000000001,0.7327347236409266,2.374734691509395,overload_or_unbounded
2.26864406779661,0.8,0.7701342481192295,2.183950616753366,overload_or_unbounded
2.26864406779661,0.9,0.8029005993330479,2.0238840907858466,overload_or_unbounded
2.26864406779661,1.0,0.8317342318889703,1.8869089311582827,overload_or_unbounded
2.26864406779661,1.1,0.8572021421858348,1.7678968679749458,overload_or_unbounded
2.26864406779661,1.2000000000000002,0.8797682000766085,1.6632340901165823,overload_or_unbounded
2.26864406779661,1.3000000000000003,0.8998155679212403,1.570277884827353,overload_or_unbounded
2.26864406779661,1.4000000000000001,0.9176635148747931,1.4870370637529182,overload_or_unbounded
2.26864406779661,1.5000000000000002,0.9335801957449863,1.4119741152595071,overload_or_unbounded
2.26864406779661,1.6,0.9477924808812398,1.3438773682834104,overload_or_unbounded
2.26864406779661,1.7000000000000002,0.9604936016426181,1.2817753597194856,overload_or_unbounded
2.26864406779661,1.8000000000000003,0.9718491575499555,1.2248776811493551,overload_or_unbounded
2.26864406779661,1.9000000000000001,0.9820018805777115,1.1725330215461793,overload_or_unbounded
2.26864406779661,2.0,0.9910754465862999,1.1241987163184426,near_critical
2.26864406779661,2.1,0.9991775490567164,1.0794181996871792,near_critical
2.26864406779661,2.2,1.0064023964988558,1.0378040121061005,near_critical
2.26864406779661,2.3000000000000003,1.0128327557845531,0.9990247926437907,near_critical
2.26864406779661,2.4000000000000004,1.018541634891443,0.9627951824168052,near_critical
2.26864406779661,2.5000000000000004,1.0235936771754808,0.9288678894233091,near_critical
2.26864406779661,2.6,1.0280463232637829,0.8970273818048066,near_critical
2.26864406779661,2.7,1.0319507845315075,0.867084824290912,near_critical
2.26864406779661,2.8000000000000003,1.0353528628709958,0.8388739751530435,underdriven_or_overconstrained
2.26864406779661,2.9000000000000004,1.038293644341737,0.8122478334023466,underdriven_or_overconstrained
2.26864406779661,3.0000000000000004,1.040810088772026,0.7870758778651733,underdriven_or_overconstrained
2.26864406779661,3.1,1.0429355330766585,0.7632417774866633,underdriven_or_overconstrained
2.26864406779661,3.2,1.0447001226713337,0.7406414799764724,underdriven_or_overconstrained
2.26864406779661,3.3000000000000003,1.0461311826889534,0.7191816065891958,underdriven_or_overconstrained
2.26864406779661,3.4000000000000004,1.0472535385747932,0.6987780964019744,underdriven_or_overconstrained
2.26864406779661,3.5000000000000004,1.0480897939349492,0.6793550552939125,underdriven_or_overconstrained
2.26864406779661,3.6,1.048660572143002,0.6608437739234503,underdriven_or_overconstrained
2.26864406779661,3.7,1.0489847271026111,0.6431818860406986,underdriven_or_overconstrained
2.26864406779661,3.8000000000000003,1.049079527664141,0.6263126439689798,underdriven_or_overconstrained
2.26864406779661,3.9000000000000004,1.0489608194590303,0.6101842924145642,underdriven_or_overconstrained
2.26864406779661,4.0,1.0486431673134258,0.5947495251902629,underdriven_or_overconstrained
2.26864406779661,4.1,1.048139980906673,0.579965012171799,underdriven_or_overconstrained
2.26864406779661,4.2,1.0474636259301737,0.5657909859998134,underdriven_or_overconstrained
2.26864406779661,4.3,1.0466255226616512,0.552190879811833,underdriven_or_overconstrained
2.26864406779661,4.3999999999999995,1.0456362335861702,0.5391310087269219,underdriven_or_overconstrained
2.26864406779661,4.5,1.0445055414579603,0.5265802889798418,underdriven_or_overconstrained
2.26864406779661,4.6,1.0432425189979475,0.5145099895647579,underdriven_or_overconstrained
2.26864406779661,4.7,1.0418555912541902,0.5028935120424572,underdriven_or_overconstrained
2.26864406779661,4.8,1.0403525915107366,0.49170619482242967,underdriven_or_overconstrained
2.26864406779661,4.9,1.0387408115103416,0.4809251387777904,underdriven_or_overconstrained
2.26864406779661,5.0,1.0370270466544402,0.47052905150744684,underdriven_or_overconstrained
2.26864406779661,5.1,1.0352176367567503,0.46049810794247603,underdriven_or_overconstrained
2.26864406779661,5.2,1.0333185028525236,0.4508138253155485,underdriven_or_overconstrained
2.26864406779661,5.3,1.0313351805017061,0.44145895078398906,underdriven_or_overconstrained
2.26864406779661,5.4,1.029272849969493,0.43241736022729643,underdriven_or_overconstrained
2.26864406779661,5.5,1.0271363636205555,0.4236739669356282,underdriven_or_overconstrained
2.26864406779661,5.6,1.024930270822468,0.4152146390726009,underdriven_or_overconstrained
2.26864406779661,5.7,1.0226588406185677,0.40702612493843376,underdriven_or_overconstrained
2.26864406779661,5.8,1.0203260823998672,0.39909598518183004,underdriven_or_overconstrained
2.26864406779661,5.9,1.0179357647790181,0.39141253121422453,underdriven_or_overconstrained
2.26864406779661,6.0,1.01549143284612,0.3839647691707716,underdriven_or_overconstrained
2.369491525423729,0.1,0.3431917645096191,8.131899776007582,overload_or_unbounded
2.369491525423729,0.2,0.4398338082719662,5.210912406476345,overload_or_unbounded
2.369491525423729,0.30000000000000004,0.5205272075219067,4.111282689918788,overload_or_unbounded
2.369491525423729,0.4,0.588697792283459,3.4872860746282863,overload_or_unbounded
2.369491525423729,0.5,0.6468577814788584,3.0654480627370986,overload_or_unbounded
2.369491525423729,0.6,0.6968912867606676,2.7521299968683994,overload_or_unbounded
2.369491525423729,0.7000000000000001,0.7402390502832462,2.5057002234769445,overload_or_unbounded
2.369491525423729,0.8,0.7780216032149544,2.3043944942680215,overload_or_unbounded
2.369491525423729,0.9,0.8111235320866237,2.135500372612241,overload_or_unbounded
2.369491525423729,1.0,0.8402524652336101,1.9909710955874356,overload_or_unbounded
2.369491525423729,1.1,0.8659812059669186,1.86539557155894,overload_or_unbounded
2.369491525423729,1.2000000000000002,0.8887783748777903,1.7549606893773315,overload_or_unbounded
2.369491525423729,1.3000000000000003,0.909031058496018,1.6568779918871355,overload_or_unbounded
2.369491525423729,1.4000000000000001,0.9270617957821603,1.5690464776070945,overload_or_unbounded
2.369491525423729,1.5000000000000002,0.9431414878601723,1.4898438418401365,overload_or_unbounded
2.369491525423729,1.6,0.9574993285795791,1.4179915904176392,overload_or_unbounded
2.369491525423729,1.7000000000000002,0.9703305282847303,1.3524646844885873,overload_or_unbounded
2.369491525423729,1.8000000000000003,0.9818023824893701,1.2924291249718827,overload_or_unbounded
2.369491525423729,1.9000000000000001,0.9920590849621438,1.2371976813354832,overload_or_unbounded
2.369491525423729,2.0,1.001225578193835,1.1861977612838825,overload_or_unbounded
2.369491525423729,2.1,1.0094106586117486,1.138947619644249,near_critical
2.369491525423729,2.2,1.0167094995653152,1.095038428653552,near_critical
2.369491525423729,2.3000000000000003,1.023205715585995,1.0541205529765811,near_critical
2.369491525423729,2.4000000000000004,1.0289730623650142,1.0158928963180012,near_critical
2.369491525423729,2.5000000000000004,1.0340768453053728,0.980094528635194,near_critical
2.369491525423729,2.6,1.0385750933142488,0.9464980315862579,near_critical
2.369491525423729,2.7,1.0425195422497746,0.9149041557220244,near_critical
2.369491525423729,2.8000000000000003,1.04595646308587,0.8851374911586236,near_critical
2.369491525423729,2.9000000000000004,1.0489273626662463,0.8570429298699079,near_critical
2.369491525423729,3.0000000000000004,1.0514695793444893,0.8304827524992068,underdriven_or_overconstrained
2.369491525423729,3.1,1.0536167914564978,0.8053342123871974,underdriven_or_overconstrained
2.369491525423729,3.2,1.0553994531532322,0.7814875188073193,underdriven_or_overconstrained
2.369491525423729,3.3000000000000003,1.0568451694188372,0.7588441432190727,underdriven_or_overconstrained
2.369491525423729,3.4000000000000004,1.0579790199491979,0.737315388778155,underdriven_or_overconstrained
2.369491525423729,3.5000000000000004,1.0588238398459815,0.7168211758376184,underdriven_or_overconstrained
2.369491525423729,3.6,1.0594004636977241,0.697289005767146,underdriven_or_overconstrained
2.369491525423729,3.7,1.0597279385009561,0.6786530728466958,underdriven_or_overconstrained
2.369491525423729,3.8000000000000003,1.0598237099655383,0.6608534997911786,underdriven_or_overconstrained
2.369491525423729,3.9000000000000004,1.0597037860064615,0.6438356770260901,underdriven_or_overconstrained
2.369491525423729,4.0,1.0593828806160164,0.6275496894496572,underdriven_or_overconstrained
2.369491525423729,4.1,1.0588745408092177,0.6119498173010693,underdriven_or_overconstrained
2.369491525423729,4.2,1.0581912589211009,0.5969941000692894,underdriven_or_overconstrained
2.369491525423729,4.3,1.057344572190537,0.582643954246106,underdriven_or_overconstrained
2.369491525423729,4.3999999999999995,1.0563451512786266,0.5688638372448075,underdriven_or_overconstrained
2.369491525423729,4.5,1.055202879129997,0.5556209510447215,underdriven_or_overconstrained
2.369491525423729,4.6,1.0539269213841422,0.5428849801381838,underdriven_or_overconstrained
2.369491525423729,4.7,1.0525257893745263,0.5306278591942257,underdriven_or_overconstrained
2.369491525423729,4.8,1.051007396610032,0.5188235665469014,underdriven_or_overconstrained
2.369491525423729,4.9,1.0493791095120364,0.5074479401929529,underdriven_or_overconstrained
2.369491525423729,5.0,1.0476477930773005,0.4964785134651072,underdriven_or_overconstrained
2.369491525423729,5.1,1.0458198520489517,0.4858943679509587,underdriven_or_overconstrained
2.369491525423729,5.2,1.0439012681027178,0.4756760015670141,underdriven_or_overconstrained
2.369491525423729,5.3,1.0418976334911636,0.46580520998421715,underdriven_or_overconstrained
2.369491525423729,5.4,1.0398141815333393,0.456264979844196,underdriven_or_overconstrained
2.369491525423729,5.5,1.0376558142895675,0.4470393924119616,underdriven_or_overconstrained
2.369491525423729,5.6,1.0354271277199198,0.43811353648681844,underdriven_or_overconstrained
2.369491525423729,5.7,1.0331324345892805,0.42947342954380435,underdriven_or_overconstrained
2.369491525423729,5.8,1.0307757853509711,0.4211059462070888,underdriven_or_overconstrained
2.369491525423729,5.9,1.028360987214013,0.4129987532677938,underdriven_or_overconstrained
2.369491525423729,6.0,1.025891621575662,0.40514025055445635,underdriven_or_overconstrained
2.4703389830508473,0.1,0.34646873347081336,8.558952187012041,overload_or_unbounded
2.4703389830508473,0.2,0.44403356446323317,5.484567120382731,overload_or_unbounded
2.4703389830508473,0.30000000000000004,0.5254974651996914,4.327189579257345,overload_or_unbounded
2.4703389830508473,0.4,0.594318977266126,3.6704233447685537,overload_or_unbounded
2.4703389830508473,0.5,0.6530343075247035,3.2264322142957806,overload_or_unbounded
2.4703389830508473,0.6,0.7035455580812646,2.896660030800687,overload_or_unbounded
2.4703389830508473,0.7000000000000001,0.7473072280266959,2.637288825300022,overload_or_unbounded
2.4703389830508473,0.8,0.7854505479290476,2.4254113847597174,overload_or_unbounded
2.4703389830508473,0.9,0.8188685507998208,2.2476476700390564,overload_or_unbounded
2.4703389830508473,1.0,0.848275621768476,2.095528336826362,overload_or_unbounded
2.4703389830508473,1.1,0.8742500335624352,1.963358126220723,overload_or_unbounded
2.4703389830508473,1.2000000000000002,0.8972648813999291,1.8471236788706162,overload_or_unbounded
2.4703389830508473,1.3000000000000003,0.9177109479091846,1.7438900998404645,overload_or_unbounded
2.4703389830508473,1.4000000000000001,0.9359138518162788,1.6514460520850196,overload_or_unbounded
2.4703389830508473,1.5000000000000002,0.9521470809464415,1.5680840344400433,overload_or_unbounded
2.4703389830508473,1.6,0.9666420176082713,1.4924584117203976,overload_or_unbounded
2.4703389830508473,1.7000000000000002,0.9795957361134547,1.4234903144420339,overload_or_unbounded
2.4703389830508473,1.8000000000000003,0.9911771293981179,1.3603019454781136,overload_or_unbounded
2.4703389830508473,1.9000000000000001,1.001531768066113,1.3021699839039784,overload_or_unbounded
2.4703389830508473,2.0,1.0107857876224706,1.248491767338772,overload_or_unbounded
2.4703389830508473,2.1,1.0190490233379415,1.1987602514245757,overload_or_unbounded
2.4703389830508473,2.2,1.0264175573253478,1.1525451385221064,overload_or_unbounded
2.4703389830508473,2.3000000000000003,1.0329758025100881,1.1094784319516973,near_critical
2.4703389830508473,2.4000000000000004,1.0387982188401215,1.0692432231352236,near_critical
2.4703389830508473,2.5000000000000004,1.0439507352875446,1.031564879106167,near_critical
2.4703389830508473,2.6,1.0484919348489612,0.9962040384891531,near_critical
2.4703389830508473,2.7,1.0524740473827066,0.9629509881106683,near_critical
2.4703389830508473,2.8000000000000003,1.055943785681418,0.9316211063139628,near_critical
2.4703389830508473,2.9000000000000004,1.0589430529171944,0.9020511394662831,near_critical
2.4703389830508473,3.0000000000000004,1.0615095439691513,0.8740961357825071,near_critical
2.4703389830508473,3.1,1.0636772587510133,0.8476269024765455,underdriven_or_overconstrained
2.4703389830508473,3.2,1.0654769422054138,0.8225278830849526,underdriven_or_overconstrained
2.4703389830508473,3.3000000000000003,1.0669364629028817,0.7986953747719312,underdriven_or_overconstrained
2.4703389830508473,3.4000000000000004,1.0680811400129533,0.7760360227162907,underdriven_or_overconstrained
2.4703389830508473,3.5000000000000004,1.068934026678424,0.7544655418323498,underdriven_or_overconstrained
2.4703389830508473,3.6,1.0695161564270435,0.7339076261734538,underdriven_or_overconstrained
2.4703389830508473,3.7,1.0698467581257223,0.7142930141860926,underdriven_or_overconstrained
2.4703389830508473,3.8000000000000003,1.069943444064803,0.6955586840876227,underdriven_or_overconstrained
2.4703389830508473,3.9000000000000004,1.0698223750109652,0.6776471584434948,underdriven_or_overconstrained
2.4703389830508473,4.0,1.0694984054531573,0.6605059008254138,underdriven_or_overconstrained
2.4703389830508473,4.1,1.068985211760162,0.6440867904673154,underdriven_or_overconstrained
2.4703389830508473,4.2,1.0682954055501626,0.628345663272543,underdriven_or_overconstrained
2.4703389830508473,4.3,1.0674406342254361,0.6132419094929338,underdriven_or_overconstrained
2.4703389830508473,4.3999999999999995,1.0664316703359658,0.5987381199979469,underdriven_or_overconstrained
2.4703389830508473,4.5,1.065278491193744,0.5847997743558878,underdriven_or_overconstrained
2.4703389830508473,4.6,1.0639903499564385,0.571394965018979,underdriven_or_overconstrained
2.4703389830508473,4.7,1.0625758392280396,0.5584941527857439,underdriven_or_overconstrained
2.4703389830508473,4.8,1.0610429480796248,0.5460699494442278,underdriven_or_overconstrained
2.4703389830508473,4.9,1.0593991132708978,0.5340969241066528,underdriven_or_overconstrained
2.4703389830508473,5.0,1.0576512653490884,0.5225514302529818,underdriven_or_overconstrained
2.4703389830508473,5.1,1.0558058702130593,0.5114114509257341,underdriven_or_overconstrained
2.4703389830508473,5.2,1.0538689666546102,0.5006564598758456,underdriven_or_overconstrained
2.4703389830508473,5.3,1.0518462003239688,0.4902672967611719,underdriven_or_overconstrained
2.4703389830508473,5.4,1.0497428545105687,0.4802260547549133,underdriven_or_overconstrained
2.4703389830508473,5.5,1.04756387808209,0.4705159791385658,underdriven_or_overconstrained
2.4703389830508473,5.6,1.045313910883161,0.4611213756392879,underdriven_or_overconstrained
2.4703389830508473,5.7,1.0429973068591314,0.4520275274300279,underdriven_or_overconstrained
2.4703389830508473,5.8,1.040618155139105,0.44322061984665256,underdriven_or_overconstrained
2.4703389830508473,5.9,1.0381802992852645,0.4346876719931838,underdriven_or_overconstrained
2.4703389830508473,6.0,1.0356873548918628,0.42641647450703113,underdriven_or_overconstrained
2.571186440677966,0.1,0.34956062445081065,8.98785537782847,overload_or_unbounded
2.571186440677966,0.2,0.4479961251221031,5.759407811951105,overload_or_unbounded
2.571186440677966,0.30000000000000004,0.5301870106498272,4.5440321760214,overload_or_unbounded
2.571186440677966,0.4,0.5996226866849882,3.8543543038183348,overload_or_unbounded
2.571186440677966,0.5,0.6588619932290891,3.3881140465373836,overload_or_unbounded
2.571186440677966,0.6,0.709824006769137,3.0418164357875166,overload_or_unbounded
2.571186440677966,0.7000000000000001,0.7539762063627085,2.769447711990868,overload_or_unbounded
2.571186440677966,0.8,0.7924599176925109,2.5469527439397015,overload_or_unbounded
2.571186440677966,0.9,0.8261761432069571,2.3602809966948284,overload_or_unbounded
2.571186440677966,1.0,0.8558456432166553,2.2005387131519765,overload_or_unbounded
2.571186440677966,1.1,0.8820518509615275,2.0617452356065287,overload_or_unbounded
2.571186440677966,1.2000000000000002,0.9052720835669971,1.9396860886597942,overload_or_unbounded
2.571186440677966,1.3000000000000003,0.9259006110099799,1.8312793049571565,overload_or_unbounded
2.571186440677966,1.4000000000000001,0.9442659578418261,1.7342027337119248,overload_or_unbounded
2.571186440677966,1.5000000000000002,0.9606440524962772,1.6466633080642397,overload_or_unbounded
2.571186440677966,1.6,0.9752683421403266,1.5672479608335548,overload_or_unbounded
2.571186440677966,1.7000000000000002,0.9883376597790954,1.4948237586090605,overload_or_unbounded
2.571186440677966,1.8000000000000003,1.0000224055512223,1.4284689164041469,overload_or_unbounded
2.571186440677966,1.9000000000000001,1.0104694491343105,1.3674238664913014,overload_or_unbounded
2.571186440677966,2.0,1.019806051668094,1.3110557460851684,overload_or_unbounded
2.571186440677966,2.1,1.0281430285945488,1.2588321019999438,overload_or_unbounded
2.571186440677966,2.2,1.035577319464382,1.2103010736729334,overload_or_unbounded
2.571186440677966,2.3000000000000003,1.0421940905049139,1.165076223504756,overload_or_unbounded
2.571186440677966,2.4000000000000004,1.0480684661455384,1.122824762106484,near_critical
2.571186440677966,2.5000000000000004,1.0532669637092618,1.083258294201322,near_critical
2.571186440677966,2.6,1.0578486889880256,1.046125463621144,near_critical
2.571186440677966,2.7,1.0618663379400246,1.0112060481199103,near_critical
2.571186440677966,2.8000000000000003,1.0653670402233972,0.9783061743455771,near_critical
2.571186440677966,2.9000000000000004,1.068393072954634,0.9472544077569722,near_critical
2.571186440677966,3.0000000000000004,1.0709824674023873,0.9178985327962832,near_critical
2.571186440677966,3.1,1.0731695268960046,0.8901028826141273,near_critical
2.571186440677966,3.2,1.0749852707463428,0.8637461100223528,near_critical
2.571186440677966,3.3000000000000003,1.0764578162233756,0.8387193154652597,underdriven_or_overconstrained
2.571186440677966,3.4000000000000004,1.0776127084452012,0.8149244659578117,underdriven_or_overconstrained
2.571186440677966,3.5000000000000004,1.078473206281127,0.7922730527498643,underdriven_or_overconstrained
2.571186440677966,3.6,1.0790605309623484,0.7706849460780991,underdriven_or_overconstrained
2.571186440677966,3.7,1.0793940829544055,0.7500874135784851,underdriven_or_overconstrained
2.571186440677966,3.8000000000000003,1.0794916317199235,0.7304142753430525,underdriven_or_overconstrained
2.571186440677966,3.9000000000000004,1.0793694822444506,0.7116051736483404,underdriven_or_overconstrained
2.571186440677966,4.0,1.0790426215785662,0.6936049393791037,underdriven_or_overconstrained
2.571186440677966,4.1,1.0785248481391259,0.6763630403584351,underdriven_or_overconstrained
2.571186440677966,4.2,1.0778288860905396,0.6598330993540551,underdriven_or_overconstrained
2.571186440677966,4.3,1.0769664867766369,0.643972471596436,underdriven_or_overconstrained
2.571186440677966,4.3999999999999995,1.075948518881761,0.628741873321892,underdriven_or_overconstrained
2.571186440677966,4.5,1.0747850487555524,0.6141050542230407,underdriven_or_overconstrained
2.571186440677966,4.6,1.073485412130964,0.6000285078123333,underdriven_or_overconstrained
2.571186440677966,4.7,1.0720582782924841,0.5864812146302555,underdriven_or_overconstrained
2.571186440677966,4.8,1.0705117076057524,0.5734344139964429,underdriven_or_overconstrained
2.571186440677966,4.9,1.0688532031962024,0.5608614006394461,underdriven_or_overconstrained
2.571186440677966,5.0,1.0670897574593472,0.5487373430731626,underdriven_or_overconstrained
2.571186440677966,5.1,1.0652278939958055,0.53703912103411,underdriven_or_overconstrained
2.571186440677966,5.2,1.0632737054876253,0.5257451796690767,underdriven_or_overconstrained
2.571186440677966,5.3,1.0612328879668818,0.5148353984796161,underdriven_or_overconstrained
2.571186440677966,5.4,1.0591107718711443,0.5042909732983446,underdriven_or_overconstrained
2.571186440677966,5.5,1.0569123502318458,0.4940943098002188,underdriven_or_overconstrained
2.571186440677966,5.6,1.0546423042996411,0.48422892724653627,underdriven_or_overconstrained
2.571186440677966,5.7,1.052305026874539,0.47467937132580307,underdriven_or_overconstrained
2.571186440677966,5.8,1.0499046435770785,0.4654311350983133,underdriven_or_overconstrained
2.571186440677966,5.9,1.0474450322694355,0.4564705871740114,underdriven_or_overconstrained
2.571186440677966,6.0,1.044929840811468,0.4477849063590387,underdriven_or_overconstrained
2.672033898305085,0.1,0.35248268620088885,9.41845686094409,overload_or_unbounded
2.672033898305085,0.2,0.45174103301457297,6.035336767351477,overload_or_unbounded
2.672033898305085,0.30000000000000004,0.534618972020311,4.761733386384295,overload_or_unbounded
2.672033898305085,0.4,0.6046350776543489,4.0390135589918685,overload_or_unbounded
2.672033898305085,0.5,0.6643695798802449,3.550436076885445,overload_or_unbounded
2.672033898305085,0.6,0.7157575972092103,3.187547604520678,overload_or_unbounded
2.672033898305085,0.7000000000000001,0.7602788757109592,2.902129897235659,overload_or_unbounded
2.672033898305085,0.8,0.7990842816854447,2.6689753603328463,overload_or_unbounded
2.672033898305085,0.9,0.8330823492783217,2.473360308168125,overload_or_unbounded
2.672033898305085,1.0,0.8629998638098456,2.305964890332579,overload_or_unbounded
2.672033898305085,1.1,0.8894251355794094,2.1605219202479797,overload_or_unbounded
2.672033898305085,1.2000000000000002,0.9128394717216574,2.0326150101259786,overload_or_unbounded
2.672033898305085,1.3000000000000003,0.9336404380115392,1.9190145378424919,overload_or_unbounded
2.672033898305085,1.4000000000000001,0.9521593052165354,1.8172871000894284,overload_or_unbounded
2.672033898305085,1.5000000000000002,0.9686743083228583,1.7255537255039388,overload_or_unbounded
2.672033898305085,1.6,0.9834208459387956,1.6423336479052026,overload_or_unbounded
2.672033898305085,1.7000000000000002,0.9965994131626166,1.5664396558832157,overload_or_unbounded
2.672033898305085,1.8000000000000003,1.0083818345489057,1.4969058024165252,overload_or_unbounded
2.672033898305085,1.9000000000000001,1.0189162074943998,1.4329361294513125,overload_or_unbounded
2.672033898305085,2.0,1.02833085694546,1.373867454215693,overload_or_unbounded
2.672033898305085,2.1,1.0367375246771258,1.3191418140867543,overload_or_unbounded
2.672033898305085,2.2,1.0442339605812399,1.2682857001974766,overload_or_unbounded
2.672033898305085,2.3000000000000003,1.050906042810201,1.2208941610097876,overload_or_unbounded
2.672033898305085,2.4000000000000004,1.0568295237766674,1.1766184634420311,overload_or_unbounded
2.672033898305085,2.5000000000000004,1.062071476838025,1.1351563954136585,near_critical
2.672033898305085,2.6,1.0666915018658165,1.0962445584690088,near_critical
2.672033898305085,2.7,1.0707427353164882,1.0596521796776166,near_critical
2.672033898305085,2.8000000000000003,1.0742727008163822,1.0251760973589747,near_critical
2.672033898305085,2.9000000000000004,1.0773240288866244,0.9926366636702297,near_critical
2.672033898305085,3.0000000000000004,1.0799350687084341,0.9618743705191221,near_critical
2.672033898305085,3.1,1.0821404103609802,0.9327470513581658,near_critical
2.672033898305085,3.2,1.0839713324530365,0.9051275453454513,near_critical
2.672033898305085,3.3000000000000003,1.0854561872936324,0.878901735628357,near_critical
2.672033898305085,3.4000000000000004,1.0866207335386824,0.8539668925342637,near_critical
2.672033898305085,3.5000000000000004,1.0874884244840048,0.8302302669244714,underdriven_or_overconstrained
2.672033898305085,3.6,1.0880806587541954,0.8076078900781494,underdriven_or_overconstrained
2.672033898305085,3.7,1.088416998987975,0.7860235450776649,underdriven_or_overconstrained
2.672033898305085,3.8000000000000003,1.0885153631872018,0.7654078813847564,underdriven_or_overconstrained
2.672033898305085,3.9000000000000004,1.0883921926347395,0.7456976495822107,underdriven_or_overconstrained
2.672033898305085,4.0,1.0880625996615454,0.7268350374434009,underdriven_or_overconstrained
2.672033898305085,4.1,1.0875404980287768,0.7087670918323137,underdriven_or_overconstrained
2.672033898305085,4.2,1.0868387182652093,0.6914452136178784,underdriven_or_overconstrained
2.672033898305085,4.3,1.0859691099469961,0.6748247149512966,underdriven_or_overconstrained
2.672033898305085,4.3999999999999995,1.0849426326124398,0.658864430012909,underdriven_or_overconstrained
2.672033898305085,4.5,1.0837694367582305,0.6435263717700002,underdriven_or_overconstrained
2.672033898305085,4.6,1.0824589361569694,0.6287754284640613,underdriven_or_overconstrained
2.672033898305085,4.7,1.0810198725617894,0.6145790945162859,underdriven_or_overconstrained
2.672033898305085,4.8,1.0794603737168746,0.6009072313434509,underdriven_or_overconstrained
2.672033898305085,4.9,1.0777880054680975,0.5877318542443637,underdriven_or_overconstrained
2.672033898305085,5.0,1.0760098186620957,0.5750269420748454,underdriven_or_overconstrained
2.672033898305085,5.1,1.074132391431842,0.5627682668967429,underdriven_or_overconstrained
2.672033898305085,5.2,1.072161867389586,0.5509332411798181,underdriven_or_overconstrained
2.672033898305085,5.3,1.0701039901819123,0.5395007804674719,underdriven_or_overconstrained
2.672033898305085,5.4,1.0679641348048061,0.5284511796986117,underdriven_or_overconstrained
2.672033898305085,5.5,1.0657473360276566,0.5177660016171343,underdriven_or_overconstrained
2.672033898305085,5.6,1.063458314232825,0.5074279759043732,underdriven_or_overconstrained
2.672033898305085,5.7,1.0611014989407965,0.497420907844236,underdriven_or_overconstrained
2.672033898305085,5.8,1.0586810502591695,0.4877295954802984,underdriven_or_overconstrained
2.672033898305085,5.9,1.0562008784661077,0.47833975435272014,underdriven_or_overconstrained
2.672033898305085,6.0,1.0536646619148105,0.4692379490137567,underdriven_or_overconstrained
2.772881355932203,0.1,0.3552485371026924,9.85062045254245,overload_or_unbounded
2.772881355932203,0.2,0.4552857414285146,6.312266720144488,overload_or_unbounded
2.772881355932203,0.30000000000000004,0.5388140046382845,4.980224359255556,overload_or_unbounded
2.772881355932203,0.4,0.6093795106159134,4.22434270918489,overload_or_unbounded
2.772881355932203,0.5,0.6695827357984774,3.713346968699352,overload_or_unbounded
2.772881355932203,0.6,0.7213739831289021,3.333807447454474,overload_or_unbounded
2.772881355932203,0.7000000000000001,0.7662446099053727,3.0352934184145024,overload_or_unbounded
2.772881355932203,0.8,0.8053545130120895,2.791440642558852,overload_or_unbounded
2.772881355932203,0.9,0.8396193556540472,2.5868498415254635,overload_or_unbounded
2.772881355932203,1.0,0.8697716260694377,2.411773525846779,overload_or_unbounded
2.772881355932203,1.1,0.8964042508938195,2.259656940619859,overload_or_unbounded
2.772881355932203,1.2000000000000002,0.9200023139686785,2.1258810531818613,overload_or_unbounded
2.772881355932203,1.3000000000000003,0.940966500676537,2.00706805098672,overload_or_unbounded
2.772881355932203,1.4000000000000001,0.9596306811907098,1.9006728746101706,overload_or_unbounded
2.772881355932203,1.5000000000000002,0.9762752737436159,1.8047303365475198,overload_or_unbounded
2.772881355932203,1.6,0.9911375240625037,1.7176917260235758,overload_or_unbounded
2.772881355932203,1.7000000000000002,1.0044195004847547,1.6383153567228894,overload_or_unbounded
2.772881355932203,1.8000000000000003,1.0162943758328764,1.5655909593809654,overload_or_unbounded
2.772881355932203,1.9000000000000001,1.026911409589956,1.4986860536031827,overload_or_unbounded
2.772881355932203,2.0,1.0363999336388157,1.4369070266382222,overload_or_unbounded
2.772881355932203,2.1,1.044872566566609,1.3796703138845616,overload_or_unbounded
2.772881355932203,2.2,1.05242782528619,1.326480679636523,overload_or_unbounded
2.772881355932203,2.3000000000000003,1.0591522618161493,1.2769145912536624,overload_or_unbounded
2.772881355932203,2.4000000000000004,1.0651222229809751,1.2306073141220868,overload_or_unbounded
2.772881355932203,2.5000000000000004,1.070405308447326,1.1872427692337797,overload_or_unbounded
2.772881355932203,2.6,1.0750615857532853,1.1465454721593056,near_critical
2.772881355932203,2.7,1.0791446083049017,1.1082740610086748,near_critical
2.772881355932203,2.8000000000000003,1.0827022726355282,1.0722160520773147,near_critical
2.772881355932203,2.9000000000000004,1.0857775437782253,1.0381835544250009,near_critical
2.772881355932203,3.0000000000000004,1.0884090718314532,1.0060097409696367,near_critical
2.772881355932203,3.1,1.0906317182948093,0.9755459218864451,near_critical
2.772881355932203,3.2,1.0924770072131458,0.9466591015893571,near_critical
2.772881355932203,3.3000000000000003,1.093973513369567,0.9192299270018548,near_critical
2.772881355932203,3.4000000000000004,1.0951471975422606,0.8931509547253927,near_critical
2.772881355932203,3.5000000000000004,1.0960216970596848,0.8683251798497066,near_critical
2.772881355932203,3.6,1.0966185784565412,0.8446647807697275,underdriven_or_overconstrained
2.772881355932203,3.7,1.0969575578750956,0.8220900433731821,underdriven_or_overconstrained
2.772881355932203,3.8000000000000003,1.0970566939156634,0.8005284349893064,underdriven_or_overconstrained
2.772881355932203,3.9000000000000004,1.0969325568720885,0.7799138040168345,underdriven_or_overconstrained
2.772881355932203,4.0,1.0966003776583275,0.7601856855292473,underdriven_or_overconstrained
2.772881355932203,4.1,1.0960741792136348,0.7412886966488246,underdriven_or_overconstrained
2.772881355932203,4.2,1.0953668927450066,0.7231720082852424,underdriven_or_overconstrained
2.772881355932203,4.3,1.0944904608095058,0.7057888820986801,underdriven_or_overconstrained
2.772881355932203,4.3999999999999995,1.0934559289424217,0.6890962633859022,underdriven_or_overconstrained
2.772881355932203,4.5,1.0922735272890673,0.6730544220884798,underdriven_or_overconstrained
2.772881355932203,4.6,1.0909527434897606,0.6576266353534446,underdriven_or_overconstrained
2.772881355932203,4.7,1.0895023878921695,0.6427789060914493,underdriven_or_overconstrained
2.772881355932203,4.8,1.0879306520170247,0.6284797128177445,underdriven_or_overconstrained
2.772881355932203,4.9,1.0862451610776584,0.6146997867599616,underdriven_or_overconstrained
2.772881355932203,5.0,1.0844530212470869,0.6014119128000792,underdriven_or_overconstrained
2.772881355932203,5.1,1.0825608622753855,0.5885907513069228,underdriven_or_overconstrained
2.772881355932203,5.2,1.0805748759823224,0.5762126783269489,underdriven_or_overconstrained
2.772881355932203,5.3,1.0785008510835605,0.5642556419484186,underdriven_or_overconstrained
2.772881355932203,5.4,1.0763442047514482,0.5526990329483268,underdriven_or_overconstrained
2.772881355932203,5.5,1.0741100112620563,0.541523568081579,underdriven_or_overconstrained
2.772881355932203,5.6,1.0718030280375055,0.530711184585157,underdriven_or_overconstrained
2.772881355932203,5.7,1.0694277193557131,0.5202449446523778,underdriven_or_overconstrained
2.772881355932203,5.8,1.0669882779676898,0.510108948788761,underdriven_or_overconstrained
2.772881355932203,5.9,1.0644886448346556,0.5002882570955175,underdriven_or_overconstrained
2.772881355932203,6.0,1.0619325271730056,0.4907688176426658,underdriven_or_overconstrained
2.873728813559322,0.1,0.3578703773909258,10.28422415027652,overload_or_unbounded
2.873728813559322,0.2,0.45864588615780993,6.590119491360735,overload_or_unbounded
2.873728813559322,0.30000000000000004,0.5427906128933009,5.199443413336676,overload_or_unbounded
2.873728813559322,0.4,0.6138769133773355,4.410289434878272,overload_or_unbounded
2.873728813559322,0.5,0.6745244563396503,3.87680073126738,overload_or_unbounded
2.873728813559322,0.6,0.7266979385412901,3.480554674567111,overload_or_unbounded
2.873728813559322,0.7000000000000001,0.7718997239426498,3.16890068267497,overload_or_unbounded
2.873728813559322,0.8,0.8112982698133042,2.914314017941647,overload_or_unbounded
2.873728813559322,0.9,0.8458159972261363,2.7007175579979545,overload_or_unbounded
2.873728813559322,1.0,0.8761908004012716,2.517934749288739,overload_or_unbounded
2.873728813559322,1.1,0.9030199819498991,2.359122310317494,overload_or_unbounded
2.873728813559322,1.2000000000000002,0.9267922057771106,2.2194578882699023,overload_or_unbounded
2.873728813559322,1.3000000000000003,0.9479111144432043,2.095414986360433,overload_or_unbounded
2.873728813559322,1.4000000000000001,0.9667130421830744,1.9843365169750635,overload_or_unbounded
2.873728813559322,1.5000000000000002,0.9834804767994337,1.8841707891677284,overload_or_unbounded
2.873728813559322,1.6,0.9984524149638442,1.7933009211559297,overload_or_unbounded
2.873728813559322,1.7000000000000002,1.0118324163383587,1.7104305701911138,overload_or_unbounded
2.873728813559322,1.8000000000000003,1.023794931812628,1.6345049970699723,overload_or_unbounded
2.873728813559322,1.9000000000000001,1.0344903224492967,1.564655077353062,overload_or_unbounded
2.873728813559322,2.0,1.0440488746391026,1.5001566669072866,overload_or_unbounded
2.873728813559322,2.1,1.052584038128003,1.4404005138386027,overload_or_unbounded
2.873728813559322,2.2,1.060195056913088,1.384869583201957,overload_or_unbounded
2.873728813559322,2.3000000000000003,1.0669691217926913,1.3331216993364097,overload_or_unbounded
2.873728813559322,2.4000000000000004,1.072983143053665,1.2847760727736501,overload_or_unbounded
2.873728813559322,2.5000000000000004,1.078305219268394,1.2395027113691943,overload_or_unbounded
2.873728813559322,2.6,1.08299586129133,1.1970140044455344,overload_or_unbounded
2.873728813559322,2.7,1.0871090177686507,1.157057965867387,overload_or_unbounded
2.873728813559322,2.8000000000000003,1.090692938724428,1.1194127588421716,near_critical
2.873728813559322,2.9000000000000004,1.0937909062864966,1.0838822218636788,near_critical
2.873728813559322,3.0000000000000004,1.0964418558025848,1.0502921844707809,near_critical
2.873728813559322,3.1,1.0986809060605678,1.0184874118237794,near_critical
2.873728813559322,3.2,1.1005398137621623,0.9883290541492299,near_critical
2.873728813559322,3.3000000000000003,1.102047364580905,0.9596925046979579,near_critical
2.873728813559322,3.4000000000000004,1.103229710893279,0.9324655906378634,near_critical
2.873728813559322,3.5000000000000004,1.104110664478285,0.9065470371055361,near_critical
2.873728813559322,3.6,1.104711951038091,0.881845156772638,near_critical
2.873728813559322,3.7,1.1050534322259806,0.858276726678493,near_critical
2.873728813559322,3.8000000000000003,1.105153299920132,0.8357660214159605,underdriven_or_overconstrained
2.873728813559322,3.9000000000000004,1.1050282467081054,0.8142439775287234,underdriven_or_overconstrained
2.873728813559322,4.0,1.1046936159125513,0.7936474685507334,underdriven_or_overconstrained
2.873728813559322,4.1,1.1041635339662035,0.7739186737658942,underdriven_or_overconstrained
2.873728813559322,4.2,1.1034510275122267,0.7550045266936967,underdriven_or_overconstrained
2.873728813559322,4.3,1.1025681272473216,0.7368562316704114,underdriven_or_overconstrained
2.873728813559322,4.3999999999999995,1.1015259602261263,0.719428838814868,underdriven_or_overconstrained
2.873728813559322,4.5,1.1003348320954809,0.7026808692346092,underdriven_or_overconstrained
2.873728813559322,4.6,1.0990043005173225,0.6865739836135301,underdriven_or_overconstrained
2.873728813559322,4.7,1.0975432408623154,0.6710726883815563,underdriven_or_overconstrained
2.873728813559322,4.8,1.09595990510706,0.6561440745441456,underdriven_or_overconstrained
2.873728813559322,4.9,1.0942619747412394,0.6417575849788208,underdriven_or_overconstrained
2.873728813559322,5.0,1.092456608383549,0.6278848066150193,underdriven_or_overconstrained
2.873728813559322,5.1,1.0905504847135994,0.6144992844240307,underdriven_or_overconstrained
2.873728813559322,5.2,1.0885498412486376,0.6015763545753146,underdriven_or_overconstrained
2.873728813559322,5.3,1.0864605094267772,0.5890929944781261,underdriven_or_overconstrained
2.873728813559322,5.4,1.0842879464007154,0.5770276877345929,underdriven_or_overconstrained
2.873728813559322,5.5,1.0820372638961964,0.5653603022915258,underdriven_or_overconstrained
2.873728813559322,5.6,1.0797132544465362,0.5540719803008785,underdriven_or_overconstrained
2.873728813559322,5.7,1.0773204152773572,0.5431450383891641,underdriven_or_overconstrained
2.873728813559322,5.8,1.0748629700834236,0.5325628771994285,underdriven_or_overconstrained
2.873728813559322,5.9,1.0723448889114264,0.5223098992098028,underdriven_or_overconstrained
2.873728813559322,6.0,1.0697699063381247,0.5123714339537544,underdriven_or_overconstrained
2.9745762711864407,0.1,0.3603591690675176,10.719158334127004,overload_or_unbounded
2.9745762711864407,0.2,0.46183551607994705,6.868824836612771,overload_or_unbounded
2.9745762711864407,0.30000000000000004,0.5465654231174657,5.419335127520634,overload_or_unbounded
2.9745762711864407,0.4,0.6181460897299689,4.596806726593624,overload_or_unbounded
2.9745762711864407,0.5,0.6792154030026144,4.040756041591825,overload_or_unbounded
2.9745762711864407,0.6,0.7317517230820045,3.627752186465871,overload_or_unbounded
2.9745762711864407,0.7000000000000001,0.7772678620437069,3.302917912558609,overload_or_unbounded
2.9745762711864407,0.8,0.8169404031350543,3.0375644226737717,overload_or_unbounded
2.9745762711864407,0.9,0.8516981823602388,2.814934670512654,overload_or_unbounded
2.9745762711864407,1.0,0.882284225587908,2.624421721875896,overload_or_unbounded
2.9745762711864407,1.1,0.9092999893404463,2.4588928833474313,overload_or_unbounded
2.9745762711864407,1.2000000000000002,0.933237535911682,2.313321858086161,overload_or_unbounded
2.9745762711864407,1.3000000000000003,0.9545033149739511,2.1840330088387017,overload_or_unbounded
2.9745762711864407,1.4000000000000001,0.9734359997817966,2.0682568760497007,overload_or_unbounded
2.9745762711864407,1.5000000000000002,0.9903200426852549,1.9638549999012678,overload_or_unbounded
2.9745762711864407,1.6,1.0053961024463107,1.8691421184250794,overload_or_unbounded
2.9745762711864407,1.7000000000000002,1.0188691543725263,1.7827670647295946,overload_or_unbounded
2.9745762711864407,1.8000000000000003,1.0309148625635567,1.7036304932194368,overload_or_unbounded
2.9745762711864407,1.9000000000000001,1.0416846337605514,1.6308265229703547,overload_or_unbounded
2.9745762711864407,2.0,1.0513096604244494,1.5636003847838211,overload_or_unbounded
2.9745762711864407,2.1,1.0599041812818037,1.5013170606534023,overload_or_unbounded
2.9745762711864407,2.2,1.0675681305171283,1.4434376495050538,overload_or_unbounded
2.9745762711864407,2.3000000000000003,1.0743893052928117,1.3895012754523834,overload_or_unbounded
2.9745762711864407,2.4000000000000004,1.0804451507644572,1.3391110449093377,overload_or_unbounded
2.9745762711864407,2.5000000000000004,1.085804239092572,1.2919230099033652,overload_or_unbounded
2.9745762711864407,2.6,1.0905275019513248,1.2476373963002445,overload_or_unbounded
2.9745762711864407,2.7,1.0946692631700603,1.205991561119558,overload_or_unbounded
2.9745762711864407,2.8000000000000003,1.0982781083252344,1.1667542857813473,overload_or_unbounded
2.9745762711864407,2.9000000000000004,1.1013976205480793,1.1297211128356979,near_critical
2.9745762711864407,3.0000000000000004,1.104067005960256,1.0947105059097453,near_critical
2.9745762711864407,3.1,1.1063216275814967,1.0615606650658975,near_critical
2.9745762711864407,3.2,1.1081934629639152,1.0301268683801224,near_critical
2.9745762711864407,3.3000000000000003,1.109711497969578,1.00027923931002,near_critical
2.9745762711864407,3.4000000000000004,1.1109020668503649,0.9719008610779611,near_critical
2.9745762711864407,3.5000000000000004,1.1117891469831054,0.9448861757653025,near_critical
2.9745762711864407,3.6,1.1123946151602786,0.9191396184587048,near_critical
2.9745762711864407,3.7,1.1127384711620445,0.894574446582404,near_critical
2.9745762711864407,3.8000000000000003,1.1128390333810898,0.8711117321961698,near_critical
2.9745762711864407,3.9000000000000004,1.1127131104927424,0.8486794910537865,underdriven_or_overconstrained
2.9745762711864407,4.0,1.1123761525240237,0.8272119269829075,underdriven_or_overconstrained
2.9745762711864407,4.1,1.1118423841492386,0.8066487739487036,underdriven_or_overconstrained
2.9745762711864407,4.2,1.1111249226046924,0.7869347212151876,underdriven_or_overconstrained
2.9745762711864407,4.3,1.1102358822539644,0.7680189094819502,underdriven_or_overconstrained
2.9745762711864407,4.3999999999999995,1.1091864675342396,0.7498544878746499,underdriven_or_overconstrained
2.9745762711864407,4.5,1.1079870557624645,0.732398223300612,underdriven_or_overconstrained
2.9745762711864407,4.6,1.1066472710688589,0.7156101550205775,underdriven_or_overconstrained
2.9745762711864407,4.7,1.1051760505474093,0.6994532883918873,underdriven_or_overconstrained
2.9745762711864407,4.8,1.1035817035626756,0.6838933226527175,underdriven_or_overconstrained
2.9745762711864407,4.9,1.1018719650248776,0.6688984083772606,underdriven_or_overconstrained
2.9745762711864407,5.0,1.1000540433369668,0.6544389308665685,underdriven_or_overconstrained
2.9745762711864407,5.1,1.098134663625098,0.6404873162718668,underdriven_or_overconstrained
2.9745762711864407,5.2,1.0961201067850206,0.6270178576948211,underdriven_or_overconstrained
2.9745762711864407,5.3,1.0940162448092932,0.6140065588872112,underdriven_or_overconstrained
2.9745762711864407,5.4,1.0918285728021093,0.6014309934926874,underdriven_or_overconstrained
2.9745762711864407,5.5,1.0895622380384546,0.5892701780454509,underdriven_or_overconstrained
2.9745762711864407,5.6,1.087222066381079,0.5775044571727586,underdriven_or_overconstrained
2.9745762711864407,5.7,1.0848125863313356,0.5661153996465935,underdriven_or_overconstrained
2.9745762711864407,5.8,1.0823380509574632,0.5550857041000433,underdriven_or_overconstrained
2.9745762711864407,5.9,1.0798024579156447,0.5443991133702833,underdriven_or_overconstrained
2.9745762711864407,6.0,1.0772095677545663,0.5340403365562892,underdriven_or_overconstrained
3.0754237288135595,0.1,0.3627247891036375,11.155324234382208,overload_or_unbounded
3.0754237288135595,0.2,0.4648672894993874,7.148319464378293,overload_or_unbounded
3.0754237288135595,0.30000000000000004,0.5501534159506237,5.6398495663412795,overload_or_unbounded
3.0754237288135595,0.4,0.6222039822456451,4.78385222790137,overload_or_unbounded
3.0754237288135595,0.5,0.6836741921888089,4.20517566686981,overload_or_unbounded
3.0754237288135595,0.6,0.7365553931039646,3.7753665558958867,overload_or_unbounded
3.0754237288135595,0.7000000000000001,0.7823703280990058,3.4373146739361884,overload_or_unbounded
3.0754237288135595,0.8,0.8223033042400074,3.1611638676768936,overload_or_unbounded
3.0754237288135595,0.9,0.8572892549840654,2.9294752413721032,overload_or_unbounded
3.0754237288135595,1.0,0.8880760838803002,2.7312102613572966,overload_or_unbounded
3.0754237288135595,1.1,0.9152691957829896,2.558946002693736,overload_or_unbounded
3.0754237288135595,1.2000000000000002,0.9393638831866093,2.407451646952122,overload_or_unbounded
3.0754237288135595,1.3000000000000003,0.9607692639500467,2.2729019940513164,overload_or_unbounded
3.0754237288135595,1.4000000000000001,0.9798262345881511,2.1524148942617436,overload_or_unbounded
3.0754237288135595,1.5000000000000002,0.9968211147717776,2.0437648731676727,overload_or_unbounded
3.0754237288135595,1.6,1.0119961430955837,1.9451980949649754,overload_or_unbounded
3.0754237288135595,1.7000000000000002,1.025557640451582,1.8553084133593176,overload_or_unbounded
3.0754237288135595,1.8000000000000003,1.0376824241070157,1.7729517500397174,overload_or_unbounded
3.0754237288135595,1.9000000000000001,1.0485228947303464,1.6971853635042047,overload_or_unbounded
3.0754237288135595,2.0,1.0582111060108126,1.627223772759847,overload_or_unbounded
3.0754237288135595,2.1,1.0668620466084875,1.5624061207192097,overload_or_unbounded
3.0754237288135595,2.2,1.0745763067375624,1.5021715782552443,overload_or_unbounded
3.0754237288135595,2.3000000000000003,1.081442259915197,1.4460405162978072,overload_or_unbounded
3.0754237288135595,2.4000000000000004,1.0875378596948024,1.3935998915368777,overload_or_unbounded
3.0754237288135595,2.5000000000000004,1.0929321283868778,1.3444917606494844,overload_or_unbounded
3.0754237288135595,2.6,1.0976863976587141,1.298404151598264,overload_or_unbounded
3.0754237288135595,2.7,1.101855347954806,1.2550637343779005,overload_or_unbounded
3.0754237288135595,2.8000000000000003,1.1054878837973252,1.2142298820522075,overload_or_unbounded
3.0754237288135595,2.9000000000000004,1.1086278744240814,1.1756898177337787,overload_or_unbounded
3.0754237288135595,3.0000000000000004,1.1113147833299202,1.1392546182780452,near_critical
3.0754237288135595,3.1,1.1135842056792646,1.1047559000574225,near_critical
3.0754237288135595,3.2,1.1154683289446206,1.0720430523675923,near_critical
3.0754237288135595,3.3000000000000003,1.1169963292691463,1.0409809139490835,near_critical
3.0754237288135595,3.4000000000000004,1.118194713779007,1.0114478106440719,near_critical
3.0754237288135595,3.5000000000000004,1.119087617253335,0.9833338893492379,near_critical
3.0754237288135595,3.6,1.1196970600973797,0.9565396965850733,near_critical
3.0754237288135595,3.7,1.1200431733822043,0.9309749601933163,near_critical
3.0754237288135595,3.8000000000000003,1.1201443957537325,0.9065575406311986,near_critical
3.0754237288135595,3.9000000000000004,1.1200176462298135,0.8832125245910458,near_critical
3.0754237288135595,4.0,1.1196784762609833,0.8608714386337095,near_critical
3.0754237288135595,4.1,1.1191412039010902,0.8394715644805822,underdriven_or_overconstrained
3.0754237288135595,4.2,1.118419032496075,0.8189553407845555,underdriven_or_overconstrained
3.0754237288135595,4.3,1.1175241559356788,0.7992698387644026,underdriven_or_overconstrained
3.0754237288135595,4.3999999999999995,1.116467852209928,0.7803663011690735,underdriven_or_overconstrained
3.0754237288135595,4.5,1.115260566758884,0.7621997357378513,underdriven_or_overconstrained
3.0754237288135595,4.6,1.113911986891498,0.7447285557165157,underdriven_or_overconstrained
3.0754237288135595,4.7,1.1124311083703586,0.7279142611388445,underdriven_or_overconstrained
3.0754237288135595,4.8,1.1108262951078238,0.7117211555343033,underdriven_or_overconstrained
3.0754237288135595,4.9,1.1091053327908391,0.6961160935140013,underdriven_or_overconstrained
3.0754237288135595,5.0,1.1072754771427624,0.6810682553476416,underdriven_or_overconstrained
3.0754237288135595,5.1,1.1053434974376286,0.666548945197932,underdriven_or_overconstrained
3.0754237288135595,5.2,1.1033157158028633,0.6525314101448161,underdriven_or_overconstrained
3.0754237288135595,5.3,1.1011980427784094,0.6389906775252396,underdriven_or_overconstrained
3.0754237288135595,5.4,1.0989960095417166,0.6259034084474089,underdriven_or_overconstrained
3.0754237288135595,5.5,1.096714797157661,0.6132477656217491,underdriven_or_overconstrained
3.0754237288135595,5.6,1.094359263168934,0.6010032938922613,underdriven_or_overconstrained
3.0754237288135595,5.7,1.0919339658047678,0.5891508120585046,underdriven_or_overconstrained
3.0754237288135595,5.8,1.0894431860531661,0.5776723147555436,underdriven_or_overconstrained
3.0754237288135595,5.9,1.086890947813395,0.5665508833115211,underdriven_or_overconstrained
3.0754237288135595,6.0,1.0842810363207036,0.5557706046338748,underdriven_or_overconstrained
3.176271186440678,0.1,0.3649761604448311,11.592632621586668,overload_or_unbounded
3.176271186440678,0.2,0.46775264204345696,7.428546196520663,overload_or_unbounded
3.176271186440678,0.30000000000000004,0.5535681250389984,5.860941617644536,overload_or_unbounded
3.176271186440678,0.4,0.6260658969977801,4.971387673617965,overload_or_unbounded
3.176271186440678,0.5,0.6879176421245335,4.370025970648731,overload_or_unbounded
3.176271186440678,0.6,0.7411270676987276,3.923367584371231,overload_or_unbounded
3.176271186440678,0.7000000000000001,0.787226368236861,3.5720634723386864,overload_or_unbounded
3.176271186440678,0.8,0.8274072015984144,3.285087067363196,overload_or_unbounded
3.176271186440678,0.9,0.8626103042141274,3.044315838224623,overload_or_unbounded
3.176271186440678,1.0,0.8935882217437985,2.8382785212675903,overload_or_unbounded
3.176271186440678,1.1,0.9209501166871146,2.6592611998022377,overload_or_unbounded
3.176271186440678,1.2000000000000002,0.9451943557351906,2.5018279980900378,overload_or_unbounded
3.176271186440678,1.3000000000000003,0.9667325960721829,2.3620037614592833,overload_or_unbounded
3.176271186440678,1.4000000000000001,0.9859078500998805,2.2367933548270895,overload_or_unbounded
3.176271186440678,1.5000000000000002,1.0030082146268489,2.1238840612550445,overload_or_unbounded
3.176271186440678,1.6,1.0182774317816814,2.0214532914818544,overload_or_unbounded
3.176271186440678,1.7000000000000002,1.0319231030552287,1.9280397757981038,overload_or_unbounded
3.176271186440678,1.8000000000000003,1.0441231431895688,1.842454586004945,overload_or_unbounded
3.176271186440678,1.9000000000000001,1.0550308987783048,1.7637180234706002,overload_or_unbounded
3.176271186440678,2.0,1.0647792431455614,1.6910138149616796,overload_or_unbounded
3.176271186440678,2.1,1.073483878666553,1.6236551966272157,overload_or_unbounded
3.176271186440678,2.2,1.081246019901896,1.5610593538491162,overload_or_unbounded
3.176271186440678,2.3000000000000003,1.0881545888882054,1.5027278552516556,overload_or_unbounded
3.176271186440678,2.4000000000000004,1.094288023023398,1.4482314654984798,overload_or_unbounded
3.176271186440678,2.5000000000000004,1.0997157730277654,1.3971982092569708,overload_or_unbounded
3.176271186440678,2.6,1.1044995512438716,1.349303884635603,overload_or_unbounded
3.176271186440678,2.7,1.10869437750847,1.3042644466107174,overload_or_unbounded
3.176271186440678,2.8000000000000003,1.1123494598858208,1.2618298352457795,overload_or_unbounded
3.176271186440678,2.9000000000000004,1.1155089399026628,1.2217789324240735,overload_or_unbounded
3.176271186440678,3.0000000000000004,1.1182125259970719,1.1839154088805155,overload_or_unbounded
3.176271186440678,3.1,1.1204960342666286,1.148064280052303,near_critical
3.176271186440678,3.2,1.1223918519660303,1.1140690310298416,near_critical
3.176271186440678,3.3000000000000003,1.1239293363298148,1.081789201993874,near_critical
3.176271186440678,3.4000000000000004,1.1251351590093905,1.051098348944964,near_critical
3.176271186440678,3.5000000000000004,1.1260336045843773,1.0218823123443692,near_critical
3.176271186440678,3.6,1.1266468301369503,0.9940377399607555,near_critical
3.176271186440678,3.7,1.1269950916883218,0.9674708208080233,near_critical
3.176271186440678,3.8000000000000003,1.127096942329969,0.9420961953284397,near_critical
3.176271186440678,3.9000000000000004,1.1269694060932192,0.9178360134805268,near_critical
3.176271186440678,4.0,1.1266281309538284,0.8946191175455399,near_critical
3.176271186440678,4.1,1.1260875238353805,0.8723803305777194,near_critical
3.176271186440678,4.2,1.1253608700347488,0.8510598347236155,near_critical
3.176271186440678,4.3,1.124460439127083,0.8306026263004153,underdriven_or_overconstrained
3.176271186440678,4.3999999999999995,1.1233975791029838,0.8109580366868229,underdriven_or_overconstrained
3.176271186440678,4.5,1.1221828002355898,0.7920793098461376,underdriven_or_overconstrained
3.176271186440678,4.6,1.1208258499613393,0.7739232287500183,underdriven_or_overconstrained
3.176271186440678,4.7,1.119335779877995,0.7564497841656554,underdriven_or_overconstrained
3.176271186440678,4.8,1.117721005811303,0.7396218802579032,underdriven_or_overconstrained
3.176271186440678,4.9,1.1159893617726488,0.7234050722801605,underdriven_or_overconstrained
3.176271186440678,5.0,1.1141481485204372,0.7077673323143387,underdriven_or_overconstrained
3.176271186440678,5.1,1.1122041773444402,0.6926788395957065,underdriven_or_overconstrained
3.176271186440678,5.2,1.1101638096124578,0.6781117924425507,underdriven_or_overconstrained
3.176271186440678,5.3,1.1080329925501535,0.6640402392193756,underdriven_or_overconstrained
3.176271186440678,5.4,1.1058172916660587,0.6504399261086609,underdriven_or_overconstrained
3.176271186440678,5.5,1.1035219201830415,0.6372881597605607,underdriven_or_overconstrained
3.176271186440678,5.6,1.101151765793739,0.6245636831408798,underdriven_or_overconstrained
3.176271186440678,5.7,1.0987114150195396,0.6122465631122858,underdriven_or_overconstrained
3.176271186440678,5.8,1.096205175419815,0.6003180884677771,underdriven_or_overconstrained
3.176271186440678,5.9,1.0936370958694923,0.5887606772937168,underdriven_or_overconstrained
3.176271186440678,6.0,1.091010985098135,0.5775577926762444,underdriven_or_overconstrained
3.2771186440677966,0.1,0.367121364482834,12.031002681823043,overload_or_unbounded
3.2771186440677966,0.2,0.4705019308059755,7.709453247570795,overload_or_unbounded
3.2771186440677966,0.30000000000000004,0.5568218076238994,6.082570423959374,overload_or_unbounded
3.2771186440677966,0.4,0.6297456964911461,5.159378407481488,overload_or_unbounded
3.2771186440677966,0.5,0.6919609848510843,4.535276488846004,overload_or_unbounded
3.2771186440677966,0.6,0.7454831570837517,4.071727921529474,overload_or_unbounded
3.2771186440677966,0.7000000000000001,0.7918534134167594,3.7071394063954095,overload_or_unbounded
3.2771186440677966,0.8,0.8322704158636374,3.4093111209159805,overload_or_unbounded
3.2771186440677966,0.9,0.8676804301795268,3.159435238704548,overload_or_unbounded
3.2771186440677966,1.0,0.8988404252281584,2.945606715557024,overload_or_unbounded
3.2771186440677966,1.1,0.9263631439563712,2.759819936578803,overload_or_unbounded
3.2771186440677966,1.2000000000000002,0.9507498822828682,2.5964334708953745,overload_or_unbounded
3.2771186440677966,1.3000000000000003,0.9724147169708068,2.4513218451930308,overload_or_unbounded
3.2771186440677966,1.4000000000000001,0.9917026765306132,2.3213766647360052,overload_or_unbounded
3.2771186440677966,1.5000000000000002,1.008903551104566,2.2041977582606536,overload_or_unbounded
3.2771186440677966,1.6,1.024262515453456,2.0978936161326875,overload_or_unbounded
3.2771186440677966,1.7000000000000002,1.0379883912781214,2.0009477114020413,overload_or_unbounded
3.2771186440677966,1.8000000000000003,1.0502601390421544,1.9121261570979333,overload_or_unbounded
3.2771186440677966,1.9000000000000001,1.0612320066575662,1.8304122077363107,overload_or_unbounded
3.2771186440677966,2.0,1.07103764843207,1.7549587230876333,overload_or_unbounded
3.2771186440677966,2.1,1.0797934467995507,1.6850529696423981,overload_or_unbounded
3.2771186440677966,2.2,1.087601211224916,1.6200900939163134,overload_or_unbounded
3.2771186440677966,2.3000000000000003,1.0945503863978545,1.559552816580878,overload_or_unbounded
3.2771186440677966,2.4000000000000004,1.1007198707442654,1.5029956709633028,overload_or_unbounded
3.2771186440677966,2.5000000000000004,1.1061795231918292,1.4500326156551877,overload_or_unbounded
3.2771186440677966,2.6,1.110991418806983,1.4003271892198836,overload_or_unbounded
3.2771186440677966,2.7,1.1152109008141118,1.353584605602062,overload_or_unbounded
3.2771186440677966,2.8000000000000003,1.1188874665055109,1.3095453489639257,overload_or_unbounded
3.2771186440677966,2.9000000000000004,1.1220655168565958,1.2679799397090752,overload_or_unbounded
3.2771186440677966,3.0000000000000004,1.1247849936979506,1.2286846244717442,overload_or_unbounded
3.2771186440677966,3.1,1.127081923641829,1.1914778017285272,overload_or_unbounded
3.2771186440677966,3.2,1.1289888843040454,1.1561970380306525,overload_or_unbounded
3.2771186440677966,3.3000000000000003,1.1305354054708405,1.1226965621355265,near_critical
3.2771186440677966,3.4000000000000004,1.1317483155603947,1.0908451486221449,near_critical
3.2771186440677966,3.5000000000000004,1.1326520418887132,1.0605243210614173,near_critical
3.2771186440677966,3.6,1.133268871769662,1.0316268190050102,near_critical
3.2771186440677966,3.7,1.1336191802823623,1.004055284047617,near_critical
3.2771186440677966,3.8000000000000003,1.1337216295669659,0.9777211287991653,near_critical
3.2771186440677966,3.9000000000000004,1.1335933437161871,0.9525435593547361,near_critical
3.2771186440677966,4.0,1.1332500626791886,0.9284487271992421,near_critical
3.2771186440677966,4.1,1.132706278058484,0.9053689907507562,near_critical
3.2771186440677966,4.2,1.1319753532373413,0.883242270171267,near_critical
3.2771186440677966,4.3,1.1310696299072422,0.8620114818390434,near_critical
3.2771186440677966,4.3999999999999995,1.1300005227583645,0.8416240411222258,underdriven_or_overconstrained
3.2771186440677966,4.5,1.1287786038396084,0.8220314239261328,underdriven_or_overconstrained
3.2771186440677966,4.6,1.1274136778794823,0.8031887789904123,underdriven_or_overconstrained
3.2771186440677966,4.7,1.1259148496779208,0.7850545841515542,underdriven_or_overconstrained
3.2771186440677966,4.8,1.1242905845259914,0.7675903408125017,underdriven_or_overconstrained
3.2771186440677966,4.9,1.1225487624806985,0.7507603017144346,underdriven_or_overconstrained
3.2771186440677966,5.0,1.1206967272117867,0.7345312278183016,underdriven_or_overconstrained
3.2771186440677966,5.1,1.1187413300434412,0.7188721707008953,underdriven_or_overconstrained
3.2771186440677966,5.2,1.1166889697333893,0.7037542773727211,underdriven_or_overconstrained
3.2771186440677966,5.3,1.1145456284630362,0.6891506148491463,underdriven_or_overconstrained
3.2771186440677966,5.4,1.1123169044530534,0.6750360121657183,underdriven_or_overconstrained
3.2771186440677966,5.5,1.110008041567836,0.661386917834025,underdriven_or_overconstrained
3.2771186440677966,5.6,1.107623956228193,0.6481812709949186,underdriven_or_overconstrained
3.2771186440677966,5.7,1.1051692619135043,0.6353983847486651,underdriven_or_overconstrained
3.2771186440677966,5.8,1.1026482915014906,0.6230188403325926,underdriven_or_overconstrained
3.2771186440677966,5.9,1.1000651176649696,0.6110243909811028,underdriven_or_overconstrained
3.2771186440677966,6.0,1.0974235715199046,0.5993978744445579,underdriven_or_overconstrained
3.3779661016949154,0.1,0.3691677379825007,12.470361047442776,overload_or_unbounded
3.3779661016949154,0.2,0.4731245585685948,7.990993603620418,overload_or_unbounded
3.3779661016949154,0.30000000000000004,0.5599255915531273,6.304698892459789,overload_or_unbounded
3.3779661016949154,0.4,0.6332559659265521,5.347792966489907,overload_or_unbounded
3.3779661016949154,0.5,0.695818048915436,4.700899564367675,overload_or_unbounded
3.3779661016949154,0.6,0.7496385594239371,4.220422737095782,overload_or_unbounded
3.3779661016949154,0.7000000000000001,0.7962672884935187,3.8425198691709026,overload_or_unbounded
3.3779661016949154,0.8,0.8369095796071562,3.533815237620894,overload_or_unbounded
3.3779661016949154,0.9,0.8725169731058695,3.2748141758945346,overload_or_unbounded
3.3779661016949154,1.0,0.9038506572782794,3.0531768812806965,overload_or_unbounded
3.3779661016949154,1.1,0.9315267905655265,2.86060538304637,overload_or_unbounded
3.3779661016949154,1.2000000000000002,0.9560494631630374,2.6912522317569683,overload_or_unbounded
3.3779661016949154,1.3000000000000003,0.9778350599418517,2.5408412965633773,overload_or_unbounded
3.3779661016949154,1.4000000000000001,0.9972305326379786,2.40615066773304,overload_or_unbounded
3.3779661016949154,1.5000000000000002,1.0145272867147461,2.284692522511287,overload_or_unbounded
3.3779661016949154,1.6,1.0299718635631159,2.1745062755098408,overload_or_unbounded
3.3779661016949154,1.7000000000000002,1.0437742488782789,2.0740200179605277,overload_or_unbounded
3.3779661016949154,1.8000000000000003,1.056114400668469,1.981954802761072,overload_or_unbounded
3.3779661016949154,1.9000000000000001,1.067147426639951,1.8972567540530083,overload_or_unbounded
3.3779661016949154,2.0,1.0770077261037527,1.8190477950209998,overload_or_unbounded
3.3779661016949154,2.1,1.085812330221814,1.7465891639484057,overload_or_unbounded
3.3779661016949154,2.2,1.0936636159558182,1.6792539187981093,overload_or_unbounded
3.3779661016949154,2.3000000000000003,1.1006515265696608,1.616505889796119,overload_or_unbounded
3.3779661016949154,2.4000000000000004,1.1068554002774504,1.5578833423396599,overload_or_unbounded
3.3779661016949154,2.5000000000000004,1.1123454854079549,1.5029861372325788,overload_or_unbounded
3.3779661016949154,2.6,1.1171842030406285,1.4514655258539586,overload_or_unbounded
3.3779661016949154,2.7,1.1214272048888698,1.403015956901141,overload_or_unbounded
3.3779661016949154,2.8000000000000003,1.125124264148142,1.3573684373167356,overload_or_unbounded
3.3779661016949154,2.9000000000000004,1.1283200292896158,1.314285107173702,overload_or_unbounded
3.3779661016949154,3.0000000000000004,1.1310546647838833,1.2735547722679543,overload_or_unbounded
3.3779661016949154,3.1,1.1333643980593642,1.2349891991975466,overload_or_unbounded
3.3779661016949154,3.2,1.1352819883229648,1.1984200226311803,overload_or_unbounded
3.3779661016949154,3.3000000000000003,1.1368371299630926,1.163696147928322,overload_or_unbounded
3.3779661016949154,3.4000000000000004,1.138056800942382,1.1306815574666833,near_critical
3.3779661016949154,3.5000000000000004,1.1389655647372936,1.0992534481943952,near_critical
3.3779661016949154,3.6,1.1395858328935495,1.0693006426350489,near_critical
3.3779661016949154,3.7,1.139938094063127,1.0407222269664735,near_critical
3.3779661016949154,3.8000000000000003,1.1400411144109301,1.0134263786891096,near_critical
3.3779661016949154,3.9000000000000004,1.1399121134811863,0.9873293533976548,near_critical
3.3779661016949154,4.0,1.139566918959207,0.9623546057142797,near_critical
3.3779661016949154,4.1,1.1390201032252385,0.9384320238643657,near_critical
3.3779661016949154,4.2,1.1382851041514672,0.9154972609256957,near_critical
3.3779661016949154,4.3,1.137374332223275,0.8934911486483986,near_critical
3.3779661016949154,4.3999999999999995,1.1362992657575353,0.8723591820704036,near_critical
3.3779661016949154,4.5,1.1350705357328723,0.8520510650529621,near_critical
3.3779661016949154,4.6,1.1336980015303937,0.8325203084193349,underdriven_or_overconstrained
3.3779661016949154,4.7,1.1321908187011558,0.813723873664408,underdriven_or_overconstrained
3.3779661016949154,4.8,1.1305574997226588,0.7956218562666876,underdriven_or_overconstrained
3.3779661016949154,4.9,1.1288059685761815,0.7781772035186199,underdriven_or_overconstrained
3.3779661016949154,5.0,1.126943609865865,0.7613554625297183,underdriven_or_overconstrained
3.3779661016949154,5.1,1.1249773131059029,0.7451245546759937,underdriven_or_overconstrained
3.3779661016949154,5.2,1.122913512721378,0.7294545732899956,underdriven_or_overconstrained
3.3779661016949154,5.3,1.1207582242390108,0.7143176018255033,underdriven_or_overconstrained
3.3779661016949154,5.4,1.1185170770845496,0.6996875501034235,underdriven_or_overconstrained
3.3779661016949154,5.5,1.1161953443522468,0.6855400065621042,underdriven_or_overconstrained
3.3779661016949154,5.6,1.1137979698675635,0.6718521047052223,underdriven_or_overconstrained
3.3779661016949154,5.7,1.1113295928259042,0.6586024021712836,underdriven_or_overconstrained
3.3779661016949154,5.8,1.10879457025691,0.6457707710467626,underdriven_or_overconstrained
3.3779661016949154,5.9,1.10619699753491,0.6333382982151897,underdriven_or_overconstrained
3.3779661016949154,6.0,1.1035407271309148,0.6212871946813314,underdriven_or_overconstrained
3.4788135593220337,0.1,0.37112195691397043,12.910640958744477,overload_or_unbounded
3.4788135593220337,0.2,0.47562908123991726,8.273124485126525,overload_or_unbounded
3.4788135593220337,0.30000000000000004,0.5628896024312376,6.527293271130593,overload_or_unbounded
3.4788135593220337,0.4,0.6366081570032774,5.5366027213950275,overload_or_unbounded
3.4788135593220337,0.5,0.6995014173795386,4.8668700310898405,overload_or_unbounded
3.4788135593220337,0.6,0.7536068310627101,4.369429437164442,overload_or_unbounded
3.4788135593220337,0.7000000000000001,0.80048239303702,3.9781842898510487,overload_or_unbounded
3.4788135593220337,0.8,0.841339827367523,3.658580499304747,overload_or_unbounded
3.4788135593220337,0.9,0.8771357114500987,3.3904351181757586,overload_or_unbounded
3.4788135593220337,1.0,0.9086352629844212,3.1609726733483465,overload_or_unbounded
3.4788135593220337,1.1,0.9364579020955938,2.961602225040379,overload_or_unbounded
3.4788135593220337,1.2000000000000002,0.9611103874207884,2.7862698731372424,overload_or_unbounded
3.4788135593220337,1.3000000000000003,0.9830113079976441,2.6305485132531476,overload_or_unbounded
3.4788135593220337,1.4000000000000001,1.0025094521789195,2.4911024825632344,overload_or_unbounded
3.4788135593220337,1.5000000000000002,1.019897768006057,2.365356122974499,overload_or_unbounded
3.4788135593220337,1.6,1.0354241019565793,2.251279628459617,overload_or_unbounded
3.4788135593220337,1.7000000000000002,1.0492995513017402,2.147245592270012,overload_or_unbounded
3.4788135593220337,1.8000000000000003,1.0617050266718766,2.0519299126591584,overload_or_unbounded
3.4788135593220337,1.9000000000000001,1.0727964568482946,1.9642415055139377,overload_or_unbounded
3.4788135593220337,2.0,1.0827089525955187,1.8832712925443236,overload_or_unbounded
3.4788135593220337,2.1,1.0915601645892994,1.8082544292328788,overload_or_unbounded
3.4788135593220337,2.2,1.0994530117319514,1.7385418386593452,overload_or_unbounded
3.4788135593220337,2.3000000000000003,1.1064779134092264,1.673578420981899,overload_or_unbounded
3.4788135593220337,2.4000000000000004,1.1127146278184123,1.6128861395461094,overload_or_unbounded
3.4788135593220337,2.5000000000000004,1.1182337751534206,1.556050727798234,overload_or_unbounded
3.4788135593220337,2.6,1.123098106924679,1.502711124160954,overload_or_unbounded
3.4788135593220337,2.7,1.1273635694423805,1.452550989504385,overload_or_unbounded
3.4788135593220337,2.8000000000000003,1.1310801993803765,1.4052918336732578,overload_or_unbounded
3.4788135593220337,2.9000000000000004,1.134292881560089,1.36068739883231,overload_or_unbounded
3.4788135593220337,3.0000000000000004,1.1370419930659463,1.318519034332121,overload_or_unbounded
3.4788135593220337,3.1,1.1393639530991557,1.2785918609819666,overload_or_unbounded
3.4788135593220337,3.2,1.1412916942801046,1.240731569126014,overload_or_unbounded
3.4788135593220337,3.3000000000000003,1.1428550681868193,1.2047817295600647,overload_or_unbounded
3.4788135593220337,3.4000000000000004,1.1440811955919352,1.1706015224089965,overload_or_unbounded
3.4788135593220337,3.5000000000000004,1.14499477000064,1.138063808923154,near_critical
3.4788135593220337,3.6,1.1456183215959639,1.1070534863821637,near_critical
3.4788135593220337,3.7,1.1459724474882014,1.0774660780895706,near_critical
3.4788135593220337,3.8000000000000003,1.1460760131824508,1.0492065196507492,near_critical
3.4788135593220337,3.9000000000000004,1.1459463293759733,1.0221881099713972,near_critical
3.4788135593220337,4.0,1.145599307539198,0.9963316011543235,near_critical
3.4788135593220337,4.1,1.1450495971924304,0.9715644060510389,near_critical
3.4788135593220337,4.2,1.144310707342308,0.9478199058999544,near_critical
3.4788135593220337,4.3,1.1433951141701086,0.9250368434505905,near_critical
3.4788135593220337,4.3999999999999995,1.142314356754094,0.9031587893828112,near_critical
3.4788135593220337,4.5,1.1410791223488235,0.8821336717969719,near_critical
3.4788135593220337,4.6,1.1396993225268266,0.8619133601644481,near_critical
3.4788135593220337,4.7,1.1381841613048014,0.8424532964580255,underdriven_or_overconstrained
3.4788135593220337,4.8,1.136542196221728,0.823712167282873,underdriven_or_overconstrained
3.4788135593220337,4.9,1.1347813932051132,0.8056516117445501,underdriven_or_overconstrained
3.4788135593220337,5.0,1.1329091759500907,0.7882359605551054,underdriven_or_overconstrained
3.4788135593220337,5.1,1.1309324704410482,0.771432002519193,underdriven_or_overconstrained
3.4788135593220337,5.2,1.1288577451642123,0.7552087750813382,underdriven_or_overconstrained
3.4788135593220337,5.3,1.1266910474899745,0.73953737607073,underdriven_or_overconstrained
3.4788135593220337,5.4,1.1244380366438989,0.7243907941656001,underdriven_or_overconstrained
3.4788135593220337,5.5,1.1221040136337834,0.7097437559270695,underdriven_or_overconstrained
3.4788135593220337,5.6,1.1196939484556245,0.6955725875318309,underdriven_or_overconstrained
3.4788135593220337,5.7,1.1172125048627783,0.6818550895720644,underdriven_or_overconstrained
3.4788135593220337,5.8,1.114664062949171,0.6685704234959596,underdriven_or_overconstrained
3.4788135593220337,5.9,1.112052739768323,0.6556990084385185,underdriven_or_overconstrained
3.4788135593220337,6.0,1.1093824081846078,0.6432224273443241,underdriven_or_overconstrained
3.5796610169491525,0.1,0.37299010920856196,13.351781536414961,overload_or_unbounded
3.5796610169491525,0.2,0.4780233010992903,8.555806880692382,overload_or_unbounded
3.5796610169491525,0.30000000000000004,0.5657230739701565,6.750322780932036,overload_or_unbounded
3.5796610169491525,0.4,0.6398127127217014,5.725781564695903,overload_or_unbounded
3.5796610169491525,0.5,0.7030225649527353,5.03316493959382,overload_or_unbounded
3.5796610169491525,0.6,0.7574003342614336,4.518727417966519,overload_or_unbounded
3.5796610169491525,0.7000000000000001,0.8045118582612477,4.1141139095587285,overload_or_unbounded
3.5796610169491525,0.8,0.8455749605892209,3.783589654161937,overload_or_unbounded
3.5796610169491525,0.9,0.8815510338568878,3.5062820781652486,overload_or_unbounded
3.5796610169491525,1.0,0.9132091477138677,3.2689791863926927,overload_or_unbounded
3.5796610169491525,1.1,0.9411718403199327,3.0627964973123234,overload_or_unbounded
3.5796610169491525,1.2000000000000002,0.9659484212319543,2.881473256556338,overload_or_unbounded
3.5796610169491525,1.3000000000000003,0.9879595865794768,2.7204310910767333,overload_or_unbounded
3.5796610169491525,1.4000000000000001,1.007555880444741,2.576220362589943,overload_or_unbounded
3.5796610169491525,1.5000000000000002,1.0250317255099266,2.446177405962672,overload_or_unbounded
3.5796610169491525,1.6,1.0406362158612112,2.328203059214913,overload_or_unbounded
3.5796610169491525,1.7000000000000002,1.05458151139049,2.220614309129326,overload_or_unbounded
3.5796610169491525,1.8000000000000003,1.0670494333953413,2.122041811046102,overload_or_unbounded
3.5796610169491525,1.9000000000000001,1.0781966955707785,2.0313571998621622,overload_or_unbounded
3.5796610169491525,2.0,1.0881590888013777,1.9476203352106014,overload_or_unbounded
3.5796610169491525,2.1,1.0970548559924138,1.8700402387860997,overload_or_unbounded
3.5796610169491525,2.2,1.10498743411898,1.7979456555156286,overload_or_unbounded
3.5796610169491525,2.3000000000000003,1.1120476977195886,1.7307625184847242,overload_or_unbounded
3.5796610169491525,2.4000000000000004,1.1183158064780365,1.6679964571197832,overload_or_unbounded
3.5796610169491525,2.5000000000000004,1.1238627360758995,1.609219049893084,overload_or_unbounded
3.5796610169491525,2.6,1.1287515539019193,1.5540568982013385,overload_or_unbounded
3.5796610169491525,2.7,1.133038487888612,1.5021828539992144,overload_or_unbounded
3.5796610169491525,2.8000000000000003,1.1367738265842482,1.4533089114684816,overload_or_unbounded
3.5796610169491525,2.9000000000000004,1.1400026807512926,1.407180398449287,overload_or_unbounded
3.5796610169491525,3.0000000000000004,1.1427656307241878,1.363571193270895,overload_or_unbounded
3.5796610169491525,3.1,1.1450992790309773,1.3222797579625063,overload_or_unbounded
3.5796610169491525,3.2,1.1470367240681478,1.2831258269236907,overload_or_unbounded
3.5796610169491525,3.3000000000000003,1.1486079676804852,1.2459476259584925,overload_or_unbounded
3.5796610169491525,3.4000000000000004,1.1498402671610677,1.210599523551433,overload_or_unbounded
3.5796610169491525,3.5000000000000004,1.150758440317155,1.176950036779579,overload_or_unbounded
3.5796610169491525,3.6,1.1513851307441267,1.1448801300054592,near_critical
3.5796610169491525,3.7,1.1517410392339331,1.1142817566935714,near_critical
3.5796610169491525,3.8000000000000003,1.1518451262567804,1.0850566042169134,near_critical
3.5796610169491525,3.9000000000000004,1.151714789648451,1.0571150090123984,near_critical
3.5796610169491525,4.0,1.1513660209744743,1.0303750153805464,near_critical
3.5796610169491525,4.1,1.1508135434978548,1.0047615559600949,near_critical
3.5796610169491525,4.2,1.1500709342268163,0.9802057357090538,near_critical
3.5796610169491525,4.3,1.1491507321451906,0.9566442042927246,near_critical
3.5796610169491525,4.3999999999999995,1.1480645344166074,0.9340186042711384,near_critical
3.5796610169491525,4.5,1.1468230820930878,0.9122750845124676,near_critical
3.5796610169491525,4.6,1.145436336639997,0.8913638699276618,near_critical
3.5796610169491525,4.7,1.1439135484051777,0.8712388799970194,near_critical
3.5796610169491525,4.8,1.1422633180045167,0.8518573896982836,near_critical
3.5796610169491525,4.9,1.1404936514643769,0.8331797273928618,underdriven_or_overconstrained
3.5796610169491525,5.0,1.1386120098492596,0.8151690050175039,underdriven_or_overconstrained
3.5796610169491525,5.1,1.1366253540075473,0.7977908765915388,underdriven_or_overconstrained
3.5796610169491525,5.2,1.134540184986507,0.7810133216073999,underdriven_or_overconstrained
3.5796610169491525,5.3,1.132362580597761,0.7648064503429713,underdriven_or_overconstrained
3.5796610169491525,5.4,1.1300982285542611,0.7491423285331449,underdriven_or_overconstrained
3.5796610169491525,5.5,1.1277524565479984,0.7339948191770023,underdriven_or_overconstrained
3.5796610169491525,5.6,1.125330259592916,0.719339439546077,underdriven_or_overconstrained
3.5796610169491525,5.7,1.122836324918754,0.705153231706336,underdriven_or_overconstrained
3.5796610169491525,5.8,1.120275054667939,0.6914146450785176,underdriven_or_overconstrained
3.5796610169491525,5.9,1.1176505866183992,0.6781034297437688,underdriven_or_overconstrained
3.5796610169491525,6.0,1.1149668131297186,0.6652005393587473,underdriven_or_overconstrained
3.6805084745762713,0.1,0.3747777581089633,13.793727148027354,overload_or_unbounded
3.6805084745762713,0.2,0.4803143479862697,8.83900514112021,overload_or_unbounded
3.6805084745762713,0.30000000000000004,0.5684344440739384,6.973759295517272,overload_or_unbounded
3.6805084745762713,0.4,0.6428791760517524,5.915305638967713,overload_or_unbounded
3.6805084745762713,0.5,0.7063919773960352,5.199763318357594,overload_or_unbounded
3.6805084745762713,0.6,0.7610303658394264,4.6682978514698155,overload_or_unbounded
3.6805084745762713,0.7000000000000001,0.8083676836659274,4.25029158615148,overload_or_unbounded
3.6805084745762713,0.8,0.8496275912386279,3.9088269372344926,overload_or_unbounded
3.6805084745762713,0.9,0.885776088884931,3.622340446353347,overload_or_unbounded
3.6805084745762713,1.0,0.9175859322141623,3.377182799666192,overload_or_unbounded
3.6805084745762713,1.1,0.9456826430567846,3.164175438209257,overload_or_unbounded
3.6805084745762713,1.2000000000000002,0.9705779719638056,2.976850375874864,overload_or_unbounded
3.6805084745762713,1.3000000000000003,0.9926946313567694,2.8104776949038124,overload_or_unbounded
3.6805084745762713,1.4000000000000001,1.0123848453885886,2.66149357356092,overload_or_unbounded
3.6805084745762713,1.5000000000000002,1.02994444783619,2.5271461790692507,overload_or_unbounded
3.6805084745762713,1.6,1.0456237266318036,2.405266866928985,overload_or_unbounded
3.6805084745762713,1.7000000000000002,1.0596358584969614,2.294116915978217,overload_or_unbounded
3.6805084745762713,1.8000000000000003,1.0721635361535367,2.192281656080419,overload_or_unbounded
3.6805084745762713,1.9000000000000001,1.0833642243863368,2.098595373108769,overload_or_unbounded
3.6805084745762713,2.0,1.0933743648919023,2.0120868079345473,overload_or_unbounded
3.6805084745762713,2.1,1.1023127672843678,1.9319388007732077,overload_or_unbounded
3.6805084745762713,2.2,1.1102833642865428,1.8574578779262156,overload_or_unbounded
3.6805084745762713,2.3000000000000003,1.117377465976019,1.788050970793607,overload_or_unbounded
3.6805084745762713,2.4000000000000004,1.1236756162220374,1.7232073450749674,overload_or_unbounded
3.6805084745762713,2.5000000000000004,1.1292491308749764,1.6624843984372957,overload_or_unbounded
3.6805084745762713,2.6,1.1341613795898997,1.6054963727375926,overload_or_unbounded
3.6805084745762713,2.7,1.1384688597858303,1.5519052912899751,overload_or_unbounded
3.6805084745762713,2.8000000000000003,1.1422221010315528,1.5014136152481943,overload_or_unbounded
3.6805084745762713,2.9000000000000004,1.1454664302942066,1.4537582427725713,overload_or_unbounded
3.6805084745762713,3.0000000000000004,1.1482426223996915,1.4087055675372486,overload_or_unbounded
3.6805084745762713,3.1,1.1505874553028728,1.3660473806397968,overload_or_unbounded
3.6805084745762713,3.2,1.1525341860326255,1.3255974496662322,overload_or_unbounded
3.6805084745762713,3.3000000000000003,1.1541129602251219,1.2871886456748083,overload_or_unbounded
3.6805084745762713,3.4000000000000004,1.1553511658108717,1.2506705167289671,overload_or_unbounded
3.6805084745762713,3.5000000000000004,1.1562737395427176,1.215907227804848,overload_or_unbounded
3.6805084745762713,3.6,1.156903433541165,1.1827758031707343,overload_or_unbounded
3.6805084745762713,3.7,1.157261047811915,1.151164619937505,overload_or_unbounded
3.6805084745762713,3.8000000000000003,1.1573656336979956,1.120972111318108,near_critical
3.6805084745762713,3.9000000000000004,1.1572346724186933,1.0921056458744858,near_critical
3.6805084745762713,4.0,1.1568842321831356,1.0644805551634233,near_critical
3.6805084745762713,4.1,1.1563291068192687,1.0380192870847633,near_critical
3.6805084745762713,4.2,1.1555829384065426,1.0126506661621497,near_critical
3.6805084745762713,4.3,1.154658326025022,0.9883092451570105,near_critical
3.6805084745762713,4.3999999999999995,1.1535669224206606,0.9649347349909341,near_critical
3.6805084745762713,4.5,1.1523195201246719,0.9424715020530037,near_critical
3.6805084745762713,4.6,1.1509261283452494,0.9208681236925973,near_critical
3.6805084745762713,4.7,1.1493960417648537,0.9000769941191417,near_critical
3.6805084745762713,4.8,1.1477379022199865,0.880053974106886,near_critical
3.6805084745762713,4.9,1.1459597541079056,0.8607580788811198,near_critical
3.6805084745762713,5.0,1.1440690942521403,0.8421511993791603,underdriven_or_overconstrained
3.6805084745762713,5.1,1.1420729168626893,0.8241978527641509,underdriven_or_overconstrained
3.6805084745762713,5.2,1.1399777541447238,0.8068649586457848,underdriven_or_overconstrained
3.6805084745762713,5.3,1.1377897130393062,0.7901216379484661,underdriven_or_overconstrained
3.6805084745762713,5.4,1.1355145085191836,0.7739390317794749,underdriven_or_overconstrained
3.6805084745762713,5.5,1.1331574938106506,0.7582901379999468,underdriven_or_overconstrained
3.6805084745762713,5.6,1.1307236878675109,0.7431496635000908,underdriven_or_overconstrained
3.6805084745762713,5.7,1.1282178003842318,0.7284938904354326,underdriven_or_overconstrained
3.6805084745762713,5.8,1.1256442546016145,0.7143005548998849,underdriven_or_overconstrained
3.6805084745762713,5.9,1.1230072081289288,0.7005487366997899,underdriven_or_overconstrained
3.6805084745762713,6.0,1.1203105719808704,0.6872187590554971,underdriven_or_overconstrained
3.78135593220339,0.1,0.37648999750239986,14.23642685470939,overload_or_unbounded
3.78135593220339,0.2,0.4825087502154857,9.122686624836852,overload_or_unbounded
3.78135593220339,0.30000000000000004,0.5710314387639132,7.197577061481864,overload_or_unbounded
3.78135593220339,0.4,0.6458162848492701,6.105153099570854,overload_or_unbounded
3.78135593220339,0.5,0.7096192558156722,5.366645965168695,overload_or_unbounded
3.78135593220339,0.6,0.7645072695344767,4.818123498111349,overload_or_unbounded
3.78135593220339,0.7000000000000001,0.8120608563860423,4.38670162372218,overload_or_unbounded
3.78135593220339,0.8,0.8535092672452558,4.03427791361052,overload_or_unbounded
3.78135593220339,0.9,0.8898229157852401,3.738596845794484,overload_or_unbounded
3.78135593220339,1.0,0.9217780880878934,3.485571041566255,overload_or_unbounded
3.78135593220339,1.1,0.9500031637923301,3.265727362743742,overload_or_unbounded
3.78135593220339,1.2000000000000002,0.9750122314737176,3.0723902378783383,overload_or_unbounded
3.78135593220339,1.3000000000000003,0.9972299347910992,2.9006779459177863,overload_or_unbounded
3.78135593220339,1.4000000000000001,1.0170101070965913,2.746912286843215,overload_or_unbounded
3.78135593220339,1.5000000000000002,1.0346499337367798,2.6082531097929444,overload_or_unbounded
3.78135593220339,1.6,1.050400846129195,2.482462169188807,overload_or_unbounded
3.78135593220339,1.7000000000000002,1.0644769949314479,2.3677449408694518,overload_or_unbounded
3.78135593220339,1.8000000000000003,1.0770619075298726,2.262641351882435,overload_or_unbounded
3.78135593220339,1.9000000000000001,1.0883137681153827,2.1659482753482773,overload_or_unbounded
3.78135593220339,2.0,1.098369641742876,2.0766632802782685,overload_or_unbounded
3.78135593220339,2.1,1.1073488808295147,1.993942980734986,overload_or_unbounded
3.78135593220339,2.2,1.1153558929333895,1.9170716464825825,overload_or_unbounded
3.78135593220339,2.3000000000000003,1.1224824052985551,1.8454371748128786,overload_or_unbounded
3.78135593220339,2.4000000000000004,1.128809329773363,1.778512439777099,overload_or_unbounded
3.78135593220339,2.5000000000000004,1.1344083080274423,1.7158406340401515,overload_or_unbounded
3.78135593220339,2.6,1.139342999231489,1.657023618830151,overload_or_unbounded
3.78135593220339,2.7,1.1436701589231162,1.6017125703436736,overload_or_unbounded
3.78135593220339,2.8000000000000003,1.1474405475245046,1.5496004004401756,overload_or_unbounded
3.78135593220339,2.9000000000000004,1.1506996990871712,1.5004155632165275,overload_or_unbounded
3.78135593220339,3.0000000000000004,1.1534885747241197,1.4539169549206274,overload_or_unbounded
3.78135593220339,3.1,1.1558441204168968,1.4098896843357556,overload_or_unbounded
3.78135593220339,3.2,1.1577997451350779,1.368141542053156,overload_or_unbounded
3.78135593220339,3.3000000000000003,1.15938573224058,1.328500035248451,overload_or_unbounded
3.78135593220339,3.4000000000000004,1.1606295947905847,1.2908098833388804,overload_or_unbounded
3.78135593220339,3.5000000000000004,1.1615563834659615,1.2549308917736366,overload_or_unbounded
3.78135593220339,3.6,1.162188954334358,1.2207361380037445,overload_or_unbounded
3.78135593220339,3.7,1.1625482024300315,1.1881104166841048,overload_or_unbounded
3.78135593220339,3.8000000000000003,1.1626532661354874,1.1569489013150187,overload_or_unbounded
3.78135593220339,3.9000000000000004,1.1625217065360962,1.1271559875193526,near_critical
3.78135593220339,4.0,1.1621696652514812,1.0986442894813793,near_critical
3.78135593220339,4.1,1.161612003697844,1.0713337661223192,near_critical
3.78135593220339,4.2,1.1608624262809204,1.0451509576403284,near_critical
3.78135593220339,4.3,1.1599335896419327,1.020028316314999,near_critical
3.78135593220339,4.3999999999999995,1.158837199764493,0.9959036181335071,near_critical
3.78135593220339,4.5,1.1575840984874297,0.9727194439643903,near_critical
3.78135593220339,4.6,1.1561843407477985,0.9504227207842074,near_critical
3.78135593220339,4.7,1.1546472636924836,0.928964314928933,near_critical
3.78135593220339,4.8,1.1529815486397668,0.908298670556257,near_critical
3.78135593220339,4.9,1.1511952767391764,0.8883834875147363,near_critical
3.78135593220339,5.0,1.1492959790648252,0.8691794336588561,near_critical
3.78135593220339,5.1,1.1472906817810138,0.8506498873557468,near_critical
3.78135593220339,5.2,1.1451859469364647,0.8327607065238763,underdriven_or_overconstrained
3.78135593220339,5.3,1.1429879093728954,0.8154800210460281,underdriven_or_overconstrained
3.78135593220339,5.4,1.1407023101729306,0.7987780458241708,underdriven_or_overconstrained
3.78135593220339,5.5,1.1383345270200393,0.782626912105303,underdriven_or_overconstrained
3.78135593220339,5.6,1.135889601798016,0.7670005150155491,underdriven_or_overconstrained
3.78135593220339,5.7,1.1333722657184115,0.7518743755033529,underdriven_or_overconstrained
3.78135593220339,5.8,1.1307869622303954,0.7372255151186478,underdriven_or_overconstrained
3.78135593220339,5.9,1.1281378679380214,0.7230323422492749,underdriven_or_overconstrained
3.78135593220339,6.0,1.1254289117241574,0.7092745486035579,underdriven_or_overconstrained
3.8822033898305084,0.1,0.378131500395986,14.679833926389927,overload_or_unbounded
3.8822033898305084,0.2,0.48461249670254686,9.406821387264266,overload_or_unbounded
3.8822033898305084,0.30000000000000004,0.5735211457024185,7.421752453284685,overload_or_unbounded
3.8822033898305084,0.4,0.6486320550087373,6.295303906769121,overload_or_unbounded
3.8822033898305084,0.5,0.7127132080308527,5.533795264388706,overload_or_unbounded
3.8822033898305084,0.6,0.7678405344377507,4.968188542739175,overload_or_unbounded
3.8822033898305084,0.7000000000000001,0.8156014557495544,4.523329623230882,overload_or_unbounded
3.8822033898305084,0.8,0.8572305823962026,4.159929341056148,overload_or_unbounded
3.8822033898305084,0.9,0.8937025590711986,3.855039004807119,overload_or_unbounded
3.8822033898305084,1.0,0.9257970564771688,3.594132470950772,overload_or_unbounded
3.8822033898305084,1.1,0.9541451939993109,3.3674415513951024,overload_or_unbounded
3.8822033898305084,1.2000000000000002,0.9792633016478615,3.168082757661619,overload_or_unbounded
3.8822033898305084,1.3000000000000003,1.0015778745355537,2.9910223228470474,overload_or_unbounded
3.8822033898305084,1.4000000000000001,1.0214442887340325,2.832467485890195,overload_or_unbounded
3.8822033898305084,1.5000000000000002,1.039161025323129,2.689489636726131,overload_or_unbounded
3.8822033898305084,1.6,1.0549806119656973,2.5597808174866836,overload_or_unbounded
3.8822033898305084,1.7000000000000002,1.0691181330199164,2.4414906118465787,overload_or_unbounded
3.8822033898305084,1.8000000000000003,1.0817579160546953,2.3331134714908464,overload_or_unbounded
3.8822033898305084,1.9000000000000001,1.0930588349467523,2.2334087970076144,overload_or_unbounded
3.8822033898305084,2.0,1.103158552356993,2.1413429357404175,overload_or_unbounded
3.8822033898305084,2.1,1.1121769410811801,2.0560462336936585,overload_or_unbounded
3.8822033898305084,2.2,1.120218863896162,1.9767806685317095,overload_or_unbounded
3.8822033898305084,2.3000000000000003,1.127376447978362,1.902915073024641,overload_or_unbounded
3.8822033898305084,2.4000000000000004,1.1337309579531878,1.8339059033840226,overload_or_unbounded
3.8822033898305084,2.5000000000000004,1.1393543478491863,1.7692821245752952,overload_or_unbounded
3.8822033898305084,2.6,1.1443105543921372,1.7086331974153783,overload_or_unbounded
3.8822033898305084,2.7,1.1486565805747788,1.651599433651306,overload_or_unbounded
3.8822033898305084,2.8000000000000003,1.152443408135609,1.597864180589959,overload_or_unbounded
3.8822033898305084,2.9000000000000004,1.1557167696553958,1.5471474347724627,overload_or_unbounded
3.8822033898305084,3.0000000000000004,1.1585178048383038,1.4992005830407538,overload_or_unbounded
3.8822033898305084,3.1,1.1608836207509972,1.4538020411865276,overload_or_unbounded
3.8822033898305084,3.2,1.1628477720267363,1.4107536132559528,overload_or_unbounded
3.8822033898305084,3.3000000000000003,1.1644406740634188,1.3698774339713715,overload_or_unbounded
3.8822033898305084,3.4000000000000004,1.1656899598756314,1.3310133863884013,overload_or_unbounded
3.8822033898305084,3.5000000000000004,1.1666207893656444,1.2940169094634422,overload_or_unbounded
3.8822033898305084,3.6,1.1672561182539558,1.2587571275238632,overload_or_unbounded
3.8822033898305084,3.7,1.1676169326775332,1.2251152470443836,overload_or_unbounded
3.8822033898305084,3.8000000000000003,1.16772245446256,1.1929831766041452,overload_or_unbounded
3.8822033898305084,3.9000000000000004,1.1675903212610426,1.162262334136644,overload_or_unbounded
3.8822033898305084,4.0,1.1672367450703445,1.1328626121117051,near_critical
3.8822033898305084,4.1,1.166676652102699,1.1047014764949286,near_critical
3.8822033898305084,4.2,1.1659238065152875,1.0777031795089853,near_critical
3.8822033898305084,4.3,1.1649909201325066,1.0517980695953908,near_critical
3.8822033898305084,4.3999999999999995,1.1638897499762595,1.0269219847151858,near_critical
3.8822033898305084,4.5,1.1626311851559787,1.0030157173633782,near_critical
3.8822033898305084,4.6,1.1612253244484196,0.9800245415066711,near_critical
3.8822033898305084,4.7,1.159681545710588,0.9578977931662827,near_critical
3.8822033898305084,4.8,1.1580085681114634,0.9365884976198117,near_critical
3.8822033898305084,4.9,1.1562145080345259,0.9160530372373161,near_critical
3.8822033898305084,5.0,1.1543069293895007,0.8962508548361531,near_critical
3.8822033898305084,5.1,1.1522928889748874,0.8771441881678231,near_critical
3.8822033898305084,5.2,1.1501789774500533,0.8586978317631507,near_critical
3.8822033898305084,5.3,1.147971356404732,0.8408789228797694,underdriven_or_overconstrained
3.8822033898305084,5.4,1.145675791952768,0.8236567487344052,underdriven_or_overconstrained
3.8822033898305084,5.5,1.143297685224423,0.8070025725752052,underdriven_or_overconstrained
3.8822033898305084,5.6,1.1408421000861915,0.7908894764671374,underdriven_or_overconstrained
3.8822033898305084,5.7,1.1383137883777887,0.7752922189352736,underdriven_or_overconstrained
3.8822033898305084,5.8,1.1357172129218998,0.7601871058438373,underdriven_or_overconstrained
3.8822033898305084,5.9,1.1330565685326437,0.7455518730893479,underdriven_or_overconstrained
3.8822033898305084,6.0,1.1303358012228855,0.7313655798590449,underdriven_or_overconstrained
3.983050847457627,0.1,0.3797065615057841,15.123905415908348,overload_or_unbounded
3.983050847457627,0.2,0.4866310915460841,9.691381907909301,overload_or_unbounded
3.983050847457627,0.30000000000000004,0.5759100787886511,7.646263757928416,overload_or_unbounded
3.983050847457627,0.4,0.6513338535188926,6.4857396430906675,overload_or_unbounded
3.983050847457627,0.5,0.7156819288468473,5.701195026407089,overload_or_unbounded
3.983050847457627,0.6,0.7710388814758921,5.118478450475555,overload_or_unbounded
3.983050847457627,0.7000000000000001,0.8189987451388292,4.660162351274209,overload_or_unbounded
3.983050847457627,0.8,0.8608012728862778,4.285769049327866,overload_or_unbounded
3.983050847457627,0.9,0.8974251691765348,3.9716556451315568,overload_or_unbounded
3.983050847457627,1.0,0.9296533523364022,3.702856572865331,overload_or_unbounded
3.983050847457627,1.1,0.9581195706026757,3.469308152413387,overload_or_unbounded
3.983050847457627,1.2000000000000002,0.983342304695909,3.2639186667166467,overload_or_unbounded
3.983050847457627,1.3000000000000003,1.0057498262427327,3.0815020751895976,overload_or_unbounded
3.983050847457627,1.4000000000000001,1.0256989915909105,2.918150884066149,overload_or_unbounded
3.983050847457627,1.5000000000000002,1.0434895251071732,2.7708478915275214,overload_or_unbounded
3.983050847457627,1.6,1.059375006327865,2.63721532295602,overload_or_unbounded
3.983050847457627,1.7000000000000002,1.0735714155190899,2.515346786111526,overload_or_unbounded
3.983050847457627,1.8000000000000003,1.086263848043989,2.403691189174552,overload_or_unbounded
3.983050847457627,1.9000000000000001,1.0976118395492327,2.300970404050577,overload_or_unbounded
3.983050847457627,2.0,1.1077536261129193,2.2061195096316615,overload_or_unbounded
3.983050847457627,2.1,1.1168095798464688,2.1182425445029875,overload_or_unbounded
3.983050847457627,2.2,1.124885000319965,2.036579160825823,overload_or_unbounded
3.983050847457627,2.3000000000000003,1.132072398454462,1.9604790982814928,overload_or_unbounded
3.983050847457627,2.4000000000000004,1.138453377373353,1.8893823706408044,overload_or_unbounded
3.983050847457627,2.5000000000000004,1.1441001908210024,1.8228036938504104,overload_or_unbounded
3.983050847457627,2.6,1.1490770418439022,1.7603201097347916,overload_or_unbounded
3.983050847457627,2.7,1.153441170873874,1.7015610493117412,overload_or_unbounded
3.983050847457627,2.8000000000000003,1.1572437720076922,1.6462002810036784,overload_or_unbounded
3.983050847457627,2.9000000000000004,1.1605307683196684,1.593949331122864,overload_or_unbounded
3.983050847457627,3.0000000000000004,1.1633434708764374,1.544552065852897,overload_or_unbounded
3.983050847457627,3.1,1.1657191413096697,1.4977801979648573,overload_or_unbounded
3.983050847457627,3.2,1.1676914740203987,1.4534295359893736,overload_or_unbounded
3.983050847457627,3.3000000000000003,1.1692910110981902,1.4113168341452218,overload_or_unbounded
3.983050847457627,3.4000000000000004,1.1705455006596164,1.371277131879411,overload_or_unbounded
3.983050847457627,3.5000000000000004,1.171480207407483,1.3331614951126318,overload_or_unbounded
3.983050847457627,3.6,1.17211818268157,1.296835089125089,overload_or_unbounded
3.983050847457627,3.7,1.1724805000340646,1.2621755268346548,overload_or_unbounded
3.983050847457627,3.8000000000000003,1.1725864613573462,1.2290714470070307,overload_or_unbounded
3.983050847457627,3.9000000000000004,1.1724537777709314,1.1974212854244628,overload_or_unbounded
3.983050847457627,4.0,1.1720987288013014,1.167132208764008,overload_or_unbounded
3.983050847457627,4.1,1.171536302834024,1.1381191863001061,near_critical
3.983050847457627,4.2,1.1707803213592156,1.1103041788515564,near_critical
3.983050847457627,4.3,1.1698435491508428,1.0836154278693262,near_critical
3.983050847457627,4.3999999999999995,1.1687377922032638,1.0579868303843105,near_critical
3.983050847457627,4.5,1.1674739849831814,1.033357387838221,near_critical
3.983050847457627,4.6,1.166062268332587,1.0096707187109726,near_critical
3.983050847457627,4.7,1.1645120591708167,0.9868746264159464,near_critical
3.983050847457627,4.8,1.162832112985496,0.9649207152245465,near_critical
3.983050847457627,4.9,1.1610305799679204,0.9437640480541725,near_critical
3.983050847457627,5.0,1.159115055534368,0.9233628408494119,near_critical
3.983050847457627,5.1,1.1570926258775802,0.9036781890369936,near_critical
3.983050847457627,5.2,1.1549699091095202,0.8846738221666793,near_critical
3.983050847457627,5.3,1.15275309248528,0.8663158833835652,near_critical
3.983050847457627,5.4,1.1504479661367548,0.8485727308290564,underdriven_or_overconstrained
3.983050847457627,5.5,1.1480599536919622,0.8314147584518063,underdriven_or_overconstrained
3.983050847457627,5.6,1.1455941401103218,0.8148142340373051,underdriven_or_overconstrained
3.983050847457627,5.7,1.1430552970247627,0.7987451525448089,underdriven_or_overconstrained
3.983050847457627,5.8,1.1404479058473191,0.7831831030804209,underdriven_or_overconstrained
3.983050847457627,5.9,1.1377761788651024,0.7681051480416519,underdriven_or_overconstrained
3.983050847457627,6.0,1.1350440785276172,0.7534897131468645,underdriven_or_overconstrained
4.0838983050847455,0.1,0.3812191347769204,15.568601783813383,overload_or_unbounded
4.0838983050847455,0.2,0.48856960211344835,9.9763428499352,overload_or_unbounded
4.0838983050847455,0.30000000000000004,0.5782042350663282,7.871090985267331,overload_or_unbounded
4.0838983050847455,0.4,0.6539284628232774,6.67644335242664,overload_or_unbounded
4.0838983050847455,0.5,0.7185328707739926,5.86883034620317,overload_or_unbounded
4.0838983050847455,0.6,0.774110339600035,5.268979839735266,overload_or_unbounded
4.0838983050847455,0.7000000000000001,0.8222612529187279,4.797187624473788,overload_or_unbounded
4.0838983050847455,0.8,0.8642303023767469,4.411785833849092,overload_or_unbounded
4.0838983050847455,0.9,0.9010000911330014,4.088436383399184,overload_or_unbounded
4.0838983050847455,1.0,0.9333566562945691,3.811733666680956,overload_or_unbounded
4.0838983050847455,1.1,0.9619362706546819,3.5713180957510877,overload_or_unbounded
4.0838983050847455,1.2000000000000002,0.9872594803184798,3.3598894319595716,overload_or_unbounded
4.0838983050847455,1.3000000000000003,1.0097562629463597,3.1721091467656493,overload_or_unbounded
4.0838983050847455,1.4000000000000001,1.0297848964347966,3.003954852251383,overload_or_unbounded
4.0838983050847455,1.5000000000000002,1.0476462991121538,2.8523206301816204,overload_or_unbounded
4.0838983050847455,1.6,1.0635950606569946,2.714758790946005,overload_or_unbounded
4.0838983050847455,1.7000000000000002,1.0778480216997428,2.589306887622662,overload_or_unbounded
4.0838983050847455,1.8000000000000003,1.0905910149368583,2.474368220800715,overload_or_unbounded
4.0838983050847455,1.9000000000000001,1.1019842115303782,2.3686270808942425,overload_or_unbounded
4.0838983050847455,2.0,1.1121663982262535,2.2709872343442012,overload_or_unbounded
4.0838983050847455,2.1,1.1212584266420726,2.18052637529788,overload_or_unbounded
4.0838983050847455,2.2,1.1293660158121355,2.096461798997951,overload_or_unbounded
4.0838983050847455,2.3000000000000003,1.1365820451777182,2.018124125170016,overload_or_unbounded
4.0838983050847455,2.4000000000000004,1.1429884429308745,1.9449369020070209,overload_or_unbounded
4.0838983050847455,2.5000000000000004,1.148657750641078,1.8764005763862217,overload_or_unbounded
4.0838983050847455,2.6,1.1536544271097162,1.812079753664186,overload_or_unbounded
4.0838983050847455,2.7,1.1580359407877077,1.7515929688185696,overload_or_unbounded
4.0838983050847455,2.8000000000000003,1.161853689705154,1.6946043979083343,overload_or_unbounded
4.0838983050847455,2.9000000000000004,1.1651537798724063,1.6408170850979324,overload_or_unbounded
4.0838983050847455,3.0000000000000004,1.1679776869200595,1.5899673653298774,overload_or_unbounded
4.0838983050847455,3.1,1.170362820912689,1.5418202389224296,overload_or_unbounded
4.0838983050847455,3.2,1.1723430104740562,1.4961655104540457,overload_or_unbounded
4.0838983050847455,3.3000000000000003,1.1739489193591202,1.452814546068721,overload_or_unbounded
4.0838983050847455,3.4000000000000004,1.1752084062199661,1.4115975347891367,overload_or_unbounded
4.0838983050847455,3.5000000000000004,1.1761468364021543,1.3723611633467265,overload_or_unbounded
4.0838983050847455,3.6,1.1767873530712158,1.3349666324035283,overload_or_unbounded
4.0838983050847455,3.7,1.1771511137265094,1.2992879562638682,overload_or_unbounded
4.0838983050847455,3.8000000000000003,1.1772574971501222,1.2652104992788666,overload_or_unbounded
4.0838983050847455,3.9000000000000004,1.1771242850143837,1.2326297108831625,overload_or_unbounded
4.0838983050847455,4.0,1.1767678216957909,1.201450028125427,overload_or_unbounded
4.0838983050847455,4.1,1.1762031552866268,1.1715839200757037,overload_or_unbounded
4.0838983050847455,4.2,1.1754441623353569,1.1429510529245528,near_critical
4.0838983050847455,4.3,1.1745036584648345,1.115477558167528,near_critical
4.0838983050847455,4.3999999999999995,1.173393496698975,1.0890953891741835,near_critical
4.0838983050847455,4.5,1.1721246550622806,1.0637417538126424,near_critical
4.0838983050847455,4.6,1.1707073147931117,1.0393586127465004,near_critical
4.0838983050847455,4.7,1.1691509303234051,1.0158922346246824,near_critical
4.0838983050847455,4.8,1.1674642920185518,0.993292800712818,near_critical
4.0838983050847455,4.9,1.1656555825363961,0.9715140526189714,near_critical
4.0838983050847455,5.0,1.1637324275498009,0.9505129776885576,near_critical
4.0838983050847455,5.1,1.1617019414795828,0.9302495274161032,near_critical
4.0838983050847455,5.2,1.1595707688011672,0.9106863648717118,near_critical
4.0838983050847455,5.3,1.157345121416775,0.8917886376890691,near_critical
4.0838983050847455,5.4,1.1550308125234774,0.8735237736269047,near_critical
4.0838983050847455,5.5,1.1526332873544884,0.8558612961111371,near_critical
4.0838983050847455,5.6,1.1501576511253266,0.8387726575019596,underdriven_or_overconstrained
4.0838983050847455,5.7,1.1476086944768742,0.8222310881183551,underdriven_or_overconstrained
4.0838983050847455,5.8,1.144990916673014,0.8062114592997155,underdriven_or_overconstrained
4.0838983050847455,5.9,1.1423085467806375,0.7906901589968244,underdriven_or_overconstrained
4.0838983050847455,6.0,1.139565563033795,0.7756449785677765,underdriven_or_overconstrained
4.184745762711865,0.1,0.3826728665249233,16.013886566949758,overload_or_unbounded
4.184745762711865,0.2,0.4904327015145765,10.261680847792283,overload_or_unbounded
4.184745762711865,0.30000000000000004,0.580409144989954,8.096215700453087,overload_or_unbounded
4.184745762711865,0.4,0.6564221376695971,6.867399397907777,overload_or_unbounded
4.184745762711865,0.5,0.7212729064934459,6.036687478414637,overload_or_unbounded
4.184745762711865,0.6,0.7770623130831928,5.419680370063287,overload_or_unbounded
4.184745762711865,0.7000000000000001,0.8253968439200036,4.934394207357116,overload_or_unbounded
4.184745762711865,0.8,0.8675259371273122,4.537969361795199,overload_or_unbounded
4.184745762711865,0.9,0.9044359428989418,4.20537164410073,overload_or_unbounded
4.184745762711865,1.0,0.9369158957966977,3.920754824952621,overload_or_unbounded
4.184745762711865,1.1,0.965604494960958,3.6734630170394533,overload_or_unbounded
4.184745762711865,1.2000000000000002,0.9910242715346806,3.455987184207806,overload_or_unbounded
4.184745762711865,1.3000000000000003,1.0136068428445826,3.262836108192013,overload_or_unbounded
4.184745762711865,1.4000000000000001,1.0337118530353282,3.0898723548961566,overload_or_unbounded
4.184745762711865,1.5000000000000002,1.0516413679498928,2.933901172280548,overload_or_unbounded
4.184745762711865,1.6,1.0676509481129088,2.79240486323175,overload_or_unbounded
4.184745762711865,1.7000000000000002,1.0819582610495697,2.6633648519754614,overload_or_unbounded
4.184745762711865,1.8000000000000003,1.0947498481062063,2.5451387711621685,overload_or_unbounded
4.184745762711865,1.9000000000000001,1.1061864912376576,2.436373279987312,overload_or_unbounded
4.184745762711865,2.0,1.1164075064358656,2.3359407910086034,overload_or_unbounded
4.184745762711865,2.1,1.1255342061710283,2.2428926190768923,overload_or_unbounded
4.184745762711865,2.2,1.1336727126238326,2.156423672933931,overload_or_unbounded
4.184745762711865,2.3000000000000003,1.1409162594197495,2.0758454270503766,overload_or_unbounded
4.184745762711865,2.4000000000000004,1.1473470871738014,2.000564942254319,overload_or_unbounded
4.184745762711865,2.5000000000000004,1.1530380140837138,1.9300683774730092,overload_or_unbounded
4.184745762711865,2.6,1.1580537447564943,1.8639078851393638,overload_or_unbounded
4.184745762711865,2.7,1.16245196679185,1.8016910897734322,overload_or_unbounded
4.184745762711865,2.8000000000000003,1.166284274219877,1.7430725623782541,overload_or_unbounded
4.184745762711865,2.9000000000000004,1.1695969488704612,1.6877468537470304,overload_or_unbounded
4.184745762711865,3.0000000000000004,1.1724316245363553,1.6354427576159667,overload_or_unbounded
4.184745762711865,3.1,1.1748258539407626,1.585918552968695,overload_or_unbounded
4.184745762711865,3.2,1.1768135947086926,1.5389580324871621,overload_or_unbounded
4.184745762711865,3.3000000000000003,1.1784256275275198,1.4943671671111693,overload_or_unbounded
4.184745762711865,3.4000000000000004,1.1796899172848334,1.4519712890210636,overload_or_unbounded
4.184745762711865,3.5000000000000004,1.1806319260537834,1.4116126999645477,overload_or_unbounded
4.184745762711865,3.6,1.1812748852534842,1.3731486307395728,overload_or_unbounded
4.184745762711865,3.7,1.181640033064786,1.3364494922752896,overload_or_unbounded
4.184745762711865,3.8000000000000003,1.1817468221683511,1.3013973701755839,overload_or_unbounded
4.184745762711865,3.9000000000000004,1.181613102044704,1.2678847235759994,overload_or_unbounded
4.184745762711865,4.0,1.1812552793975888,1.23581325628502,overload_or_unbounded
4.184745762711865,4.1,1.180688459703316,1.205092933860061,overload_or_unbounded
4.184745762711865,4.2,1.1799265724268428,1.1756411248272298,overload_or_unbounded
4.184745762711865,4.3,1.1789824820618058,1.1473818479348046,near_critical
4.184745762711865,4.3999999999999995,1.177868086832153,1.120245110319178,near_critical
4.184745762711865,4.5,1.176594406625717,1.0941663239016557,near_critical
4.184745762711865,4.6,1.1751716615057444,1.0690857893359185,near_critical
4.184745762711865,4.7,1.1736093419574718,1.0449482384756574,near_critical
4.184745762711865,4.8,1.1719162718672556,1.02170242769783,near_critical
4.184745762711865,4.9,1.1701006650964876,0.9993007755528288,near_critical
4.184745762711865,5.0,1.1681701763975854,0.9776990391612332,near_critical
4.184745762711865,5.1,1.1661319473213245,0.956856024571735,near_critical
4.184745762711865,5.2,1.163992647681011,0.9367333269636297,near_critical
4.184745762711865,5.3,1.161758513067182,0.9172950971419485,near_critical
4.184745762711865,5.4,1.1594353788448126,0.8985078312516768,near_critical
4.184745762711865,5.5,1.1570287110118365,0.8803401810441369,near_critical
4.184745762711865,5.6,1.154543634251876,0.862762782375267,near_critical
4.184745762711865,5.7,1.151984957474327,0.8457480999120172,underdriven_or_overconstrained
4.184745762711865,5.8,1.149357197100455,0.8292702862773301,underdriven_or_overconstrained
4.184745762711865,5.9,1.1466645983241726,0.8133050540828445,underdriven_or_overconstrained
4.184745762711865,6.0,1.14391115455003,0.7978295594870125,underdriven_or_overconstrained
4.285593220338983,0.1,0.3840711247831035,16.459726084984357,overload_or_unbounded
4.285593220338983,0.2,0.4922247062135292,10.547374319160243,overload_or_unbounded
4.285593220338983,0.30000000000000004,0.5825299169366963,8.321620875561788,overload_or_unbounded
4.285593220338983,0.4,0.6588206554510742,7.058593336051021,overload_or_unbounded
4.285593220338983,0.5,0.7239083841719773,6.204753726707948,overload_or_unbounded
4.285593220338983,0.6,0.7799016411135705,5.570568642812607,overload_or_unbounded
4.285593220338983,0.7000000000000001,0.8284127827394124,5.071771721928823,overload_or_unbounded
4.285593220338983,0.8,0.8706958125271264,4.664310088929744,overload_or_unbounded
4.285593220338983,0.9,0.9077406847209519,4.322452582517753,overload_or_unbounded
4.285593220338983,1.0,0.940339316956433,4.029911801566679,overload_or_unbounded
4.285593220338983,1.1,0.9691327421332124,3.775735190267839,overload_or_unbounded
4.285593220338983,1.2000000000000002,0.9946454006842701,3.552204654844882,overload_or_unbounded
4.285593220338983,1.3000000000000003,1.0173104870340068,3.353676097086683,overload_or_unbounded
4.285593220338983,1.4000000000000001,1.0374889594401047,3.1758968933950413,overload_or_unbounded
4.285593220338983,1.5000000000000002,1.0554839874717137,3.015583347256755,overload_or_unbounded
4.285593220338983,1.6,1.0715520654526602,2.870147666840097,overload_or_unbounded
4.285593220338983,1.7000000000000002,1.085911656249123,2.7375150775931276,overload_or_unbounded
4.285593220338983,1.8000000000000003,1.0987499828156693,2.6159974873346696,overload_or_unbounded
4.285593220338983,1.9000000000000001,1.1102284145924708,2.5042038771606263,overload_or_unbounded
4.285593220338983,2.0,1.1204867766217663,2.4009752666848607,overload_or_unbounded
4.285593220338983,2.1,1.1296468246405178,2.305336558598506,overload_or_unbounded
4.285593220338983,2.2,1.1378150685919857,2.21646024725334,overload_or_unbounded
4.285593220338983,2.3000000000000003,1.1450850827703902,2.133638638013951,overload_or_unbounded
4.285593220338983,2.4000000000000004,1.1515394082918582,2.056262283803646,overload_or_unbounded
4.285593220338983,2.5000000000000004,1.157251129426406,1.9838030377997744,overload_or_unbounded
4.285593220338983,2.6,1.1622851872068745,1.9158005839977719,overload_or_unbounded
4.285593220338983,2.7,1.166699480019179,1.8518516228678554,overload_or_unbounded
4.285593220338983,2.8000000000000003,1.170545790414173,1.791601108391184,overload_or_unbounded
4.285593220338983,2.9000000000000004,1.1738705693321145,1.73473508740868,overload_or_unbounded
4.285593220338983,3.0000000000000004,1.1767156026925458,1.6809748030554248,overload_or_unbounded
4.285593220338983,3.1,1.1791185804335338,1.6300718046069929,overload_or_unbounded
4.285593220338983,3.2,1.1811135842587304,1.581803865359216,overload_or_unbounded
4.285593220338983,3.3000000000000003,1.1827315073258573,1.5359715543263637,overload_or_unbounded
4.285593220338983,3.4000000000000004,1.1840004167041278,1.4923953407958062,overload_or_unbounded
4.285593220338983,3.5000000000000004,1.1849458675032183,1.4509131360687102,overload_or_unbounded
4.285593220338983,3.6,1.1855911760281241,1.4113781961332919,overload_or_unbounded
4.285593220338983,3.7,1.185957658062433,1.3736573240544485,overload_or_unbounded
4.285593220338983,3.8000000000000003,1.186064837365458,1.3376293226041749,overload_or_unbounded
4.285593220338983,3.9000000000000004,1.185930628638402,1.303183656893611,overload_or_unbounded
4.285593220338983,4.0,1.185571498533886,1.2702192940859878,overload_or_unbounded
4.285593220338983,4.1,1.185002607722511,1.2386436931072216,overload_or_unbounded
4.285593220338983,4.2,1.1842379365664653,1.2083719219565403,overload_or_unbounded
4.285593220338983,4.3,1.1832903965652903,1.1793258840028917,overload_or_unbounded
4.285593220338983,4.3999999999999995,1.1821719294181616,1.1514336377248928,overload_or_unbounded
4.285593220338983,4.5,1.1808935952787643,1.1246287968596445,near_critical
4.285593220338983,4.6,1.1794656515536974,1.0988499999828754,near_critical
4.285593220338983,4.7,1.177897623405727,1.0740404402385073,near_critical
4.285593220338983,4.8,1.1761983669630347,1.050147447339701,near_critical
4.285593220338983,4.9,1.1743761260998529,1.0271221151309158,near_critical
4.285593220338983,5.0,1.1724385835384958,1.0049189689752838,near_critical
4.285593220338983,5.1,1.1703929069244365,0.9834956680486667,near_critical
4.285593220338983,5.2,1.1682457904419832,0.9628127383091768,near_critical
4.285593220338983,5.3,1.1660034924660585,0.9428333324913428,near_critical
4.285593220338983,5.4,1.163671869683628,0.9235230139658044,near_critical
4.285593220338983,5.5,1.1612564080649759,0.9048495617233564,near_critical
4.285593220338983,5.6,1.158762251018939,0.8867827940984829,near_critical
4.285593220338983,5.7,1.1561942250263104,0.8692944091522525,near_critical
4.285593220338983,5.8,1.1535568630110242,0.8523578398957845,near_critical
4.285593220338983,5.9,1.1508544256786166,0.835948122760236,underdriven_or_overconstrained
4.285593220338983,6.0,1.1480909210252417,0.8200417779130857,underdriven_or_overconstrained
4.386440677966101,0.1,0.3854170253532019,16.90608917989977,overload_or_unbounded
4.386440677966101,0.2,0.4939496094149439,10.833403298015886,overload_or_unbounded
4.386440677966101,0.30000000000000004,0.5845712767180317,8.547290757888508,overload_or_unbounded
4.386440677966101,0.4,0.6611293608927159,7.250011805043849,overload_or_unbounded
4.386440677966101,0.5,0.7264451765629865,6.373017345576301,overload_or_unbounded
4.386440677966101,0.6,0.7826346506934712,5.7216341129793875,overload_or_unbounded
4.386440677966101,0.7000000000000001,0.8313157899290194,5.209310567400246,overload_or_unbounded
4.386440677966101,0.8,0.8737469921520574,4.79079918578289,overload_or_unbounded
4.386440677966101,0.9,0.9109216807038116,4.439671016311609,overload_or_unbounded
4.386440677966101,1.0,0.9436345483370591,4.139196967959845,overload_or_unbounded
4.386440677966101,1.1,0.9725288743232456,3.878127468025515,overload_or_unbounded
4.386440677966101,1.2000000000000002,0.9981309368921345,3.6485351196000617,overload_or_unbounded
4.386440677966101,1.3000000000000003,1.020875448511492,3.444622764990535,overload_or_unbounded
4.386440677966101,1.4000000000000001,1.0411246323451422,3.262022455822309,overload_or_unbounded
4.386440677966101,1.5000000000000002,1.0591827203594573,3.097361446655678,overload_or_unbounded
4.386440677966101,1.6,1.0753071057114074,2.94798176862407,overload_or_unbounded
4.386440677966101,1.7000000000000002,1.0897170168266659,2.81175238240021,overload_or_unbounded
4.386440677966101,1.8000000000000003,1.102600332745262,2.686939417273764,overload_or_unbounded
4.386440677966101,1.9000000000000001,1.11411898839435,2.572114131993379,overload_or_unbounded
4.386440677966101,2.0,1.1244132988051108,2.4660861163623955,overload_or_unbounded
4.386440677966101,2.1,1.133605446383176,2.3678538298948015,overload_or_unbounded
4.386440677966101,2.2,1.141802314314635,2.2765673262297956,overload_or_unbounded
4.386440677966101,2.3000000000000003,1.1490978048061387,2.1914997191144336,overload_or_unbounded
4.386440677966101,2.4000000000000004,1.1555747482226746,2.1120250341809896,overload_or_unbounded
4.386440677966101,2.5000000000000004,1.1613064849434906,2.0376008020567817,overload_or_unbounded
4.386440677966101,2.6,1.1663581835743106,1.9677542236573113,overload_or_unbounded
4.386440677966101,2.7,1.170787945394383,1.9020710625741761,overload_or_unbounded
4.386440677966101,2.8000000000000003,1.174647734416171,1.8401866444727906,overload_or_unbounded
4.386440677966101,2.9000000000000004,1.177984164357979,1.781778502255084,overload_or_unbounded
4.386440677966101,3.0000000000000004,1.1808391675697596,1.7265603195878743,overload_or_unbounded
4.386440677966101,3.1,1.1832505660664432,1.6742769081355686,overload_or_unbounded
4.386440677966101,3.2,1.1852525609842066,1.624700014738944,overload_or_unbounded
4.386440677966101,3.3000000000000003,1.186876153739675,1.577624800142927,overload_or_unbounded
4.386440677966101,3.4000000000000004,1.1881495097575012,1.532866865031113,overload_or_unbounded
4.386440677966101,3.5000000000000004,1.1890982737001408,1.4902597251021616,overload_or_unbounded
4.386440677966101,3.6,1.1897458435799246,1.4496526568666876,overload_or_unbounded
4.386440677966101,3.7,1.190113609877348,1.4109088512883996,overload_or_unbounded
4.386440677966101,3.8000000000000003,1.1902211647688403,1.3739038244521669,overload_or_unbounded
4.386440677966101,3.9000000000000004,1.1900864857340974,1.3385240439286588,overload_or_unbounded
4.386440677966101,4.0,1.1897260971298371,1.3046657370220416,overload_or_unbounded
4.386440677966101,4.1,1.1891552127542029,1.2722338530830415,overload_or_unbounded
4.386440677966101,4.2,1.188387861960771,1.2411411568823547,overload_or_unbounded
4.386440677966101,4.3,1.1874370014948554,1.2113074339253787,overload_or_unbounded
4.386440677966101,4.3999999999999995,1.1863146149029316,1.182658791744525,overload_or_unbounded
4.386440677966101,4.5,1.1850318010967853,1.1551270437809718,overload_or_unbounded
4.386440677966101,4.6,1.1835988534280484,1.1286491645806151,near_critical
4.386440677966101,4.7,1.1820253304385184,1.1031668067706042,near_critical
4.386440677966101,4.8,1.1803201192909099,1.0786258717248849,near_critical
4.386440677966101,4.9,1.178491492748466,1.0549761270262987,near_critical
4.386440677966101,5.0,1.176547160456068,1.0321708648340013,near_critical
4.386440677966101,5.1,1.1744943151767708,1.0101665961041817,near_critical
4.386440677966101,5.2,1.1723396745533152,0.9889227763181159,near_critical
4.386440677966101,5.3,1.170089518891849,0.9684015589677342,near_critical
4.386440677966101,5.4,1.1677497254029277,0.948567573553916,near_critical
4.386440677966101,5.5,1.1653257992813235,0.9293877252819923,near_critical
4.386440677966101,5.6,1.1628229019599219,0.9108310140049267,near_critical
4.386440677966101,5.7,1.1602458768329547,0.892868370277635,near_critical
4.386440677966101,5.8,1.1575992727090827,0.8754725066543267,near_critical
4.386440677966101,5.9,1.1548873652246339,0.8586177825915978,near_critical
4.386440677966101,6.0,1.1521141764209846,0.8422800815190701,underdriven_or_overconstrained
4.487288135593221,0.1,0.3867134549834265,17.352946984213926,overload_or_unbounded
4.487288135593221,0.2,0.49561111076895537,11.119749286108553,overload_or_unbounded
4.487288135593221,0.30000000000000004,0.5865376027344317,8.773210752765015,overload_or_unbounded
4.487288135593221,0.4,0.6633532058100163,7.441642425347535,overload_or_unbounded
4.487288135593221,0.5,0.7288887246931371,6.541467452966375,overload_or_unbounded
4.487288135593221,0.6,0.7852672037050298,5.872867010760076,overload_or_unbounded
4.487288135593221,0.7000000000000001,0.8341120919894952,5.347001848770432,overload_or_unbounded
4.487288135593221,0.8,0.876686020309694,4.917428471970158,overload_or_unbounded
4.487288135593221,0.9,0.9139857535910854,4.557019364656118,overload_or_unbounded
4.487288135593221,1.0,0.9468086576993704,4.248603256371328,overload_or_unbounded
4.487288135593221,1.1,0.9758001757084562,3.9806332283330326,overload_or_unbounded
4.487288135593221,1.2000000000000002,1.00148835609344,3.744972348527375,overload_or_unbounded
4.487288135593221,1.3000000000000003,1.0243093735671023,3.5356702301419856,overload_or_unbounded
4.487288135593221,1.4000000000000001,1.0446266697055624,3.34824347221002,overload_or_unbounded
4.487288135593221,1.5000000000000002,1.0627454998221382,3.1792301816713113,overload_or_unbounded
4.487288135593221,1.6,1.0789241228687525,3.0259021348464215,overload_or_unbounded
4.487288135593221,1.7000000000000002,1.0933825046910886,2.886071965273836,overload_or_unbounded
4.487288135593221,1.8000000000000003,1.1063091562990646,2.7579599729771878,overload_or_unbounded
4.487288135593221,1.9000000000000001,1.11786655732135,2.640099652549754,overload_or_unbounded
4.487288135593221,2.0,1.1281954947676627,2.531269129150328,overload_or_unbounded
4.487288135593221,2.1,1.1374185620293475,2.4304403898084725,overload_or_unbounded
4.487288135593221,2.2,1.1456430018161279,2.3367410225795058,overload_or_unbounded
4.487288135593221,2.3000000000000003,1.152963032194087,2.2494249283226564,overload_or_unbounded
4.487288135593221,2.4000000000000004,1.1594617621452235,2.1678495870617787,overload_or_unbounded
4.487288135593221,2.5000000000000004,1.1652127787442719,2.091458191000312,overload_or_unbounded
4.487288135593221,2.6,1.170281469804998,2.0197654441386783,overload_or_unbounded
4.487288135593221,2.7,1.1747261320422824,1.9523461610683883,overload_or_unbounded
4.487288135593221,2.8000000000000003,1.1785989042602583,1.8888260284679381,overload_or_unbounded
4.487288135593221,2.9000000000000004,1.181946556972082,1.828874055864165,overload_or_unbounded
4.487288135593221,3.0000000000000004,1.1848111635758114,1.7721963590773786,overload_or_unbounded
4.487288135593221,3.1,1.1872306733085218,1.7185310046934452,overload_or_unbounded
4.487288135593221,3.2,1.1892394023489632,1.6676437064188983,overload_or_unbounded
4.487288135593221,3.3000000000000003,1.1908684563934175,1.6193242107352712,overload_or_unbounded
4.487288135593221,3.4000000000000004,1.1921460956067509,1.573383244326457,overload_or_unbounded
4.487288135593221,3.5000000000000004,1.193098050912528,1.5296499224169093,overload_or_unbounded
4.487288135593221,3.6,1.1937477990271188,1.487969537629142,overload_or_unbounded
4.487288135593221,3.7,1.1941168023823097,1.4482016648223384,overload_or_unbounded
4.487288135593221,3.8000000000000003,1.1942247190568553,1.4102185297515721,overload_or_unbounded
4.487288135593221,3.9000000000000004,1.1940895870014108,1.3739035991248305,overload_or_unbounded
4.487288135593221,4.0,1.193727986155775,1.3391503573505996,overload_or_unbounded
4.487288135593221,4.1,1.193155181492838,1.3058612414230217,overload_or_unbounded
4.487288135593221,4.2,1.1923852495568,1.273946710331569,overload_or_unbounded
4.487288135593221,4.3,1.1914311906756583,1.243324429370834,overload_or_unbounded
4.487288135593221,4.3999999999999995,1.1903050287050185,1.2139185529647676,overload_or_unbounded
4.487288135593221,4.5,1.189017899890144,1.1856590922633359,overload_or_unbounded
4.487288135593221,4.6,1.1875801322064776,1.1584813559383382,overload_or_unbounded
4.487288135593221,4.7,1.1860013163479428,1.1323254543927799,near_critical
4.487288135593221,4.8,1.184290369371058,1.1071358590783462,near_critical
4.487288135593221,4.9,1.1824555918662116,1.0828610098463491,near_critical
4.487288135593221,5.0,1.180504719411265,1.0594529642851944,near_critical
4.487288135593221,5.1,1.1784449689636143,1.0368670838588134,near_critical
4.487288135593221,5.2,1.176283080762177,1.0150617523852228,near_critical
4.487288135593221,5.3,1.1740253562382053,0.9939981230062834,near_critical
4.487288135593221,5.4,1.1716776923714645,0.9736398903180954,near_critical
4.487288135593221,5.5,1.169245612874584,0.9539530847720991,near_critical
4.487288135593221,5.6,1.1667342965419936,0.9349058868326054,near_critical
4.487288135593221,5.7,1.1641486030596795,0.9164684586977406,near_critical
4.487288135593221,5.8,1.161493096537159,0.8986127916663147,near_critical
4.487288135593221,5.9,1.158772066992744,0.8813125674700629,near_critical
4.487288135593221,6.0,1.1559895499967763,0.8645430320950467,near_critical
4.588135593220339,0.1,0.38796309203676405,17.800272714296952,overload_or_unbounded
4.588135593220339,0.2,0.49721264285965855,11.40639512051776,overload_or_unbounded
4.588135593220339,0.30000000000000004,0.5884329573234882,8.999367319066,overload_or_unbounded
4.588135593220339,0.4,0.6654967845625734,7.633473711063077,overload_or_unbounded
4.588135593220339,0.5,0.73124407681859,6.710093952365842,overload_or_unbounded
4.588135593220339,0.6,0.7878047388796531,6.02425827160232,overload_or_unbounded
4.588135593220339,0.7000000000000001,0.8368074659501236,5.484837313140398,overload_or_unbounded
4.588135593220339,0.8,0.8795189688947619,5.044190357623136,overload_or_unbounded
4.588135593220339,0.9,0.9169392336140626,4.674490593960956,overload_or_unbounded
4.588135593220339,1.0,0.9498682026048679,4.358124109239623,overload_or_unbounded
4.588135593220339,1.1,0.978953404644519,4.0832463272306825,overload_or_unbounded
4.588135593220339,1.2000000000000002,1.0047245945592416,3.8415105614009413,overload_or_unbounded
4.588135593220339,1.3000000000000003,1.0276193565294103,3.6268130353652066,overload_or_unbounded
4.588135593220339,1.4000000000000001,1.0480023065667743,3.434554774668593,overload_or_unbounded
4.588135593220339,1.5000000000000002,1.0661796863955078,3.2611846452798177,overload_or_unbounded
4.588135593220339,1.6,1.0824105895129872,3.1039040951394656,overload_or_unbounded
4.588135593220339,1.7000000000000002,1.0969156925688972,2.960469371668998,overload_or_unbounded
4.588135593220339,1.8000000000000003,1.109884115733091,2.8290548976360417,overload_or_unbounded
4.588135593220339,1.9000000000000001,1.1214788636756128,2.7081563639338837,overload_or_unbounded
4.588135593220339,2.0,1.1318411783494002,2.5965203981286664,overload_or_unbounded
4.588135593220339,2.1,1.1410940492976316,2.4930924870449465,overload_or_unbounded
4.588135593220339,2.2,1.1493450657772268,2.396977729629394,overload_or_unbounded
4.588135593220339,2.3000000000000003,1.1566887503132557,2.307410793734696,overload_or_unbounded
4.588135593220339,2.4000000000000004,1.163208480448487,2.2237325964506027,overload_or_unbounded
4.588135593220339,2.5000000000000004,1.1689780810490589,2.1453719765422385,overload_or_unbounded
4.588135593220339,2.6,1.1740631512248112,2.0718311280088426,overload_or_unbounded
4.588135593220339,2.7,1.178522176072317,2.002673904976624,overload_or_unbounded
4.588135593220339,2.8000000000000003,1.1824074628785504,1.937516345043726,overload_or_unbounded
4.588135593220339,2.9000000000000004,1.1857659332922577,1.8760189254366688,overload_or_unbounded
4.588135593220339,3.0000000000000004,1.1886397966686932,1.8178801862046057,overload_or_unbounded
4.588135593220339,3.1,1.191067124875196,1.7628314417917745,overload_or_unbounded
4.588135593220339,3.2,1.1930823449808092,1.7106323664528866,overload_or_unbounded
4.588135593220339,3.3000000000000003,1.194716663197662,1.6610672867365541,overload_or_unbounded
4.588135593220339,3.4000000000000004,1.1959984310113354,1.6139420502231727,overload_or_unbounded
4.588135593220339,3.5000000000000004,1.1969534624930456,1.5690813670550479,overload_or_unbounded
4.588135593220339,3.6,1.1976053102225035,1.526326541794876,overload_or_unbounded
4.588135593220339,3.7,1.1979755059858184,1.485533529410724,overload_or_unbounded
4.588135593220339,3.8000000000000003,1.1980837713854302,1.446571261882408,overload_or_unbounded
4.588135593220339,3.9000000000000004,1.1979482026603498,1.409320201912893,overload_or_unbounded
4.588135593220339,4.0,1.1975854333272735,1.3736710881427667,overload_or_unbounded
4.588135593220339,4.1,1.197010777686767,1.3395238425787839,overload_or_unbounded
4.588135593220339,4.2,1.196238357770382,1.3067866160146988,overload_or_unbounded
4.588135593220339,4.3,1.1952812159157529,1.2753749513141284,overload_or_unbounded
4.588135593220339,4.3999999999999995,1.19415141483272,1.2452110477473701,overload_or_unbounded
4.588135593220339,4.5,1.1928601267525323,1.216223112285915,overload_or_unbounded
4.588135593220339,4.6,1.1914177130247512,1.1883447859830516,overload_or_unbounded
4.588135593220339,4.7,1.1898337953349463,1.1615146354027044,overload_or_unbounded
4.588135593220339,4.8,1.1881173195544703,1.1356757005769602,near_critical
4.588135593220339,4.9,1.1862766130964801,1.1107750922352722,near_critical
4.588135593220339,5.0,1.1843194365358072,1.0867636321025185,near_critical
4.588135593220339,5.1,1.1822530301509326,1.0635955309466847,near_critical
4.588135593220339,5.2,1.1800841559613768,1.0412280998003414,near_critical
4.588135593220339,5.3,1.17781913576102,1.0196214904077647,near_critical
4.588135593220339,5.4,1.175463885585298,0.9987384614812937,near_critical
4.588135593220339,5.5,1.1730239469963255,0.9785441678024818,near_critical
4.588135593220339,5.6,1.1705045155234381,0.9590059695889671,near_critical
4.588135593220339,5.7,1.1679104665563527,0.9400932598775041,near_critical
4.588135593220339,5.8,1.1652463789531813,0.9217773079562426,near_critical
4.588135593220339,5.9,1.1625165565951259,0.90403111712238,near_critical
4.588135593220339,6.0,1.1597250480931869,0.88682929525092,near_critical
4.688983050847458,0.1,0.38916842496099474,18.248041485671052,overload_or_unbounded
4.688983050847458,0.2,0.49875739487623877,11.693324855297583,overload_or_unbounded
4.688983050847458,0.30000000000000004,0.5902611147738294,9.225747875829374,overload_or_unbounded
4.688983050847458,0.4,0.6675643657368335,7.825494990724365,overload_or_unbounded
4.688983050847458,0.5,0.7335159232378227,6.878887463177751,overload_or_unbounded
4.688983050847458,0.6,0.7902523093035598,6.175799473695759,overload_or_unbounded
4.688983050847458,0.7000000000000001,0.8394072792072468,5.622809292801085,overload_or_unbounded
4.688983050847458,0.8,0.882251479260964,5.171077791049697,overload_or_unbounded
4.688983050847458,0.9,0.9197880021450886,4.7920781693679615,overload_or_unbounded
4.688983050847458,1.0,0.9528192756367608,4.467753433981524,overload_or_unbounded
4.688983050847458,1.1,0.9819948402710655,4.185961056409711,overload_or_unbounded
4.688983050847458,1.2000000000000002,1.0078460967290712,3.9381443878544857,overload_or_unbounded
4.688983050847458,1.3000000000000003,1.0308119886880496,3.7180461104374034,overload_or_unbounded
4.688983050847458,1.4000000000000001,1.0512582649574116,3.5209515617490057,overload_or_unbounded
4.688983050847458,1.5000000000000002,1.0694921187003743,3.3432202784006613,overload_or_unbounded
4.688983050847458,1.6,1.085773448372129,3.181983310298194,overload_or_unbounded
4.688983050847458,1.7000000000000002,1.1003236162258037,3.034940462899986,overload_or_unbounded
4.688983050847458,1.8000000000000003,1.1133323299942737,2.90022023627981,overload_or_unbounded
4.688983050847458,1.9000000000000001,1.1249631007743546,2.7762804801893415,overload_or_unbounded
4.688983050847458,2.0,1.1353576093328281,2.6618362934061603,overload_or_unbounded
4.688983050847458,2.1,1.1446392273196992,2.5558066363034286,overload_or_unbounded
4.688983050847458,2.2,1.1529158782527396,2.4572740964454574,overload_or_unbounded
4.688983050847458,2.3000000000000003,1.1602823783218388,2.3654540896296,overload_or_unbounded
4.688983050847458,2.4000000000000004,1.1668223641090905,2.279670953607203,overload_or_unbounded
4.688983050847458,2.5000000000000004,1.1726098898414758,2.199339159489114,overload_or_unbounded
4.688983050847458,2.6,1.1777107584337032,2.1239483788832074,overload_or_unbounded
4.688983050847458,2.7,1.1821836366852285,2.0530514945949054,overload_or_unbounded
4.688983050847458,2.8000000000000003,1.1860809943925443,1.986254885585335,overload_or_unbounded
4.688983050847458,2.9000000000000004,1.1894498989816866,1.9232104883301202,overload_or_unbounded
4.688983050847458,3.0000000000000004,1.1923326909449352,1.8636092596040468,overload_or_unbounded
4.688983050847458,3.1,1.1947675604322072,1.8071757550222534,overload_or_unbounded
4.688983050847458,3.2,1.19678904147138,1.753663603406024,overload_or_unbounded
4.688983050847458,3.3000000000000003,1.198428437226782,1.7028517060030264,overload_or_unbounded
4.688983050847458,3.4000000000000004,1.199714187267061,1.6545410264577887,overload_or_unbounded
4.688983050847458,3.5000000000000004,1.2006721858632008,1.6085518654675761,overload_or_unbounded
4.688983050847458,3.6,1.2013260587686252,1.5647215355854056,overload_or_unbounded
4.688983050847458,3.7,1.2016974046649067,1.5229023683030072,overload_or_unbounded
4.688983050847458,3.8000000000000003,1.2018060064260265,1.4829599985627129,overload_or_unbounded
4.688983050847458,3.9000000000000004,1.2016700165128198,1.4447718820872297,overload_or_unbounded
4.688983050847458,4.0,1.2013061201193864,1.4082260090297807,overload_or_unbounded
4.688983050847458,4.1,1.2007296791251234,1.373219783918832,overload_or_unbounded
4.688983050847458,4.2,1.1999548594362457,1.3396590470663332,overload_or_unbounded
4.688983050847458,4.3,1.1989947439106303,1.307457216802822,overload_or_unbounded
4.688983050847458,4.3999999999999995,1.1978614327348305,1.2765345353085165,overload_or_unbounded
4.688983050847458,4.5,1.1965661328502477,1.2468174035895332,overload_or_unbounded
4.688983050847458,4.6,1.19511923779733,1.2182377934290032,overload_or_unbounded
4.688983050847458,4.7,1.1935303991545272,1.190732726022719,overload_or_unbounded
4.688983050847458,4.8,1.1918085905864375,1.164243808565459,overload_or_unbounded
4.688983050847458,4.9,1.189962165378022,1.1387168213484253,near_critical
4.688983050847458,5.0,1.1879989082148494,1.1141013490089429,near_critical
4.688983050847458,5.1,1.1859260818696702,1.0903504504793764,near_critical
4.688983050847458,5.2,1.183750469370407,1.0674203629443388,near_critical
4.688983050847458,5.3,1.1814784121516388,1.0452702357587176,near_critical
4.688983050847458,5.4,1.179115844628881,1.023861890824168,near_critical
4.688983050847458,5.5,1.1766683255809043,1.003159606385076,near_critical
4.688983050847458,5.6,1.1741410666786378,0.9831299216000157,near_critical
4.688983050847458,5.7,1.1715389584587748,0.9637414595825752,near_critical
4.688983050847458,5.8,1.1688665940051322,0.9449647668951485,near_critical
4.688983050847458,5.9,1.1661282905703119,0.9267721677284597,near_critical
4.688983050847458,6.0,1.163328109343635,0.9091376312144539,near_critical
4.7898305084745765,0.1,0.3903317688284386,18.69623014761301,overload_or_unbounded
4.7898305084745765,0.2,0.5002483338102741,11.980523655490126,overload_or_unbounded
4.7898305084745765,0.30000000000000004,0.5920255864113512,9.45234071863547,overload_or_unbounded
4.7898305084745765,0.4,0.6695599205177277,8.017696336369063,overload_or_unbounded
4.7898305084745765,0.5,0.7357086274662211,7.047839258371325,overload_or_unbounded
4.7898305084745765,0.6,0.7926146160036828,6.327482781995502,overload_or_unbounded
4.7898305084745765,0.7000000000000001,0.8419165251992653,5.760910654269065,overload_or_unbounded
4.7898305084745765,0.8,0.8848887997168678,5.298084211864129,overload_or_unbounded
4.7898305084745765,0.9,0.9225375307887631,4.909776011316468,overload_or_unbounded
4.7898305084745765,1.0,0.9556675448950015,4.577485562497075,overload_or_unbounded
4.7898305084745765,1.1,0.984930324246687,4.288772105271398,overload_or_unbounded
4.7898305084745765,1.2000000000000002,1.0108588580446238,4.034868831686591,overload_or_unbounded
4.7898305084745765,1.3000000000000003,1.0338934021034571,3.809364738389008,overload_or_unbounded
4.7898305084745765,1.4000000000000001,1.0544007985680466,3.607429366529419,overload_or_unbounded
4.7898305084745765,1.5000000000000002,1.0726891588962595,3.425332839594157,overload_or_unbounded
4.7898305084745765,1.6,1.0890191584595383,3.260135743439254,overload_or_unbounded
4.7898305084745765,1.7000000000000002,1.1036128212307272,3.1094813886321386,overload_or_unbounded
4.7898305084745765,1.8000000000000003,1.1166604220373413,2.971452309489196,overload_or_unbounded
4.7898305084745765,1.9000000000000001,1.1283259607610496,2.844468479135349,overload_or_unbounded
4.7898305084745765,2.0,1.1387515416959315,2.7272134379938158,overload_or_unbounded
4.7898305084745765,2.1,1.1480609052877193,2.618579595111456,overload_or_unbounded
4.7898305084745765,2.2,1.1563622976707035,2.5176270055604064,overload_or_unbounded
4.7898305084745765,2.3000000000000003,1.163750818469467,2.4235518150292656,overload_or_unbounded
4.7898305084745765,2.4000000000000004,1.170310354281517,2.335661766383875,overload_or_unbounded
4.7898305084745765,2.5000000000000004,1.1761151807046488,2.253356949607686,overload_or_unbounded
4.7898305084745765,2.6,1.1812312973586785,2.1761145021744626,overload_or_unbounded
4.7898305084745765,2.7,1.1857175464161325,2.1034763252805964,overload_or_unbounded
4.7898305084745765,2.8000000000000003,1.1896265545218292,2.0350391301929114,overload_or_unbounded
4.7898305084745765,2.9000000000000004,1.1930055298007871,1.9704463046271328,overload_or_unbounded
4.7898305084745765,3.0000000000000004,1.1958969393140124,1.9093812149725418,overload_or_unbounded
4.7898305084745765,3.1,1.1983390873735025,1.851561651677156,overload_or_unbounded
4.7898305084745765,3.2,1.2003666112399431,1.7967351924597879,overload_or_unbounded
4.7898305084745765,3.3000000000000003,1.2020109076524284,1.7446753081796418,overload_or_unbounded
4.7898305084745765,3.4000000000000004,1.2033005011942055,1.6951780739655158,overload_or_unbounded
4.7898305084745765,3.5000000000000004,1.2042613635421822,1.6480593769347247,overload_or_unbounded
4.7898305084745765,3.6,1.2049171910744103,1.6031525338871393,overload_or_unbounded
4.7898305084745765,3.7,1.205289647037551,1.5603062494402742,overload_or_unbounded
4.7898305084745765,3.8000000000000003,1.2053985734426673,1.5193828584072158,overload_or_unbounded
4.7898305084745765,3.9000000000000004,1.2052621770138714,1.4802568067106476,overload_or_unbounded
4.7898305084745765,4.0,1.2048971928224295,1.4428133334390618,overload_or_unbounded
4.7898305084745765,4.1,1.204319028669111,1.4069473232818965,overload_or_unbounded
4.7898305084745765,4.2,1.2035418928063721,1.3725623039026662,overload_or_unbounded
4.7898305084745765,4.3,1.202578907200768,1.3395695671065708,overload_or_unbounded
4.7898305084745765,4.3999999999999995,1.201442208210023,1.3078873961485071,overload_or_unbounded
4.7898305084745765,4.5,1.2001430362765262,1.2774403843756925,overload_or_unbounded
4.7898305084745765,4.6,1.198691816010208,1.2481588327357585,overload_or_unbounded
4.7898305084745765,4.7,1.1970982278410487,1.2199782156072139,overload_or_unbounded
4.7898305084745765,4.8,1.1953712722586842,1.192838706003899,overload_or_unbounded
4.7898305084745765,4.9,1.193519327518608,1.166684752531161,overload_or_unbounded
4.7898305084745765,5.0,1.1915502015772035,1.141464701578704,near_critical
4.7898305084745765,5.1,1.1894711789178778,1.1171304591631517,near_critical
4.7898305084745765,5.2,1.187289062845106,1.0936371876141688,near_critical
4.7898305084745765,5.3,1.1850102137499616,1.0709430329572727,near_critical
4.7898305084745765,5.4,1.1826405837877487,1.0490088794049524,near_critical
4.7898305084745765,5.5,1.1801857483541345,1.0277981278424604,near_critical
4.7898305084745765,5.6,1.177650934699332,1.0072764955993683,near_critical
4.7898305084745765,5.7,1.1750410479793498,0.98741183514411,near_critical
4.7898305084745765,5.8,1.1723606950081418,0.9681739696355959,near_critical
4.7898305084745765,5.9,1.169614205943903,0.9495345435212496,near_critical
4.7898305084745765,6.0,1.166805654116096,0.9314668865909852,near_critical
4.890677966101695,0.1,0.39145528017675557,19.14481713474624,overload_or_unbounded
4.890677966101695,0.2,0.5016882234756719,12.267977702025858,overload_or_unbounded
4.890677966101695,0.30000000000000004,0.5937296431086156,9.679134944575763,overload_or_unbounded
4.890677966101695,0.4,0.6714871481460034,8.210068499895309,overload_or_unbounded
4.890677966101695,0.5,0.737826254208451,7.216941208537238,overload_or_unbounded
4.890677966101695,0.6,0.7948960380836607,6.479300897995489,overload_or_unbounded
4.890677966101695,0.7000000000000001,0.8443398554171362,5.899134752557254,overload_or_unbounded
4.890677966101695,0.8,0.8874358191702536,5.425203508931709,overload_or_unbounded
4.890677966101695,0.9,0.9251929164577298,5.027578456570207,overload_or_unbounded
4.890677966101695,1.0,0.9584182903317114,4.6873152148341575,overload_or_unbounded
4.890677966101695,1.1,0.9877652981969601,4.391674526883403,overload_or_unbounded
4.890677966101695,1.2000000000000002,1.013768463383612,4.131679238832502,overload_or_unbounded
4.890677966101695,1.3000000000000003,1.0368693089165246,3.9007645252654903,overload_or_unbounded
4.890677966101695,1.4000000000000001,1.0574357328405537,3.6939840279799236,overload_or_unbounded
4.890677966101695,1.5000000000000002,1.0757767334661024,3.507518377871682,overload_or_unbounded
4.890677966101695,1.6,1.092153736479504,3.3383576341224668,overload_or_unbounded
4.890677966101695,1.7000000000000002,1.1067894049162479,3.1840885621992348,overload_or_unbounded
4.890677966101695,1.8000000000000003,1.1198745612813514,3.0427476898091705,overload_or_unbounded
4.890677966101695,1.9000000000000001,1.1315736775055016,2.9127170797878006,overload_or_unbounded
4.890677966101695,2.0,1.142029266908637,2.792648686156671,overload_or_unbounded
4.890677966101695,2.1,1.1513654261047699,2.681408343038994,overload_or_unbounded
4.890677966101695,2.2,1.159690712798425,2.5780335529891025,overload_or_unbounded
4.890677966101695,2.3000000000000003,1.1671005003441652,2.48170117446064,overload_or_unbounded
4.890677966101695,2.4000000000000004,1.173678916794465,2.3917023406853306,overload_or_unbounded
4.890677966101695,2.5000000000000004,1.179500451538267,2.3074227477380806,overload_or_unbounded
4.890677966101695,2.6,1.184631294165377,2.2283269878189014,overload_or_unbounded
4.890677966101695,2.7,1.1891304562166736,2.1539459707553115,overload_or_unbounded
4.890677966101695,2.8000000000000003,1.1930507158148649,2.083866731527719,overload_or_unbounded
4.890677966101695,2.9000000000000004,1.1964394169664643,2.017724101494291,overload_or_unbounded
4.890677966101695,3.0000000000000004,1.1993391489675325,1.95519384991289,overload_or_unbounded
4.890677966101695,3.1,1.2017883263832734,1.8959869960519056,overload_or_unbounded
4.890677966101695,3.2,1.2038216861725235,1.8398450611497967,overload_or_unbounded
4.890677966101695,3.3000000000000003,1.2054707154451725,1.7865360808510762,overload_or_unbounded
4.890677966101695,3.4000000000000004,1.2067640208881953,1.7358512374241708,overload_or_unbounded
4.890677966101695,3.5000000000000004,1.207727648934069,1.6876020004839007,overload_or_unbounded
4.890677966101695,3.6,1.208385364167309,1.6416176875257864,overload_or_unbounded
4.890677966101695,3.7,1.2087588921889771,1.5977433730697632,overload_or_unbounded
4.890677966101695,3.8000000000000003,1.2088681321223842,1.555838088866699,overload_or_unbounded
4.890677966101695,3.9000000000000004,1.2087313430969617,1.5157732683643124,overload_or_unbounded
4.890677966101695,4.0,1.2083653083533645,1.47743139714137,overload_or_unbounded
4.890677966101695,4.1,1.2077854800414012,1.44070483780879,overload_or_unbounded
4.890677966101695,4.2,1.207006107309848,1.4054948033262977,overload_or_unbounded
4.890677966101695,4.3,1.2060403498948689,1.371710457083817,overload_or_unbounded
4.890677966101695,4.3999999999999995,1.2049003790868706,1.3392681216699402,overload_or_unbounded
4.890677966101695,4.5,1.203597467682167,1.3080905811664378,overload_or_unbounded
4.890677966101695,4.6,1.2021420702963614,1.2781064642004978,overload_or_unbounded
4.890677966101695,4.7,1.2005438952230976,1.249249696958618,overload_or_unbounded
4.890677966101695,4.8,1.1988119688585683,1.2214590169990815,overload_or_unbounded
4.890677966101695,4.9,1.1969546935738167,1.194677540057851,overload_or_unbounded
4.890677966101695,5.0,1.1949798997992556,1.168852373176526,overload_or_unbounded
4.890677966101695,5.1,1.192894892985583,1.1439342684313394,near_critical
4.890677966101695,5.2,1.190706496019564,1.1198773123417378,near_critical
4.890677966101695,5.3,1.1884210875997012,1.0966386467121643,near_critical
4.890677966101695,5.4,1.1860446370136848,1.074178217232576,near_critical
4.890677966101695,5.5,1.1835827357051196,1.0524585466493444,near_critical
4.890677966101695,5.6,1.1810406259700734,1.0314445297326413,near_critical
4.890677966101695,5.7,1.178423227083309,1.011103247620841,near_critical
4.890677966101695,5.8,1.1757351591188028,0.9914037994264481,near_critical
4.890677966101695,5.9,1.172980764698459,0.9723171492494694,near_critical
4.890677966101695,6.0,1.1701641288762072,0.953815986969575,near_critical
4.991525423728814,0.1,0.3925409703509708,19.593782333620496,overload_or_unbounded
4.991525423728814,0.2,0.5030796416077791,12.555674106228047,overload_or_unbounded
4.991525423728814,0.30000000000000004,0.5953763355210216,9.90612038479892,overload_or_unbounded
4.991525423728814,0.4,0.6733494988046144,8.40260285584572,overload_or_unbounded
4.991525423728814,0.5,0.739872594505893,7.386185731592729,overload_or_unbounded
4.991525423728814,0.6,0.7971006598163918,6.631247014574221,overload_or_unbounded
4.991525423728814,0.7000000000000001,0.8466816081821282,6.037475390063845,overload_or_unbounded
4.991525423728814,0.8,0.8898970973747135,5.552429982560448,overload_or_unbounded
4.991525423728814,0.9,0.9277589129061572,5.1454802231801,overload_or_unbounded
4.991525423728814,1.0,0.9610764364170866,4.797237466522577,overload_or_unbounded
4.991525423728814,1.1,0.9905048373805905,4.4946637073741735,overload_or_unbounded
4.991525423728814,1.2000000000000002,1.0165801216121786,4.228571268570432,overload_or_unbounded
4.991525423728814,1.3000000000000003,1.0397450366883603,3.992241372942922,overload_or_unbounded
4.991525423728814,1.4000000000000001,1.0603685010088375,3.7806116652191606,overload_or_unbounded
4.991525423728814,1.5000000000000002,1.078760369882109,3.589773208251764,overload_or_unbounded
4.991525423728814,1.6,1.0951827940512726,3.4166454750858035,overload_or_unbounded
4.991525423728814,1.7000000000000002,1.109859054101464,3.2587586384135703,overload_or_unbounded
4.991525423728814,1.8000000000000003,1.1229805017785335,3.11410318054405,overload_or_unbounded
4.991525423728814,1.9000000000000001,1.1347120651714275,2.9810232220605304,overload_or_unbounded
4.991525423728814,2.0,1.145196652856756,2.858139103951819,overload_or_unbounded
4.991525423728814,2.1,1.1545587056269893,2.7442900630116895,overload_or_unbounded
4.991525423728814,2.2,1.1629070822683818,2.6384910302622377,overload_or_unbounded
4.991525423728814,2.3000000000000003,1.1703374206508046,2.5398995606607366,overload_or_unbounded
4.991525423728814,2.4000000000000004,1.1769340821535117,2.4477901638009123,overload_or_unbounded
4.991525423728814,2.5000000000000004,1.1827717627596643,2.361534129713364,overload_or_unbounded
4.991525423728814,2.6,1.1879168356340282,2.2805834947472055,overload_or_unbounded
4.991525423728814,2.7,1.1924284759843249,2.20445816809406,overload_or_unbounded
4.991525423728814,2.8000000000000003,1.1963596083118972,2.1327355002896717,overload_or_unbounded
4.991525423728814,2.9000000000000004,1.1997577079305248,2.0650417591206285,overload_or_unbounded
4.991525423728814,3.0000000000000004,1.2026654822564786,2.001045110308096,overload_or_unbounded
4.991525423728814,3.1,1.2051214523966758,1.9404497962319358,overload_or_unbounded
4.991525423728814,3.2,1.2071604516519276,1.8829912765439236,overload_or_unbounded
4.991525423728814,3.3000000000000003,1.2088140544607353,1.8284321470913536,overload_or_unbounded
4.991525423728814,3.4000000000000004,1.2101109468499123,1.7765586931570247,overload_or_unbounded
4.991525423728814,3.5000000000000004,1.2110772474909812,1.7271779631287845,overload_or_unbounded
4.991525423728814,3.6,1.2117367868788624,1.6801152718259182,overload_or_unbounded
4.991525423728814,3.7,1.2121113508699592,1.6352120606101832,overload_or_unbounded
4.991525423728814,3.8000000000000003,1.2122208937772392,1.5923240553853566,overload_or_unbounded
4.991525423728814,3.9000000000000004,1.2120837253713146,1.5513196745843203,overload_or_unbounded
4.991525423728814,4.0,1.2117166754406838,1.5120786479545822,overload_or_unbounded
4.991525423728814,4.1,1.211135238991258,1.4744908139021309,overload_or_unbounded
4.991525423728814,4.2,1.2103537046914246,1.4384550687313338,overload_or_unbounded
4.991525423728814,4.3,1.209385268775505,1.4038784456223345,overload_or_unbounded
4.991525423728814,4.3999999999999995,1.2082421362906364,1.3706753048443467,overload_or_unbounded
4.991525423728814,4.5,1.2069356112979148,1.3387666196882708,overload_or_unbounded
4.991525423728814,4.6,1.2054761774085254,1.3080793450508874,overload_or_unbounded
4.991525423728814,4.7,1.2038735698417902,1.2785458576213746,overload_or_unbounded
4.991525423728814,4.8,1.2021368400283572,1.2501034582922008,overload_or_unbounded
4.991525423728814,4.9,1.2002744136430084,1.222693928806178,overload_or_unbounded
4.991525423728814,5.0,1.1982941428336347,1.196263135811883,overload_or_unbounded
4.991525423728814,5.1,1.1962033533123952,1.1707606764722513,overload_or_unbounded
4.991525423728814,5.2,1.194008886889139,1.1461395605894769,near_critical
4.991525423728814,5.3,1.1917171399535094,1.1223559249002513,near_critical
4.991525423728814,5.4,1.1893340983488465,1.0993687757807136,near_critical
4.991525423728814,5.5,1.1868653690264674,1.0771397570979806,near_critical
4.991525423728814,5.6,1.1843162088217998,1.05563294036931,near_critical
4.991525423728814,5.7,1.1816915506530759,1.0348146347526936,near_critical
4.991525423728814,5.8,1.178996027407917,1.0146532147037743,near_critical
4.991525423728814,5.9,1.1762339937523665,0.9951189634015283,near_critical
4.991525423728814,6.0,1.1734095460701364,0.9761839302758621,near_critical
5.092372881355932,0.1,0.39359071752039204,20.04310696254268,overload_or_unbounded
5.092372881355932,0.2,0.504424995264237,12.843600832808475,overload_or_unbounded
5.092372881355932,0.30000000000000004,0.5969685123131532,10.13328754375632,overload_or_unbounded
5.092372881355932,0.4,0.6751501942320736,8.595291349874005,overload_or_unbounded
5.092372881355932,0.5,0.741851188386477,7.555565747481933,overload_or_unbounded
5.092372881355932,0.6,0.7992322950457997,6.783314775325157,overload_or_unbounded
5.092372881355932,0.7000000000000001,0.8489458345654165,6.1759267795442945,overload_or_unbounded
5.092372881355932,0.8,0.8922768921722095,5.679758310447889,overload_or_unbounded
5.092372881355932,0.9,0.9302399591313647,5.263476378926903,overload_or_unbounded
5.092372881355932,1.0,0.9636465815609789,4.907247719152477,overload_or_unbounded
5.092372881355932,1.1,0.99315368101189,4.5977353383670625,overload_or_unbounded
5.092372881355932,1.2000000000000002,1.0192986967056221,4.3255408675876295,overload_or_unbounded
5.092372881355932,1.3000000000000003,1.0425255602301642,4.083791454643452,overload_or_unbounded
5.092372881355932,1.4000000000000001,1.0632041765600602,3.8673086543277244,overload_or_unbounded
5.092372881355932,1.5000000000000002,1.0816452296300103,3.672093889743916,overload_or_unbounded
5.092372881355932,1.6,1.0981115712360499,3.4949959912910082,overload_or_unbounded
5.092372881355932,1.7000000000000002,1.112827079068279,3.333488493579905,overload_or_unbounded
5.092372881355932,1.8000000000000003,1.1259836165922643,3.185515796658623,overload_or_unbounded
5.092372881355932,1.9000000000000001,1.1377465529535737,3.049384048482616,overload_or_unbounded
5.092372881355932,2.0,1.1482591789000687,2.92368195169937,overload_or_unbounded
5.092372881355932,2.1,1.1576462680082586,2.8072221244800746,overload_or_unbounded
5.092372881355932,2.2,1.1660169701784762,2.6989969082444,overload_or_unbounded
5.092372881355932,2.3000000000000003,1.1734671790388207,2.598144538999364,overload_or_unbounded
5.092372881355932,2.4000000000000004,1.1800814815707787,2.5039228893922347,overload_or_unbounded
5.092372881355932,2.5000000000000004,1.1859347735121937,2.415688831876193,overload_or_unbounded
5.092372881355932,2.6,1.1910936055253334,2.3328818368975646,overload_or_unbounded
5.092372881355932,2.7,1.195617311066387,2.2550108042052477,overload_or_unbounded
5.092372881355932,2.8000000000000003,1.1995589561693005,2.181643392137205,overload_or_unbounded
5.092372881355932,2.9000000000000004,1.2029661431080436,2.112397298052669,overload_or_unbounded
5.092372881355932,3.0000000000000004,1.205881693508595,2.0469330780489114,overload_or_unbounded
5.092372881355932,3.1,1.2083442314923998,1.9849481921918617,overload_or_unbounded
5.092372881355932,3.2,1.2103886835127342,1.9261720336938615,overload_or_unbounded
5.092372881355932,3.3000000000000003,1.2120467084455977,1.8703617542500246,overload_or_unbounded
5.092372881355932,3.4000000000000004,1.2133470690310073,1.8172987382371195,overload_or_unbounded
5.092372881355932,3.5000000000000004,1.214315953787976,1.7667856092765006,overload_or_unbounded
5.092372881355932,3.6,1.2149772569397899,1.718643676306779,overload_or_unbounded
5.092372881355932,3.7,1.215352822603372,1.6727107446229186,overload_or_unbounded
5.092372881355932,3.8000000000000003,1.2154626584542312,1.6288392316350302,overload_or_unbounded
5.092372881355932,3.9000000000000004,1.215325123227626,1.5868945383474153,overload_or_unbounded
5.092372881355932,4.0,1.2149570917188806,1.5467536364700751,overload_or_unbounded
5.092372881355932,4.1,1.2143741003712067,1.5083038381832539,overload_or_unbounded
5.092372881355932,4.2,1.2135904760642633,1.471441721281307,overload_or_unbounded
5.092372881355932,4.3,1.2126194503222152,1.4360721870292061,overload_or_unbounded
5.092372881355932,4.3999999999999995,1.2114732608313754,1.4021076318058041,overload_or_unbounded
5.092372881355932,4.5,1.2101632418825667,1.3694672166614583,overload_or_unbounded
5.092372881355932,4.6,1.2086999051226235,1.338076221422595,overload_or_unbounded
5.092372881355932,4.7,1.2070930118051413,1.3078654720405867,overload_or_unbounded
5.092372881355932,4.8,1.2053516375664295,1.278770831591927,overload_or_unbounded
5.092372881355932,4.9,1.203484230613512,1.2507327467583178,overload_or_unbounded
5.092372881355932,5.0,1.201498664092776,1.2236958428022866,overload_or_unbounded
5.092372881355932,5.1,1.1994022833070634,1.1976085610488776,overload_or_unbounded
5.092372881355932,5.2,1.1972019483628369,1.1724228337210378,overload_or_unbounded
5.092372881355932,5.3,1.194904072755195,1.1480937916830773,near_critical
5.092372881355932,5.4,1.192514658335035,1.1245795012453275,near_critical
5.092372881355932,5.5,1.190039327047985,1.1018407266920403,near_critical
5.092372881355932,5.6,1.1874833497874902,1.079840715628485,near_critical
5.092372881355932,5.7,1.1848516726635707,1.0585450046142426,near_critical
5.092372881355932,5.8,1.1821489409532822,1.0379212428679532,near_critical
5.092372881355932,5.9,1.1793795209680726,1.0179390321024344,near_critical
5.092372881355932,6.0,1.17654752004635,0.9985697807851013,near_critical
5.193220338983051,0.1,0.3946062775214606,20.492773463148396,overload_or_unbounded
5.193220338983051,0.2,0.5057265347211553,13.131746630386607,overload_or_unbounded
5.193220338983051,0.30000000000000004,0.5985088366043916,10.360627544383364,overload_or_unbounded
5.193220338983051,0.4,0.676892246321857,8.788126452246482,overload_or_unbounded
5.193220338983051,0.5,0.7437653453016015,7.725074637302058,overload_or_unbounded
5.193220338983051,0.6,0.8012945092045183,6.935498237860576,overload_or_unbounded
5.193220338983051,0.7000000000000001,0.8511363217753029,6.314483510701036,overload_or_unbounded
5.193220338983051,0.8,0.8945791840740019,5.807183516954962,overload_or_unbounded
5.193220338983051,0.9,0.9326402050005792,5.381562312847033,overload_or_unbounded
5.193220338983051,1.0,0.9661330246599554,5.017341673827294,overload_or_unbounded
5.193220338983051,1.1,0.9957162596207146,4.700885392107657,overload_or_unbounded
5.193220338983051,1.2000000000000002,1.0219287358285898,4.422584246580224,overload_or_unbounded
5.193220338983051,1.3000000000000003,1.0452155303232888,4.175411192842968,overload_or_unbounded
5.193220338983051,1.4000000000000001,1.065947502524366,3.954071607426946,overload_or_unbounded
5.193220338983051,1.5000000000000002,1.0844361380068115,3.7544772054834685,overload_or_unbounded
5.193220338983051,1.6,1.1009449667883726,3.5734061210164976,overload_or_unbounded
5.193220338983051,1.7000000000000002,1.1156984442181677,3.408275207462079,overload_or_unbounded
5.193220338983051,1.8000000000000003,1.1288889288162762,3.2569827475452633,overload_or_unbounded
5.193220338983051,1.9000000000000001,1.1406822164209762,3.1177968877019366,overload_or_unbounded
5.193220338983051,2.0,1.1512219675051896,2.9892746681660176,overload_or_unbounded
5.193220338983051,2.1,1.1606332775916708,2.8702020682331546,overload_or_unbounded
5.193220338983051,2.2,1.1690255782141041,2.759548822533139,overload_or_unbounded
5.193220338983051,2.3000000000000003,1.1764950104295264,2.656433833423779,overload_or_unbounded
5.193220338983051,2.4000000000000004,1.1831263794744569,2.560098323947553,overload_or_unbounded
5.193220338983051,2.5000000000000004,1.1889947743360008,2.4698847380105127,overload_or_unbounded
5.193220338983051,2.6,1.1941669173933587,2.3852199705953394,overload_or_unbounded
5.193220338983051,2.7,1.198702295197501,2.3056019036316027,overload_or_unbounded
5.193220338983051,2.8000000000000003,1.2026541107056774,2.2305884958851063,overload_or_unbounded
5.193220338983051,2.9000000000000004,1.2060700890173293,2.159788867766859,overload_or_unbounded
5.193220338983051,3.0000000000000004,1.2089931622486694,2.0928559599604077,overload_or_unbounded
5.193220338983051,3.1,1.211462054180792,2.029480445057379,overload_or_unbounded
5.193220338983051,3.2,1.213511781385737,1.9693856452149883,overload_or_unbounded
5.193220338983051,3.3000000000000003,1.215174084427122,1.9123232638339502,overload_or_unbounded
5.193220338983051,3.4000000000000004,1.2164778002598449,1.8580697806561135,overload_or_unbounded
5.193220338983051,3.5000000000000004,1.217449184975682,1.8064233911697285,overload_or_unbounded
5.193220338983051,3.6,1.2181121944508406,1.7572013953848284,overload_or_unbounded
5.193220338983051,3.7,1.2184887291653905,1.7102379597630584,overload_or_unbounded
5.193220338983051,3.8000000000000003,1.2185988484195207,1.6653821907035735,overload_or_unbounded
5.193220338983051,3.9000000000000004,1.2184609583185027,1.6224964694862631,overload_or_unbounded
5.193220338983051,4.0,1.2180919771987455,1.581455007685151,overload_or_unbounded
5.193220338983051,4.1,1.2175074815912725,1.5421425893326413,overload_or_unbounded
5.193220338983051,4.2,1.2167218353425846,1.5044534719490226,overload_or_unbounded
5.193220338983051,4.3,1.2157483041174046,1.468290423262013,overload_or_unbounded
5.193220338983051,4.3999999999999995,1.2145991571782595,1.4335638742658654,overload_or_unbounded
5.193220338983051,4.5,1.2132857580612053,1.400191172391538,overload_or_unbounded
5.193220338983051,4.6,1.211818645535688,1.3680959211206147,overload_or_unbounded
5.193220338983051,4.7,1.210207606041717,1.3372073944867726,overload_or_unbounded
5.193220338983051,4.8,1.2084617386329555,1.3074600166565593,overload_or_unbounded
5.193220338983051,4.9,1.2065895133148616,1.2787928982347754,overload_or_unbounded
5.193220338983051,5.0,1.204598823548459,1.2511494221533828,overload_or_unbounded
5.193220338983051,5.1,1.202497033589262,1.2244768730201059,overload_or_unbounded
5.193220338983051,5.2,1.20029102124448,1.1987261046587634,overload_or_unbounded
5.193220338983051,5.3,1.1979872165575922,1.1738512412959585,overload_or_unbounded
5.193220338983051,5.4,1.1955916368657349,1.149809408460958,near_critical
5.193220338983051,5.5,1.1931099186205258,1.1265604901859139,near_critical
5.193220338983051,5.6,1.1905473463156009,1.1040669095372277,near_critical
5.193220338983051,5.7,1.1879088788231493,1.0822934298882336,near_critical
5.193220338983051,5.8,1.185199173406174,1.0612069746687658,near_critical
5.193220338983051,5.9,1.182422607642271,1.040776463606986,near_critical
5.193220338983051,6.0,1.179583299467783,1.0209726637201377,near_critical
5.29406779661017,0.1,0.3955892936582159,20.942765402397242,overload_or_unbounded
5.29406779661017,0.2,0.5069863660333654,13.420100968688278,overload_or_unbounded
5.29406779661017,0.30000000000000004,0.5999998008335168,10.588132078550789,overload_or_unbounded
5.29406779661017,0.4,0.6785784739337396,8.981101115813711,overload_or_unbounded
5.29406779661017,0.5,0.7456181625983336,7.8947062063589675,overload_or_unbounded
5.29406779661017,0.6,0.8032906392148894,7.087791840643241,overload_or_unbounded
5.29406779661017,0.7000000000000001,0.8532566142960881,6.453140519985063,overload_or_unbounded
5.29406779661017,0.8,0.8968076984784701,5.934700945333689,overload_or_unbounded
5.29406779661017,0.9,0.9349635344140411,5.499733709495777,overload_or_unbounded
5.29406779661017,1.0,0.968539789092235,5.1275153071688075,overload_or_unbounded
5.29406779661017,1.1,0.998196719782131,4.8041100989822585,overload_or_unbounded
5.29406779661017,1.2000000000000002,1.02447449471576,4.51969785910265,overload_or_unbounded
5.29406779661017,1.3000000000000003,1.0478192996782738,4.267097239302592,overload_or_unbounded
5.29406779661017,1.4000000000000001,1.0686029179488163,4.04089735376892,overload_or_unbounded
5.29406779661017,1.5000000000000002,1.087137611053913,3.836920144776155,overload_or_unbounded
5.29406779661017,1.6,1.103687565499245,3.6518729987678937,overload_or_unbounded
5.29406779661017,1.7000000000000002,1.118477795781726,3.483116046983272,overload_or_unbounded
5.29406779661017,1.8000000000000003,1.1317011396118088,3.3285014214477258,overload_or_unbounded
5.29406779661017,1.9000000000000001,1.14352380584701,3.186259239574608,overload_or_unbounded
5.29406779661017,2.0,1.1540898128373844,3.054914856269128,overload_or_unbounded
5.29406779661017,2.1,1.1635245677350865,2.9332275926719475,overload_or_unbounded
5.29406779661017,2.2,1.1719377746821433,2.820144560261691,overload_or_unbounded
5.29406779661017,2.3000000000000003,1.1794258142356098,2.7147653137545524,overload_or_unbounded
5.29406779661017,2.4000000000000004,1.1860737028930028,2.6163144145383432,overload_or_unbounded
5.29406779661017,2.5000000000000004,1.1919567166979705,2.5241198675295666,overload_or_unbounded
5.29406779661017,2.6,1.1971417442439356,2.4375959831459793,overload_or_unbounded
5.29406779661017,2.7,1.2016884202706903,2.356229617523855,overload_or_unbounded
5.29406779661017,2.8000000000000003,1.2056500802710488,2.2795690228369376,overload_or_unbounded
5.29406779661017,2.9000000000000004,1.2090745682339517,2.207214736340589,overload_or_unbounded
5.29406779661017,3.0000000000000004,1.2120049232251595,2.1388120777930997,overload_or_unbounded
5.29406779661017,3.1,1.2144799654917988,2.0740449273994717,overload_or_unbounded
5.29406779661017,3.2,1.216534798836796,2.012630531867973,overload_or_unbounded
5.29406779661017,3.3000000000000003,1.2182012428936866,1.9543151423618028,overload_or_unbounded
5.29406779661017,3.4000000000000004,1.2195082064540164,1.8988703304382455,overload_or_unbounded
5.29406779661017,3.5000000000000004,1.2204820110169394,1.8460898602476559,overload_or_unbounded
5.29406779661017,3.6,1.2211466721359008,1.7957870199700974,overload_or_unbounded
5.29406779661017,3.7,1.2215241448479472,1.7477923346003499,overload_or_unbounded
5.29406779661017,3.8000000000000003,1.221634538423623,1.7019515971303236,overload_or_unbounded
5.29406779661017,3.9000000000000004,1.2214963048202274,1.6581241669300217,overload_or_unbounded
5.29406779661017,4.0,1.2211264045199717,1.6161814934398866,overload_or_unbounded
5.29406779661017,4.1,1.2205404528570665,1.5760058307147782,overload_or_unbounded
5.29406779661017,4.2,1.2197528494602432,1.5374891143216585,overload_or_unbounded
5.29406779661017,4.3,1.2187768930407403,1.5005319769068797,overload_or_unbounded
5.29406779661017,4.3999999999999995,1.2176248834254317,1.4650428826576798,overload_or_unbounded
5.29406779661017,4.5,1.216308212458436,1.4309373640730414,overload_or_unbounded
5.29406779661017,4.6,1.2148374451626598,1.3981373470764809,overload_or_unbounded
5.29406779661017,4.7,1.213222392357422,1.3665705526608034,overload_or_unbounded
5.29406779661017,4.8,1.211472175763325,1.3361699650412242,overload_or_unbounded
5.29406779661017,4.9,1.209595286485725,1.3068733577786793,overload_or_unbounded
5.29406779661017,5.0,1.2075996376492946,1.2786228705754483,overload_or_unbounded
5.29406779661017,5.1,1.2054926118548772,1.2513646304847823,overload_or_unbounded
5.29406779661017,5.2,1.203281104043205,1.2250484121508964,overload_or_unbounded
5.29406779661017,5.3,1.2009715602758408,1.1996273324341507,overload_or_unbounded
5.29406779661017,5.4,1.1985700128798995,1.1750575754018724,overload_or_unbounded
5.29406779661017,5.5,1.1960821123481409,1.1512981441970471,overload_or_unbounded
5.29406779661017,5.6,1.1935131563385692,1.1283106367504607,near_critical
5.29406779661017,5.7,1.1908681160765773,1.1060590426896193,near_critical
5.29406779661017,5.8,1.1881516604270221,1.0845095591302758,near_critical
5.29406779661017,5.9,1.1853681778726215,1.0636304233223597,near_critical
5.29406779661017,6.0,1.182521796608039,1.0433917603687033,near_critical
5.394915254237288,0.1,0.39654130557544454,21.393067383841352,overload_or_unbounded
5.394915254237288,0.2,0.5082064624062294,13.708653981686677,overload_or_unbounded
5.394915254237288,0.30000000000000004,0.6014437402168253,10.815793362204266,overload_or_unbounded
5.394915254237288,0.4,0.6802115181144497,9.17420873795887,overload_or_unbounded
5.394915254237288,0.5,0.7474125422437773,8.064454650718451,overload_or_unbounded
5.394915254237288,0.6,0.8052238115069371,7.240190372956444,overload_or_unbounded
5.394915254237288,0.7000000000000001,0.8553100330267929,6.591893063254918,overload_or_unbounded
5.394915254237288,0.8,0.8989659257866932,6.062306232582721,overload_or_unbounded
5.394915254237288,0.9,0.9372135862764289,5.617986525645712,overload_or_unbounded
5.394915254237288,1.0,0.9708706444422349,5.237764849592599,overload_or_unbounded
5.394915254237288,1.1,1.0005989465061742,4.907405927163563,overload_or_unbounded
5.394915254237288,1.2000000000000002,1.0269399606510157,4.616878382418338,overload_or_unbounded
5.394915254237288,1.3000000000000003,1.0503409464376467,4.358846456989607,overload_or_unbounded
5.394915254237288,1.4000000000000001,1.0711745818663732,4.127782922615817,overload_or_unbounded
5.394915254237288,1.5000000000000002,1.0897538799418294,3.91941988684163,overload_or_unbounded
5.394915254237288,1.6,1.1063436629520749,3.7303939398055657,overload_or_unbounded
5.394915254237288,1.7000000000000002,1.1211694869063595,3.558008451468536,overload_or_unbounded
5.394915254237288,1.8000000000000003,1.1344246535918978,3.4000693713587666,overload_or_unbounded
5.394915254237288,1.9000000000000001,1.1462757718588648,3.254768761665269,overload_or_unbounded
5.394915254237288,2.0,1.1568672066470427,3.120600270133506,overload_or_unbounded
5.394915254237288,2.1,1.1663246669092293,2.9962965413818217,overload_or_unbounded
5.394915254237288,2.2,1.1747581207977584,2.880782048150435,overload_or_unbounded
5.394915254237288,2.3000000000000003,1.1822641808158982,2.7731369841834956,overload_or_unbounded
5.394915254237288,2.4000000000000004,1.1889280680590155,2.672569237734355,overload_or_unbounded
5.394915254237288,2.5000000000000004,1.194825239727559,2.5783923647815725,overload_or_unbounded
5.394915254237288,2.6,1.2000227453867944,2.4900080825072797,overload_or_unbounded
5.394915254237288,2.7,1.2045803632914784,2.4068922136577373,overload_or_unbounded
5.394915254237288,2.8000000000000003,1.208551557289831,2.3285832971268356,overload_or_unbounded
5.394915254237288,2.9000000000000004,1.211984286510532,2.254673281100539,overload_or_unbounded
5.394915254237288,3.0000000000000004,1.2149216935957123,2.1847998591611026,overload_or_unbounded
5.394915254237288,3.1,1.2174026922160024,2.118640114446985,overload_or_unbounded
5.394915254237288,3.2,1.2194624706539625,2.0559052140315477,overload_or_unbounded
5.394915254237288,3.3000000000000003,1.2211329251191907,1.9963359530839155,overload_or_unbounded
5.394915254237288,3.4000000000000004,1.22244303397416,1.9396989915950902,overload_or_unbounded
5.394915254237288,3.5000000000000004,1.2234191820624611,1.8857836593243646,overload_or_unbounded
5.394915254237288,3.6,1.2240854427325638,1.834399229857698,overload_or_unbounded
5.394915254237288,3.7,1.2244638238577703,1.7853725842140555,overload_or_unbounded
5.394915254237288,3.8000000000000003,1.22457448310292,1.7385461996951803,overload_or_unbounded
5.394915254237288,3.9000000000000004,1.224435916831174,1.6937764116791076,overload_or_unbounded
5.394915254237288,4.0,1.2240651263412705,1.6509319055696035,overload_or_unbounded
5.394915254237288,4.1,1.2234777645467592,1.6098924037008413,overload_or_unbounded
5.394915254237288,4.2,1.2226882657300349,1.5705475180866428,overload_or_unbounded
5.394915254237288,4.3,1.2217099606065682,1.532795744820933,overload_or_unbounded
5.394915254237288,4.3999999999999995,1.2205551786035835,1.496543579928816,overload_or_unbounded
5.394915254237288,4.5,1.2192353389804291,1.4617047397268197,overload_or_unbounded
5.394915254237288,4.6,1.2177610321854413,1.4281994714245616,overload_or_unbounded
5.394915254237288,4.7,1.2161420926483273,1.39595394190394,overload_or_unbounded
5.394915254237288,4.8,1.2143876640417164,1.3648996944367173,overload_or_unbounded
5.394915254237288,4.9,1.2125062579053734,1.3349731646187488,overload_or_unbounded
5.394915254237288,5.0,1.2105058064074319,1.3061152480660527,overload_or_unbounded
5.394915254237288,5.1,1.2083937099154543,1.2782709134798576,overload_or_unbounded
5.394915254237288,5.2,1.2061768799633057,1.2513888555812263,overload_or_unbounded
5.394915254237288,5.3,1.2038617781254248,1.2254211831702038,overload_or_unbounded
5.394915254237288,5.4,1.2014544512461218,1.2003231382035173,overload_or_unbounded
5.394915254237288,5.5,1.198960563416443,1.176052842328055,overload_or_unbounded
5.394915254237288,5.6,1.196385425043559,1.1525710677704748,overload_or_unbounded
5.394915254237288,5.7,1.193734019316446,1.1298410298793482,near_critical
5.394915254237288,5.8,1.1910110263358953,1.107828198955919,near_critical
5.394915254237288,5.9,1.1882208451457994,1.0865001293016603,near_critical
5.394915254237288,6.0,1.1853676138755966,1.0658263036627187,near_critical
5.495762711864407,0.1,0.397463757305289,21.843664967159313,overload_or_unbounded
5.495762711864407,0.2,0.5093886745081552,13.99739641603977,overload_or_unbounded
5.495762711864407,0.30000000000000004,0.6028428449526158,11.043604094682806,overload_or_unbounded
5.495762711864407,0.4,0.6817938559005077,9.36744312609066,overload_or_unbounded
5.495762711864407,0.5,0.7491512059915543,8.23431452687327,overload_or_unbounded
5.495762711864407,0.6,0.8070969583579534,7.392688947671367,overload_or_unbounded
5.495762711864407,0.7000000000000001,0.8572996926370923,6.730736690982497,overload_or_unbounded
5.495762711864407,0.8,0.9010571396442503,6.189995286645088,overload_or_unbounded
5.495762711864407,0.9,0.9393937735147794,5.736316969155691,overload_or_unbounded
5.495762711864407,1.0,0.9731291262014587,5.348086765607169,overload_or_unbounded
5.495762711864407,1.1,1.0029265835419825,5.010769564152353,overload_or_unbounded
5.495762711864407,1.2000000000000002,1.0293288733060901,4.714122700134176,overload_or_unbounded
5.495762711864407,1.3000000000000003,1.0527842954894229,4.450655903682468,overload_or_unbounded
5.495762711864407,1.4000000000000001,1.0736663950321519,4.214725527713986,overload_or_unbounded
5.495762711864407,1.5000000000000002,1.0922889130834545,4.0019737860713,overload_or_unbounded
5.495762711864407,1.6,1.1089172879725795,3.8089664261134417,overload_or_unbounded
5.495762711864407,1.7000000000000002,1.123777600407032,3.632950019262014,overload_or_unbounded
5.495762711864407,1.8000000000000003,1.1370636018410984,3.471684302231413,overload_or_unbounded
5.495762711864407,1.9000000000000001,1.1489422886977487,3.3233232570048616,overload_or_unbounded
5.495762711864407,2.0,1.1595583617448029,3.1863288033538333,overload_or_unbounded
5.495762711864407,2.1,1.169037822364723,3.0594068918624813,overload_or_unbounded
5.495762711864407,2.2,1.177490894522569,2.9414593416713632,overload_or_unbounded
5.495762711864407,2.3000000000000003,1.18501441546584,2.8315469728430256,overload_or_unbounded
5.495762711864407,2.4000000000000004,1.1916938045349423,2.728860989551236,overload_or_unbounded
5.495762711864407,2.5000000000000004,1.1976046944621648,2.632700489351572,overload_or_unbounded
5.495762711864407,2.6,1.2028142907864052,2.5424545879236757,overload_or_unbounded
5.495762711864407,2.7,1.2073825108212102,2.4575880673809,overload_or_unbounded
5.495762711864407,2.8000000000000003,1.211362942784743,2.3776297469609737,overload_or_unbounded
5.495762711864407,2.9000000000000004,1.2148036573703054,2.3021629801421475,overload_or_unbounded
5.495762711864407,3.0000000000000004,1.2177478975803302,2.230817829324418,overload_or_unbounded
5.495762711864407,3.1,1.2202346676081302,2.1632645761177485,overload_or_unbounded
5.495762711864407,3.2,1.2222992375927881,2.0992083039696054,overload_or_unbounded
5.495762711864407,3.3000000000000003,1.2239735779422594,2.038384348473434,overload_or_unbounded
5.495762711864407,3.4000000000000004,1.2252867344297516,1.980554454829745,overload_or_unbounded
5.495762711864407,3.5000000000000004,1.2262651532764326,1.9255035154958025,overload_or_unbounded
5.495762711864407,3.6,1.2269329638312485,1.8730367868280713,overload_or_unbounded
5.495762711864407,3.7,1.227312225163179,1.822977503477603,overload_or_unbounded
5.495762711864407,3.8000000000000003,1.227423141828705,1.7751648248793823,overload_or_unbounded
5.495762711864407,3.9000000000000004,1.2272842532180368,1.7294520604343693,overload_or_unbounded
5.495762711864407,4.0,1.226912600179077,1.6857051296951937,overload_or_unbounded
5.495762711864407,4.1,1.2263238720378682,1.643801221613389,overload_or_unbounded
5.495762711864407,4.2,1.2255325366544634,1.603627623124333,overload_or_unbounded
5.495762711864407,4.3,1.2245519557548274,1.5650806923669798,overload_or_unbounded
5.495762711864407,4.3999999999999995,1.2233944874474367,1.5280649559122934,overload_or_unbounded
5.495762711864407,4.5,1.2220715775556208,1.4924923127021092,overload_or_unbounded
5.495762711864407,4.6,1.22059384116368,1.458281330130152,overload_or_unbounded
5.495762711864407,4.7,1.218971135578602,1.425356619947211,overload_or_unbounded
5.495762711864407,4.8,1.2172126257434273,1.393648283535686,overload_or_unbounded
5.495762711864407,4.9,1.2153268429978366,1.3630914176480404,overload_or_unbounded
5.495762711864407,5.0,1.2133217379621204,1.3336256729973477,overload_or_unbounded
5.495762711864407,5.1,1.2112047282188996,1.3051948591724103,overload_or_unbounded
5.495762711864407,5.2,1.2089827413799517,1.2777465902622207,overload_or_unbounded
5.495762711864407,5.3,1.2066622540509122,1.2512319663447657,overload_or_unbounded
5.495762711864407,5.4,1.2042493271425256,1.2256052866477207,overload_or_unbounded
5.495762711864407,5.5,1.2017496379218942,1.2008237907432178,overload_or_unbounded
5.495762711864407,5.6,1.19916850914949,1.1768474246117497,overload_or_unbounded
5.495762711864407,5.7,1.1965109356064014,1.1536386288146765,overload_or_unbounded
5.495762711864407,5.8,1.1937816082804749,1.1311621463616128,near_critical
5.495762711864407,5.9,1.1909849364488514,1.109384848157254,near_critical
5.495762711864407,6.0,1.1881250678672668,1.0882755741693821,near_critical
5.596610169491526,0.1,0.39835800457576764,22.294544595070928,overload_or_unbounded
5.596610169491526,0.2,0.5105347398371803,14.286319584257367,overload_or_unbounded
5.596610169491526,0.30000000000000004,0.6041991713061967,11.271557421768708,overload_or_unbounded
5.596610169491526,0.4,0.6833278128549775,9.56079846630142,overload_or_unbounded
5.596610169491526,0.5,0.7508367091571151,8.404280724192523,overload_or_unbounded
5.596610169491526,0.6,0.8089128327333089,7.545282976512391,overload_or_unbounded
5.596610169491526,0.7000000000000001,0.8592285173312494,6.869667225733136,overload_or_unbounded
5.596610169491526,0.8,0.9030844135097598,6.317764265697513,overload_or_unbounded
5.596610169491526,0.9,0.9415073003519572,5.854721479778084,overload_or_unbounded
5.596610169491526,1.0,0.9753185536622889,5.458477735920132,overload_or_unbounded
5.596610169491526,1.1,1.0051830518195015,5.114197900012317,overload_or_unbounded
5.596610169491526,1.2000000000000002,1.0316447436677538,4.811427886427857,overload_or_unbounded
5.596610169491526,1.3000000000000003,1.055152937825587,4.542522817079646,overload_or_unbounded
5.596610169491526,1.4000000000000001,1.0760820196658836,4.301722553192188,overload_or_unbounded
5.596610169491526,1.5000000000000002,1.0947464362189507,4.084579358638389,overload_or_unbounded
5.596610169491526,1.6,1.1114122230194357,3.887588093654848,overload_or_unbounded
5.596610169491526,1.7000000000000002,1.1263059694301656,3.707938495571692,overload_or_unbounded
5.596610169491526,1.8000000000000003,1.1396218628236867,3.543344059363289,overload_or_unbounded
5.596610169491526,1.9000000000000001,1.1515272753455157,3.391920662971359,overload_or_unbounded
5.596610169491526,2.0,1.162167233323387,3.252098478333749,overload_or_unbounded
5.596610169491526,2.1,1.1716680216282325,3.122556745291706,overload_or_unbounded
5.596610169491526,2.2,1.1801401122162254,3.0021746152064535,overload_or_unbounded
5.596610169491526,2.3000000000000003,1.1876805602074203,2.8899935223322784,overload_or_unbounded
5.596610169491526,2.4000000000000004,1.1943749771258139,2.7851879763202234,overload_or_unbounded
5.596610169491526,2.5000000000000004,1.2002991658685545,2.6870426072528586,overload_or_unbounded
5.596610169491526,2.6,1.205520483179193,2.594933921419619,overload_or_unbounded
5.596610169491526,2.7,1.2100989811782703,2.5083156533902375,overload_or_unbounded
5.596610169491526,2.8000000000000003,1.2140883686512132,2.4267068966624126,overload_or_unbounded
5.596610169491526,2.9000000000000004,1.2175368244447977,2.3496824046269564,overload_or_unbounded
5.596610169491526,3.0000000000000004,1.2204876888531881,2.2768646037249867,overload_or_unbounded
5.596610169491526,3.1,1.2229800538245994,2.2079169697806607,overload_or_unbounded
5.596610169491526,3.2,1.2250492688518293,2.1425384988075953,overload_or_unbounded
5.596610169491526,3.3000000000000003,1.2267273762725361,2.080459063406222,overload_or_unbounded
5.596610169491526,3.4000000000000004,1.2280434872095427,2.0214354909102243,overload_or_unbounded
5.596610169491526,3.5000000000000004,1.2290241073849408,1.9652482336973727,overload_or_unbounded
5.596610169491526,3.6,1.2296934204359087,1.911698528380118,overload_or_unbounded
5.596610169491526,3.7,1.2300735350617675,1.8606059609592103,overload_or_unbounded
5.596610169491526,3.8000000000000003,1.230184701276903,1.8118063709261076,overload_or_unbounded
5.596610169491526,3.9000000000000004,1.2300455001829989,1.765150039810631,overload_or_unbounded
5.596610169491526,4.0,1.229673010967886,1.7205001195830338,overload_or_unbounded
5.596610169491526,4.1,1.2290829582567668,1.6777312642264754,overload_or_unbounded
5.596610169491526,4.2,1.228289842460699,1.6367284341425457,overload_or_unbounded
5.596610169491526,4.3,1.2273070553679777,1.5973858481770054,overload_or_unbounded
5.596610169491526,4.3999999999999995,1.2261469828913878,1.5596060622139303,overload_or_unbounded
5.596610169491526,4.5,1.2248210966060313,1.5232991566829062,overload_or_unbounded
5.596610169491526,4.6,1.223340035478915,1.4883820181103087,overload_or_unbounded
5.596610169491526,4.7,1.2217136789948213,1.454777702142409,overload_or_unbounded
5.596610169491526,4.8,1.2199512127168481,1.422414867369715,overload_or_unbounded
5.596610169491526,4.9,1.2180611871791993,1.3912272708632711,overload_or_unbounded
5.596610169491526,5.0,1.2160515708901367,1.3611533176539767,overload_or_unbounded
5.596610169491526,5.1,1.2139297981209805,1.3321356574926813,overload_or_unbounded
5.596610169491526,5.2,1.2117028120698294,1.3041208231599013,overload_or_unbounded
5.596610169491526,5.3,1.2093771039139296,1.2770589053801713,overload_or_unbounded
5.596610169491526,5.4,1.20695874820037,1.2509032600620282,overload_or_unbounded
5.596610169491526,5.5,1.2044534349694447,1.2256102441507264,overload_or_unbounded
5.596610169491526,5.6,1.2018664989572179,1.2011389768634182,overload_or_unbounded
5.596610169491526,5.7,1.1992029461824552,1.1774511234892855,overload_or_unbounded
5.596610169491526,5.8,1.1964674781871805,1.1545106992910785,overload_or_unbounded
5.596610169491526,5.9,1.1936645141688964,1.1322838913489504,near_critical
5.596610169491526,6.0,1.1907982112153068,1.110738896449984,near_critical
5.697457627118644,0.1,0.39922532145900425,22.74569352685496,overload_or_unbounded
5.697457627118644,0.2,0.5116462912413278,14.57541532209935,overload_or_unbounded
5.697457627118644,0.30000000000000004,0.6055146516934165,11.499646902075813,overload_or_unbounded
5.697457627118644,0.4,0.68481557447158,9.754269294856849,overload_or_unbounded
5.697457627118644,0.5,0.7524714531485136,8.574348439860097,overload_or_unbounded
5.697457627118644,0.6,0.810674021786466,7.697968147557077,overload_or_unbounded
5.697457627118644,0.7000000000000001,0.8610992551878499,7.008680741680283,overload_or_unbounded
5.697457627118644,0.8,0.9050506357265291,6.4456095593108635,overload_or_unbounded
5.697457627118644,0.9,0.9435571780195475,5.973196711700017,overload_or_unbounded
5.697457627118644,1.0,0.9774420461951577,5.568934641161055,overload_or_unbounded
5.697457627118644,1.1,1.0073715662250666,5.217688012119509,overload_or_unbounded
5.697457627118644,1.2000000000000002,1.0338908712550186,4.908791191700203,overload_or_unbounded
5.697457627118644,1.3000000000000003,1.0574502481516277,4.634444601253841,overload_or_unbounded
5.697457627118644,1.4000000000000001,1.0784248974107338,4.388771540733876,overload_or_unbounded
5.697457627118644,1.5000000000000002,1.0971299506860615,4.167234270317734,overload_or_unbounded
5.697457627118644,1.6,1.1138320227327283,3.9662567207797306,overload_or_unbounded
5.697457627118644,1.7000000000000002,1.128758196250654,3.782971761412336,overload_or_unbounded
5.697457627118644,1.8000000000000003,1.1421030814029018,3.6150466178303713,overload_or_unbounded
5.697457627118644,1.9000000000000001,1.154034414742597,3.4605590411750575,overload_or_unbounded
5.697457627118644,2.0,1.164697538353103,3.317907436588098,overload_or_unbounded
5.697457627118644,2.1,1.174219012056525,3.185744317213889,overload_or_unbounded
5.697457627118644,2.2,1.1827095483318617,3.0629261530951872,overload_or_unbounded
5.697457627118644,2.3000000000000003,1.1902664136104584,2.9484749810991566,overload_or_unbounded
5.697457627118644,2.4000000000000004,1.1969754058122657,2.841548606382719,overload_or_unbounded
5.697457627118644,2.5000000000000004,1.2029124928747512,2.7414171829142204,overload_or_unbounded
5.697457627118644,2.6,1.20814517819257,2.647444600061489,overload_or_unbounded
5.697457627118644,2.7,1.2127336446335233,2.5590735382520955,overload_or_unbounded
5.697457627118644,2.8000000000000003,1.2167317179194015,2.475813359434666,overload_or_unbounded
5.697457627118644,2.9000000000000004,1.2201876817933976,2.3972302117758653,overload_or_unbounded
5.697457627118644,3.0000000000000004,1.2231449709114512,2.322938881197086,overload_or_unbounded
5.697457627118644,3.1,1.2256427623339294,2.2525960336716806,overload_or_unbounded
5.697457627118644,3.2,1.2277164825175955,2.185894574143483,overload_or_unbounded
5.697457627118644,3.3000000000000003,1.2293982435636372,2.122558908956942,overload_or_unbounded
5.697457627118644,3.4000000000000004,1.2307172199764789,2.0623409446415417,overload_or_unbounded
5.697457627118644,3.5000000000000004,1.2316999751872582,2.005016690843568,overload_or_unbounded
5.697457627118644,3.6,1.2323707454864867,1.9503833620305202,overload_or_unbounded
5.697457627118644,3.7,1.2327516877092026,1.8982568933735613,overload_or_unbounded
5.697457627118644,3.8000000000000003,1.2328630959587243,1.8484698024376682,overload_or_unbounded
5.697457627118644,3.9000000000000004,1.232723591792063,1.8008693410730203,overload_or_unbounded
5.697457627118644,4.0,1.2323502915823639,1.755315892014456,overload_or_unbounded
5.697457627118644,4.1,1.2317589541909508,1.7116815727626629,overload_or_unbounded
5.697457627118644,4.2,1.2309641115996075,1.6698490157958354,overload_or_unbounded
5.697457627118644,4.3,1.229979184753628,1.6297102993887747,overload_or_unbounded
5.697457627118644,4.3999999999999995,1.2288165865327751,1.591166007561604,overload_or_unbounded
5.697457627118644,4.5,1.2274878134884046,1.5541244011454884,overload_or_unbounded
5.697457627118644,4.6,1.2260035277509982,1.5185006847954978,overload_or_unbounded
5.697457627118644,4.7,1.2243736303152466,1.4842163571239457,overload_or_unbounded
5.697457627118644,4.8,1.2226073267433282,1.4511986330676896,overload_or_unbounded
5.697457627118644,4.9,1.220713186185924,1.4193799292161824,overload_or_unbounded
5.697457627118644,5.0,1.2186991945005687,1.3886974041741225,overload_or_unbounded
5.697457627118644,5.1,1.216572802144699,1.3590925471616506,overload_or_unbounded
5.697457627118644,5.2,1.2143409674333512,1.3305108090049576,overload_or_unbounded
5.697457627118644,5.3,1.212010195676555,1.3029012704722545,overload_or_unbounded
5.697457627118644,5.4,1.2095865746470837,1.2762163435895078,overload_or_unbounded
5.697457627118644,5.5,1.2070758067737561,1.2504115021479143,overload_or_unbounded
5.697457627118644,5.6,1.2044832384075825,1.2254450381074726,overload_or_unbounded
5.697457627118644,5.7,1.2018138864665815,1.2012778410221272,overload_or_unbounded
5.697457627118644,5.8,1.1990724627291138,1.1778731979730905,overload_or_unbounded
5.697457627118644,5.9,1.1962633960142897,1.1551966118075363,overload_or_unbounded
5.697457627118644,6.0,1.1933908524607484,1.1332156357476852,near_critical
5.7983050847457624,0.1,0.40006690642772946,23.197099777784107,overload_or_unbounded
5.7983050847457624,0.2,0.5127248646806053,14.864675949765683,overload_or_unbounded
5.7983050847457624,0.30000000000000004,0.6067911038667048,11.727866476429359,overload_or_unbounded
5.7983050847457624,0.4,0.686259196563781,9.947850472223282,overload_or_unbounded
5.7983050847457624,0.5,0.7540576968818777,8.744513156043741,overload_or_unbounded
5.7983050847457624,0.6,0.8123829591574178,7.850740404738773,overload_or_unbounded
5.7983050847457624,0.7000000000000001,0.8629144912232249,7.147773545943468,overload_or_unbounded
5.7983050847457624,0.8,0.9069585232527487,6.573527771287401,overload_or_unbounded
5.7983050847457624,0.9,0.9455462390722182,6.091739517638529,overload_or_unbounded
5.7983050847457624,1.0,0.9795025380769642,5.679454547053042,overload_or_unbounded
5.7983050847457624,1.1,1.00949515088387,5.321237151269213,overload_or_unbounded
5.7983050847457624,1.2000000000000002,1.0360703598039176,5.006210029504522,overload_or_unbounded
5.7983050847457624,1.3000000000000003,1.059679400928728,4.7264188143118355,overload_or_unbounded
5.7983050847457624,1.4000000000000001,1.0806982656936952,4.475870177891199,overload_or_unbounded
5.7983050847457624,1.5000000000000002,1.0994427500642705,4.249936325389681,overload_or_unbounded
5.7983050847457624,1.6,1.1161800308314904,4.044970217663695,overload_or_unbounded
5.7983050847457624,1.7000000000000002,1.13113766939584,3.8580478235325706,overload_or_unbounded
5.7983050847457624,1.8000000000000003,1.144510686167376,3.6867900728611986,overload_or_unbounded
5.7983050847457624,1.9000000000000001,1.1564671712954369,3.529236568244147,overload_or_unbounded
5.7983050847457624,2.0,1.1671527732510474,3.3837539299083335,overload_or_unbounded
5.7983050847457624,2.1,1.1766943186501215,3.248967929057357,overload_or_unbounded
5.7983050847457624,2.2,1.1852027533585527,3.123712341478897,overload_or_unbounded
5.7983050847457624,2.3000000000000003,1.1927755488497067,3.0069897955894227,overload_or_unbounded
5.7983050847457624,2.4000000000000004,1.1994986839094162,2.89794138252409,overload_or_unbounded
5.7983050847457624,2.5000000000000004,1.2054482866189844,2.7958227718803697,overload_or_unbounded
5.7983050847457624,2.6,1.2106920026732642,2.699985228908237,overload_or_unbounded
5.7983050847457624,2.7,1.215290141808254,2.609860373588221,overload_or_unbounded
5.7983050847457624,2.8000000000000003,1.219296643212792,2.5249478307693476,overload_or_unbounded
5.7983050847457624,2.9000000000000004,1.2227598924143777,2.4448051384860228,overload_or_unbounded
5.7983050847457624,3.0000000000000004,1.2257234156311625,2.369039437782037,overload_or_unbounded
5.7983050847457624,3.1,1.228226472510522,2.2973005808958424,overload_or_unbounded
5.7983050847457624,3.2,1.2303045641897874,2.2292753782273635,overload_or_unbounded
5.7983050847457624,3.3000000000000003,1.2319898704639027,2.164682766747309,overload_or_unbounded
5.7983050847457624,3.4000000000000004,1.2333116273384623,2.1032697293743166,overload_or_unbounded
5.7983050847457624,3.5000000000000004,1.234296454241514,2.04480783048921,overload_or_unbounded
5.7983050847457624,3.6,1.2349686385547616,1.9890902601204516,overload_or_unbounded
5.7983050847457624,3.7,1.23535038382085,1.9359293005273146,overload_or_unbounded
5.7983050847457624,3.8000000000000003,1.2354620269239824,1.8851541454535876,overload_or_unbounded
5.7983050847457624,3.9000000000000004,1.2353222286762509,1.836609015341788,overload_or_unbounded
5.7983050847457624,4.0,1.2349481415328871,1.7901515221118671,overload_or_unbounded
5.7983050847457624,4.1,1.2343555575756042,1.7456512453353215,overload_or_unbounded
5.7983050847457624,4.2,1.2335590394202587,1.7029884882391868,overload_or_unbounded
5.7983050847457624,4.3,1.2325720363041024,1.6620531873063988,overload_or_unbounded
5.7983050847457624,4.3999999999999995,1.2314069872738074,1.6227439535684496,overload_or_unbounded
5.7983050847457624,4.5,1.2300754131159781,1.584967227220249,overload_or_unbounded
5.7983050847457624,4.6,1.228587998437348,1.5486365300862812,overload_or_unbounded
5.7983050847457624,4.7,1.2269546651043504,1.5136718028568272,overload_or_unbounded
5.7983050847457624,4.8,1.2251846380849039,1.4799988159916864,overload_or_unbounded
5.7983050847457624,4.9,1.2232865045938452,1.4475486448341557,overload_or_unbounded
5.7983050847457624,5.0,1.2212682673232567,1.4162572008518173,overload_or_unbounded
5.7983050847457624,5.1,1.219137392436475,1.3860648120721772,overload_or_unbounded
5.7983050847457624,5.2,1.216900852916978,1.356915846749994,overload_or_unbounded
5.7983050847457624,5.3,1.2145651677882823,1.328758375121111,overload_or_unbounded
5.7983050847457624,5.4,1.2121364376564605,1.3015438647905682,overload_or_unbounded
5.7983050847457624,5.5,1.209620376971308,1.2752269058917858,overload_or_unbounded
5.7983050847457624,5.6,1.2070223433541845,1.2497649626557703,overload_or_unbounded
5.7983050847457624,5.7,1.2043473642989975,1.225118148458778,overload_or_unbounded
5.7983050847457624,5.8,1.2016001615167489,1.2012490217851544,overload_or_unbounded
5.7983050847457624,5.9,1.1987851731626993,1.1781224008588318,overload_or_unbounded
5.7983050847457624,6.0,1.195906574157896,1.1557051949701023,overload_or_unbounded
5.899152542372882,0.1,0.400883887880602,23.648752063871783,overload_or_unbounded
5.899152542372882,0.2,0.5137719063082444,15.15409423649021,overload_or_unbounded
5.899152542372882,0.30000000000000004,0.6080302392954602,11.956210439931349,overload_or_unbounded
5.899152542372882,0.4,0.6876606147427102,10.141537159372893,overload_or_unbounded
5.899152542372882,0.5,0.7555975671956938,8.914770619066482,overload_or_unbounded
5.899152542372882,0.6,0.8140419361925033,8.003595929146915,overload_or_unbounded
5.899152542372882,0.7000000000000001,0.8646766593091566,7.286942161563001,overload_or_unbounded
5.899152542372882,0.8,0.9088106341874882,6.701515704003289,overload_or_unbounded
5.899152542372882,0.9,0.9474771504466509,6.210346934330638,overload_or_unbounded
5.899152542372882,1.0,0.9815027920189758,5.7900346908848235,overload_or_unbounded
5.899152542372882,1.1,1.0115566531020894,5.424842729001266,overload_or_unbounded
5.899152542372882,1.2000000000000002,1.0381861315766665,5.103681964622298,overload_or_unbounded
5.899152542372882,1.3000000000000003,1.0618433850089917,4.818443157136629,overload_or_unbounded
5.899152542372882,1.4000000000000001,1.0829051726511012,4.5630162874239195,overload_or_unbounded
5.899152542372882,1.5000000000000002,1.1016879353591955,4.332683456517152,overload_or_unbounded
5.899152542372882,1.6,1.118459395529257,4.123726616673283,overload_or_unbounded
5.899152542372882,1.7000000000000002,1.13344757926765,3.9331648052253794,overload_or_unbounded
5.899152542372882,1.8000000000000003,1.1468479052379619,3.7585726310552974,overload_or_unbounded
5.899152542372882,1.9000000000000001,1.1588288068484516,3.5979515274184086,overload_or_unbounded
5.899152542372882,2.0,1.1695362300006427,3.4496363123027436,overload_or_unbounded
5.899152542372882,2.1,1.1790972603046104,3.3122260003956385,overload_or_unbounded
5.899152542372882,2.2,1.1876230701901382,3.184531660860382,overload_or_unbounded
5.899152542372882,2.3000000000000003,1.1952113301782634,3.0655365030843376,overload_or_unbounded
5.899152542372882,2.4000000000000004,1.2019481946331332,2.954364895071059,overload_or_unbounded
5.899152542372882,2.5000000000000004,1.2079099470981238,2.8502580141525558,overload_or_unbounded
5.899152542372882,2.6,1.2131643714081768,2.7525544945802864,overload_or_unbounded
5.899152542372882,2.7,1.2177719004585301,2.6606748898593304,overload_or_unbounded
5.899152542372882,2.8000000000000003,1.2217865835878894,2.5741090824319905,overload_or_unbounded
5.899152542372882,2.9000000000000004,1.2252569051324227,2.4924059955075375,overload_or_unbounded
5.899152542372882,3.0000000000000004,1.228226480195697,2.4151651210853804,overload_or_unbounded
5.899152542372882,3.1,1.2307346485976873,2.342029493955304,overload_or_unbounded
5.899152542372882,3.2,1.2328169839730245,2.272679826651542,overload_or_unbounded
5.899152542372882,3.3000000000000003,1.2345057318314006,2.206829583790031,overload_or_unbounded
5.899152542372882,3.4000000000000004,1.235830187881609,2.1442208219949848,overload_or_unbounded
5.899152542372882,3.5000000000000004,1.2368170259115525,2.084620657958914,overload_or_unbounded
5.899152542372882,3.6,1.23749058290049,2.027818255077757,overload_or_unbounded
5.899152542372882,3.7,1.2378731077331888,1.973622240707908,overload_or_unbounded
5.899152542372882,3.8000000000000003,1.2379849788240482,1.9218584829603478,overload_or_unbounded
5.899152542372882,3.9000000000000004,1.2378448950926295,1.8723681692176866,overload_or_unbounded
5.899152542372882,4.0,1.2374700440214002,1.825006139074781,overload_or_unbounded
5.899152542372882,4.1,1.236876249941274,1.779639432790659,overload_or_unbounded
5.899152542372882,4.2,1.2360781052066003,1.7361460230716594,overload_or_unbounded
5.899152542372882,4.3,1.235089086519481,1.6944137034414877,overload_or_unbounded
5.899152542372882,4.3999999999999995,1.2339216583285153,1.654339110867642,overload_or_unbounded
5.899152542372882,4.5,1.232587364947045,1.6158268639164555,overload_or_unbounded
5.899152542372882,4.6,1.231096912800967,1.5787888006646154,overload_or_unbounded
5.899152542372882,4.7,1.2294602440182782,1.543143303031236,overload_or_unbounded
5.899152542372882,4.8,1.2276866024053157,1.508814696211759,overload_or_unbounded
5.899152542372882,4.9,1.2257845927129707,1.4757327135722915,overload_or_unbounded
5.899152542372882,5.0,1.22376223397572,1.4438320187635572,overload_or_unbounded
5.899152542372882,5.1,1.221627007603642,1.4130517779875296,overload_or_unbounded
5.899152542372882,5.2,1.2193859008198282,1.3833352763374878,overload_or_unbounded
5.899152542372882,5.3,1.2170454459603717,1.3546295729661253,overload_or_unbounded
5.899152542372882,5.4,1.2146117560894667,1.3268851905428085,overload_or_unbounded
5.899152542372882,5.5,1.2120905573264553,1.3000558350615492,overload_or_unbounded
5.899152542372882,5.6,1.2094872182335599,1.274098142573216,overload_or_unbounded
5.899152542372882,5.7,1.2068067765713943,1.2489714498533269,overload_or_unbounded
5.899152542372882,5.8,1.2040539636932235,1.2246375863922458,overload_or_unbounded
5.899152542372882,5.9,1.2012332268175183,1.2010606854175159,overload_or_unbounded
5.899152542372882,6.0,1.1983487493909826,1.1782070119365298,overload_or_unbounded
6.0,0.1,0.4016773291899172,24.100639751395033,overload_or_unbounded
6.0,0.2,0.514788778939833,15.443663368194988,overload_or_unbounded
6.0,0.30000000000000004,0.6092336708220311,12.18467341644062,overload_or_unbounded
6.0,0.4,0.6890216530758061,10.33532479613709,overload_or_unbounded
6.0,0.5,0.7570930683648746,9.085116820378495,overload_or_unbounded
6.0,0.6,0.8156531121943746,8.156531121943745,overload_or_unbounded
6.0,0.7000000000000001,0.8663880530604089,7.426183311946361,overload_or_unbounded
6.0,0.8,0.9106093792139386,6.829570344104539,overload_or_unbounded
6.0,0.9,0.9493524253916509,6.329016169277672,overload_or_unbounded
6.0,1.0,0.9834454115253703,5.900672469152222,overload_or_unbounded
6.0,1.1,1.0135587561038517,5.528502306021009,overload_or_unbounded
6.0,1.2000000000000002,1.0402409404339297,5.2012047021696475,overload_or_unbounded
6.0,1.3000000000000003,1.0639450170055866,4.910515463102706,overload_or_unbounded
6.0,1.4000000000000001,1.085048490763972,4.650207817559879,overload_or_unbounded
6.0,1.5000000000000002,1.1038684288744363,4.415473715497745,overload_or_unbounded
6.0,1.6,1.120673083617088,4.20252406356408,overload_or_unbounded
6.0,1.7000000000000002,1.13569093241434,4.0083209379329645,overload_or_unbounded
6.0,1.8000000000000003,1.149117780708209,3.8303926023606962,overload_or_unbounded
6.0,1.9000000000000001,1.1611223952753627,3.666702300869566,overload_or_unbounded
6.0,2.0,1.1718510108777922,3.5155530326333766,overload_or_unbounded
6.0,2.1,1.18143096465719,3.3755170418776865,overload_or_unbounded
6.0,2.2,1.189973649079119,3.245382679306688,overload_or_unbounded
6.0,2.3000000000000003,1.1975769279770143,3.1241137251574282,overload_or_unbounded
6.0,2.4000000000000004,1.2043271262343025,3.0108178155857557,overload_or_unbounded
6.0,2.5000000000000004,1.210300678377017,2.90472162810484,overload_or_unbounded
6.0,2.6,1.2155655023998804,2.805151159384339,overload_or_unbounded
6.0,2.7,1.2201821508087136,2.7115158906860297,overload_or_unbounded
6.0,2.8000000000000003,1.2242047799182805,2.6232959569677434,overload_or_unbounded
6.0,2.9000000000000004,1.2276819700263886,2.540031662123562,overload_or_unbounded
6.0,3.0000000000000004,1.2306574225609148,2.461314845121829,overload_or_unbounded
6.0,3.1,1.233170555204375,2.386781719750403,overload_or_unbounded
6.0,3.2,1.2352570119997957,2.3161068974996164,overload_or_unbounded
6.0,3.3000000000000003,1.23694910227814,2.2489983677784364,overload_or_unbounded
6.0,3.4000000000000004,1.2382761797311395,2.1851932583490696,overload_or_unbounded
6.0,3.5000000000000004,1.239264970940251,2.1244542358975727,overload_or_unbounded
6.0,3.6,1.2399398610532062,2.0665664350886765,overload_or_unbounded
6.0,3.7,1.2403231429904265,2.0113348264709616,overload_or_unbounded
6.0,3.8000000000000003,1.2404352354998747,1.9585819507892757,overload_or_unbounded
6.0,3.9000000000000004,1.24029487451057,1.9081459607854923,overload_or_unbounded
6.0,4.0,1.239919281522956,1.859878922284434,overload_or_unbounded
6.0,4.1,1.2393243121879327,1.8136453349091701,overload_or_unbounded
6.0,4.2,1.2385245877414712,1.7693208396306732,overload_or_unbounded
6.0,4.3,1.2375336115591626,1.7267910858965059,overload_or_unbounded
6.0,4.3999999999999995,1.2363638727596131,1.6859507355812908,overload_or_unbounded
6.0,4.5,1.235026938505013,1.6467025846733507,overload_or_unbounded
6.0,4.6,1.233533536411736,1.6089567866240033,overload_or_unbounded
6.0,4.7,1.231893628285534,1.5726301637687665,overload_or_unbounded
6.0,4.8,1.2301164762283598,1.5376455952854498,overload_or_unbounded
6.0,4.9,1.2282107020218844,1.5039314718635317,overload_or_unbounded
6.0,5.0,1.2261843405720954,1.4714212086865144,overload_or_unbounded
6.0,5.1,1.2240448880965007,1.4400528095252951,overload_or_unbounded
6.0,5.2,1.2217993456475116,1.4097684757471285,overload_or_unbounded
6.0,5.3,1.2194542584902146,1.3805142548945826,overload_or_unbounded
6.0,5.4,1.2170157517879625,1.352239724208847,overload_or_unbounded
6.0,5.5,1.2144895629934034,1.3248977050837127,overload_or_unbounded
6.0,5.6,1.211881071294377,1.298444004958261,overload_or_unbounded
6.0,5.7,1.2091953244223834,1.2728371836025087,overload_or_unbounded
6.0,5.8,1.2064370630951218,1.2480383411328848,overload_or_unbounded
6.0,5.9,1.2036107433331307,1.2240109254235227,overload_or_unbounded
6.0,6.0,1.2007205568631159,1.2007205568631159,overload_or_unbounded
