time,host,parasite,resource,scenario,boundary_specificity
0.0,0.8,0.05,1.0,open_boundary,0.0
0.01320176291940535,0.8015304595428515,0.050214737721703304,0.9959603918303408,open_boundary,0.0
0.11320176291940535,0.8130625094606879,0.051854943003430715,0.9666194864427565,open_boundary,0.0
0.21320176291940535,0.8244893083601837,0.053519383518873156,0.9393838493266042,open_boundary,0.0
0.3132017629194054,0.8358142827945242,0.05520835702976877,0.9140969663170229,open_boundary,0.0
0.41320176291940536,0.8470412976537942,0.05692223423232685,0.8906130134281174,open_boundary,0.0
0.5132017629194053,0.8581745781964896,0.05866145434499353,0.8687962116947643,open_boundary,0.0
0.6132017629194053,0.8692186360313804,0.06042652035003981,0.8485202143447741,open_boundary,0.0
0.7132017629194053,0.8801781998010256,0.06221799401816265,0.829667524998226,open_boundary,0.0
0.8132017629194053,0.8910581511055369,0.06403649083120995,0.8121289456774541,open_boundary,0.0
0.9132017629194052,0.9018634660114767,0.06588267490293084,0.795803053479981,open_boundary,0.0
1.0132017629194052,0.9125991623194969,0.06775725398209065,0.7805957048205757,open_boundary,0.0
1.1132017629194053,0.9232702526172952,0.06966097460700892,0.7664195661903476,open_boundary,0.0
1.2132017629194054,0.9338817030221117,0.07159461746606909,0.7531936704129785,open_boundary,0.0
1.3132017629194055,0.9444383974186206,0.0735589930053621,0.7408429974031603,open_boundary,0.0
1.4132017629194056,0.9549451069222116,0.07555493731259336,0.7292980784521049,open_boundary,0.0
1.5132017629194057,0.965406464242232,0.07758330829582656,0.7184946230813695,open_boundary,0.0
1.6132017629194058,0.975826942582394,0.07964498216659703,0.708373167520636,open_boundary,0.0
1.7132017629194058,0.9862108386937026,0.08174085022937067,0.6988787438786727,open_boundary,0.0
1.813201762919406,0.9965622596863862,0.08387181597317382,0.6899605690903747,open_boundary,0.0
1.913201762919406,1.0068851132089929,0.08603879245636066,0.6815717527372027,open_boundary,0.0
2.013201762919406,1.0171831006128014,0.08824269997178412,0.673669022853973,open_boundary,0.0
2.113201762919406,1.0274597127359757,0.09048446397695163,0.6662124688520792,open_boundary,0.0
2.213201762919406,1.0377182279627033,0.09276501327193175,0.6591653007079917,open_boundary,0.0
2.313201762919406,1.0479617122364113,0.09508527840669422,0.6524936235863157,open_boundary,0.0
2.4132017629194062,1.0581930207317893,0.0974461902990824,0.646166227088723,open_boundary,0.0
2.5132017629194063,1.0684148009167618,0.099848679044615,0.6401543883435937,open_boundary,0.0
2.6132017629194064,1.0786294967619414,0.10229367289968828,0.6344316881760249,open_boundary,0.0
2.7132017629194065,1.088839353880849,0.10478209742040884,0.628973839623789,open_boundary,0.0
2.8132017629194066,1.0990464254088455,0.10731487474015222,0.6237585280916448,open_boundary,0.0
2.9132017629194067,1.1092525784519829,0.10989292296994879,0.6187652624638744,open_boundary,0.0
3.013201762919407,1.1194595009586275,0.11251715570689114,0.613975236522849,open_boundary,0.0
3.113201762919407,1.1296687088866326,0.11518848163689456,0.6093712000495782,open_boundary,0.0
3.213201762919407,1.1398815535569986,0.11790780421928838,0.6049373390103967,open_boundary,0.0
3.313201762919407,1.1500992291013477,0.12067602144184553,0.6006591642619951,open_boundary,0.0
3.413201762919407,1.1603227799252431,0.12349402563595144,0.5965234082347591,open_boundary,0.0
3.5132017629194072,1.170553108122441,0.1263627033426561,0.5925179290816929,open_boundary,0.0
3.6132017629194073,1.1807909807866992,0.1292829352213363,0.5886316218069545,open_boundary,0.0
3.7132017629194074,1.191037037177893,0.1322555959936126,0.5848543359141182,open_boundary,0.0
3.8132017629194075,1.2012917957080025,0.1352815544160142,0.5811767991396133,open_boundary,0.0
3.9132017629194076,1.2115556607201705,0.13836167327566418,0.57759054686131,open_boundary,0.0
4.013201762919407,1.2218289290406092,0.1414968094039693,0.5740878567958718,open_boundary,0.0
4.113201762919407,1.2321117962887358,0.1446878137039425,0.5706616886212358,open_boundary,0.0
4.2132017629194065,1.242404362935693,0.14793553118736902,0.5673056281823884,open_boundary,0.0
4.313201762919406,1.25270664010542,0.15124080101854911,0.5640138359594651,open_boundary,0.0
4.413201762919406,1.2630185551157942,0.15460445656181873,0.5607809994971023,open_boundary,0.0
4.5132017629194054,1.2733399567601376,0.15802732543046422,0.5576022895129216,open_boundary,0.0
4.613201762919405,1.283670620331664,0.16151022953501842,0.5544733194210354,open_boundary,0.0
4.713201762919405,1.294010252395273,0.16505398512925104,0.5513901080235404,open_boundary,0.0
4.813201762919404,1.3043584953125686,0.16865940285245473,0.5483490451391403,open_boundary,0.0
4.913201762919404,1.3147149315271214,0.17232728776688175,0.5453468599533269,open_boundary,0.0
5.013201762919404,1.3250790876178664,0.1760584393894073,0.5423805918889808,open_boundary,0.0
5.113201762919403,1.3354504381291645,0.17985365171669,0.5394475638098594,open_boundary,0.0
5.213201762919403,1.3458284091865025,0.18371371324326816,0.5365453573822478,open_boundary,0.0
5.313201762919403,1.356212381907082,0.18763940697217749,0.5336717904320956,open_boundary,0.0
5.413201762919402,1.3666016956146954,0.1916315104178022,0.5308248961462729,open_boundary,0.0
5.513201762919402,1.3769956508683145,0.19569079560078115,0.5280029039772024,open_boundary,0.0
5.6132017629194015,1.3873935123137577,0.1998180290348845,0.5252042221200698,open_boundary,0.0
5.713201762919401,1.3977945113676655,0.20401397170585645,0.5224274214411418,open_boundary,0.0
5.813201762919401,1.4081978487428213,0.2082793790422889,0.5196712207444402,open_boundary,0.0
5.9132017629194005,1.4186026968236096,0.212615000878648,0.5169344732721751,open_boundary,0.0
6.0132017629194,1.4290082019001304,0.21702158141062516,0.5142161543419641,open_boundary,0.0
6.1132017629194,1.4394134862691805,0.22149985914302503,0.5115153500309693,open_boundary,0.0
6.213201762919399,1.4498176502099938,0.22605056683043617,0.5088312468237263,open_boundary,0.0
6.313201762919399,1.4602197738422948,0.23067443141095914,0.5061631221466211,open_boundary,0.0
6.413201762919399,1.4706189188738787,0.23537217393328821,0.5035103357177341,open_boundary,0.0
6.513201762919398,1.481014130244583,0.24014450947746183,0.5008723216461379,open_boundary,0.0
6.613201762919398,1.491404437673176,0.2449921470696099,0.49824858121972515,open_boundary,0.0
6.713201762919398,1.5017888571133438,0.24991578959103738,0.49563867632528674,open_boundary,0.0
6.813201762919397,1.5121663921246187,0.2549161336819905,0.493042223448877,open_boundary,0.0
6.913201762919397,1.5225360351637764,0.25999386964045695,0.49045888820850725,open_boundary,0.0
7.013201762919397,1.5328967688018982,0.2651496813163539,0.48788838037493204,open_boundary,0.0
7.113201762919396,1.543247566871996,0.27038424600145844,0.4853304493397444,open_boundary,0.0
7.213201762919396,1.553587395551801,0.2756982343154337,0.4827848799931974,open_boundary,0.0
7.3132017629193955,1.5639152143860273,0.2810923100883018,0.48025148897713743,open_boundary,0.0
7.413201762919395,1.5742299772521586,0.2865671302397103,0.47773012128118275,open_boundary,0.0
7.513201762919395,1.584530633273536,0.2921233446553351,0.4752206471528277,open_boundary,0.0
7.613201762919394,1.5948161276832864,0.2977615960607556,0.4727229592945063,open_boundary,0.0
7.713201762919394,1.6050854026423893,0.30348251989313224,0.4702369703228305,open_boundary,0.0
7.813201762919394,1.6153373980149617,0.3092867441710101,0.4677626104672298,open_boundary,0.0
7.913201762919393,1.6255710521036248,0.31517488936256205,0.4652998254870826,open_boundary,0.0
8.013201762919394,1.6357853023476214,0.3211475682525799,0.46284857478814745,open_boundary,0.0
8.113201762919394,1.6459790859861587,0.3272053858085105,0.460408829720689,open_boundary,0.0
8.213201762919393,1.6561513406892818,0.33334893904582774,0.45798057204315773,open_boundary,0.0
8.313201762919393,1.6663010051584075,0.3395788168930192,0.45556379253663304,open_boundary,0.0
8.413201762919392,1.6764270196984978,0.3458956000564597,0.45315848975648204,open_boundary,0.0
8.513201762919392,1.6865283267637021,0.3522998608854325,0.45076466890883393,open_boundary,0.0
8.613201762919392,1.6966038714781602,0.3587921632375512,0.44838234084052403,open_boundary,0.0
8.713201762919391,1.706652602133531,0.3653730623448235,0.44601152113213327,open_boundary,0.0
8.813201762919391,1.716673470664688,0.3720431046805911,0.44365222928464126,open_boundary,0.0
8.91320176291939,1.7266654331049118,0.3788028278275682,0.4413044879910324,open_boundary,0.0
9.01320176291939,1.736627450021809,0.3856527603471924,0.43896832248494827,open_boundary,0.0
9.11320176291939,1.7465584869350808,0.3925934216504926,0.4366437599591729,open_boundary,0.0
9.21320176291939,1.7564575147171824,0.3996253218706682,0.4343308290473712,open_boundary,0.0
9.31320176291939,1.766323509977827,0.4067489617375658,0.43202955936308574,open_boundary,0.0
9.413201762919389,1.7761554554332073,0.4139648324542293,0.42973998109052947,open_boundary,0.0
9.513201762919389,1.7859523402607405,0.42127341557569037,0.4274621246222029,open_boundary,0.0
9.613201762919388,1.7957131604400718,0.4286751828901581,0.42519602023881137,open_boundary,0.0
9.713201762919388,1.8054369190810118,0.43617059630275756,0.42294169782736857,open_boundary,0.0
9.813201762919388,1.8151226267390244,0.4437601077219575,0.42069918663374767,open_boundary,0.0
9.913201762919387,1.824769301718833,0.4514441589488204,0.4184685150462837,open_boundary,0.0
10.013201762919387,1.8343759703666598,0.4592231815691986,0.41624971040734426,open_boundary,0.0
10.113201762919386,1.8439416673515732,0.4670975968489937,0.414042798850072,open_boundary,0.0
10.213201762919386,1.8534654359363727,0.47506781563258615,0.4118478051577616,open_boundary,0.0
10.313201762919386,1.8629463282384096,0.48313423824453705,0.40966475264357366,open_boundary,0.0
10.413201762919385,1.8723834054807031,0.4912972543946549,0.40749366304850365,open_boundary,0.0
10.513201762919385,1.8817757382336824,0.4995572430865128,0.4053345564557209,open_boundary,0.0
10.613201762919385,1.8911224066478565,0.5079145725294958,0.4031874512195736,open_boundary,0.0
10.713201762919384,1.9004225006776887,0.5163696000544501,0.40105236390771776,open_boundary,0.0
10.813201762919384,1.9096751202969284,0.5249226720329987,0.39892930925497794,open_boundary,0.0
10.913201762919384,1.9188793757056333,0.5335741238005838,0.396818300127681,open_boundary,0.0
11.013201762919383,1.928034387529094,0.5423242795832877,0.39471934749732807,open_boundary,0.0
11.113201762919383,1.9371392870088577,0.5511734524284786,0.3926324604225803,open_boundary,0.0
11.213201762919383,1.9461932161860336,0.5601219441393229,0.39055764603863435,open_boundary,0.0
11.313201762919382,1.9551953280770424,0.5691700452131978,0.3884949095531562,open_boundary,0.0
11.413201762919382,1.964144786841971,0.5783180347840353,0.38644425424802314,open_boundary,0.0
11.513201762919381,1.9730407679456698,0.587566180568621,0.38440568148620013,open_boundary,0.0
11.613201762919381,1.9818824583117327,0.5969147388168664,0.38237919072314264,open_boundary,0.0
11.71320176291938,1.9906690564694811,0.6063639542660711,0.3803647795221812,open_boundary,0.0
11.81320176291938,1.9993997726940724,0.615914060099182,0.3783624435733971,open_boundary,0.0
11.91320176291938,2.0080738291398443,0.6255652779070565,0.3763721767155488,open_boundary,0.0
12.01320176291938,2.016690459967,0.6353178176547294,0.3743939709606539,open_boundary,0.0
12.11320176291938,2.0252489114617367,0.6451718776516807,0.37242781652087203,open_boundary,0.0
12.213201762919379,2.033748442149911,0.6551276445260968,0.3704737018373708,open_boundary,0.0
12.313201762919379,2.0421883229043405,0.665185293203113,0.36853161361088993,open_boundary,0.0
12.413201762919378,2.0505678370458247,0.6753449868870233,0.36660153683374863,open_boundary,0.0
12.513201762919378,2.058886280437977,0.6856068770474382,0.36468345482306713,open_boundary,0.0
12.613201762919378,2.0671429615759536,0.6959711034093697,0.3627773492549992,open_boundary,0.0
12.713201762919377,2.07533720166916,0.7064377939472168,0.3608832001997923,open_boundary,0.0
12.813201762919377,2.083468334718021,0.7170070648826244,0.3590009861575123,open_boundary,0.0
12.913201762919376,2.0915357075848964,0.7276790206861843,0.3571306840942878,open_boundary,0.0
13.013201762919376,2.0995386800592164,0.7384537540829437,0.35527226947894297,open_boundary,0.0
13.113201762919376,2.107476624916928,0.7493313460616857,0.3534257163199047,open_boundary,0.0
13.213201762919375,2.115348927974324,0.7603118658879414,0.35159099720227943,open_boundary,0.0
13.313201762919375,2.123154988136338,0.7713953711206926,0.34976808332500875,open_boundary,0.0
13.413201762919375,2.130894217439387,0.7825819076327213,0.34795694453802234,open_boundary,0.0
13.513201762919374,2.1385660410888385,0.7938715096345599,0.3461575493793152,open_boundary,0.0
13.613201762919374,2.1461698974911876,0.8052641997019938,0.34436986511188566,open_boundary,0.0
13.713201762919374,2.15370523828102,0.8167599888070668,0.34259385776047685,open_boundary,0.0
13.813201762919373,2.161171528342848,0.828358876352537,0.3408294921480716,open_boundary,0.0
13.913201762919373,2.1685682458278994,0.8400608502097299,0.33907673193209653,open_boundary,0.0
14.013201762919373,2.1758948821659385,0.8518658867597336,0.33733553964029594,open_boundary,0.0
14.113201762919372,2.183150942072211,0.8637739509378795,0.3356058767062417,open_boundary,0.0
14.213201762919372,2.190335943549587,0.8757849962814499,0.33388770350444885,open_boundary,0.0
14.313201762919372,2.197449417885999,0.8878989649805542,0.3321809793850707,open_boundary,0.0
14.413201762919371,2.2044909096472445,0.9001157879321122,0.3304856627081506,open_boundary,0.0
14.51320176291937,2.2114599766652554,0.9124353847968829,0.3288017108774111,open_boundary,0.0
14.61320176291937,2.2183561900219075,0.9248576640594766,0.32712908037356303,open_boundary,0.0
14.71320176291937,2.2251791340284663,0.9373825230912864,0.32546772678712044,open_boundary,0.0
14.81320176291937,2.2319284062007507,0.9500098482162748,0.32381760485070876,open_boundary,0.0
14.91320176291937,2.2386036172301056,0.9627395147795488,0.3221786684708567,open_boundary,0.0
15.013201762919369,2.245204390950271,0.9755713872186601,0.3205508707592624,open_boundary,0.0
15.113201762919369,2.2517303643002373,0.9885053191375613,0.3189341640635279,open_boundary,0.0
15.213201762919368,2.2581811872831734,1.0015411533831526,0.31732849999735613,open_boundary,0.0
15.313201762919368,2.26455652292152,1.0146787221243498,0.3157338294702062,open_boundary,0.0
15.413201762919368,2.2708560472083374,1.0279178469336083,0.3141501027164048,open_boundary,0.0
15.513201762919367,2.2770794490549933,1.041258338870831,0.31257726932371105,open_boundary,0.0
15.613201762919367,2.2832264302352883,1.0546999985695955,0.3110152782613342,open_boundary,0.0
15.713201762919367,2.2892967053261013,1.0682426163256291,0.3094640779074043,open_boundary,0.0
15.813201762919366,2.2952900016446502,1.0818859721874632,0.3079236160758968,open_boundary,0.0
15.913201762919366,2.3012060591824564,1.0956298360491992,0.3063938400430115,open_boundary,0.0
16.013201762919365,2.3070446305360996,1.1094739677453154,0.30487469657300953,open_boundary,0.0
16.113201762919367,2.312805480834861,1.123418117147448,0.3033661319435092,open_boundary,0.0
16.21320176291937,2.3184883876653317,1.1374620242630742,0.30186809197024556,open_boundary,0.0
16.31320176291937,2.3240931409930905,1.1516054193360328,0.30038052203129584,open_boundary,0.0
16.41320176291937,2.3296195430815265,1.1658480229488102,0.2989033670907759,open_boundary,0.0
16.513201762919373,2.335067408407904,1.1801895461265255,0.29743657172201143,open_boundary,0.0
16.613201762919374,2.340436563576754,1.1946296904425469,0.2959800801301885,open_boundary,0.0
16.713201762919375,2.3457268472306803,1.2091681481256695,0.29453383617448947,open_boundary,0.0
16.813201762919377,2.350938109958668,1.223804602168792,0.2930977833897182,open_boundary,0.0
16.91320176291938,2.356070214201982,1.2385387264390202,0.29167186500742126,open_boundary,0.0
17.01320176291938,2.3611230341577367,1.2533701857891344,0.29025602397650996,open_boundary,0.0
17.11320176291938,2.3660964556802297,1.2682986361703548,0.2888502029833901,open_boundary,0.0
17.213201762919383,2.3709903761801185,1.2833237247463378,0.2874543444716044,open_boundary,0.0
17.313201762919384,2.3758047045215243,1.2984450900083413,0.286068390660995,open_boundary,0.0
17.413201762919385,2.3805393609171497,1.313662361891492,0.2846922835663917,open_boundary,0.0
17.513201762919387,2.385194276821488,1.328975161892095,0.2833259650158325,open_boundary,0.0
17.613201762919388,2.389769394822211,1.3443831031859195,0.28196937666832356,open_boundary,0.0
17.71320176291939,2.3942646685298086,1.3598857907474002,0.2806224600311442,open_boundary,0.0
17.81320176291939,2.3986800624655658,1.3754828214696955,0.27928515647670527,open_boundary,0.0
17.913201762919392,2.403015551947956,1.3911737842855372,0.27795740725896584,open_boundary,0.0
18.013201762919394,2.4072711229775225,1.406958260288817,0.2766391535294167,open_boundary,0.0
18.113201762919395,2.4114467721203305,1.4228358228568483,0.2753303363526366,open_boundary,0.0
18.213201762919397,2.415542506390063,1.4388060377732454,0.2740308967214282,open_boundary,0.0
18.313201762919398,2.4195583431288363,1.4548684633513649,0.2727407755715414,open_boundary,0.0
18.4132017629194,2.4234943098868076,1.471022650558251,0.2714599137959899,open_boundary,0.0
18.5132017629194,2.4273504443006466,1.4872681431390316,0.27018825225896853,open_boundary,0.0
18.613201762919402,2.431126793970945,1.5036044777417066,0.2689257318093788,open_boundary,0.0
18.713201762919404,2.4348234163386318,1.5200311840422827,0.26767229329396824,open_boundary,0.0
18.813201762919405,2.4384403785604647,1.536547784870193,0.26642787757009184,open_boundary,0.0
18.913201762919407,2.4419777573836643,1.5531537963339572,0.26519242551810124,open_boundary,0.0
19.013201762919408,2.4454356390197582,1.5698487279470277,0.2639658780533697,open_boundary,0.0
19.11320176291941,2.448814119017704,1.5866320827537739,0.26274817613795853,open_boundary,0.0
19.21320176291941,2.4521133021363486,1.6035033574555553,0.26153926079193274,open_boundary,0.0
19.313201762919412,2.4553333022162924,1.6204620425368361,0.26033907310433163,open_boundary,0.0
19.413201762919414,2.458474242051221,1.6375076223912945,0.259147554243802,open_boundary,0.0
19.513201762919415,2.4615362532587595,1.6546395754478818,0.2579646454688998,open_boundary,0.0
19.613201762919417,2.464519476150914,1.671857374296785,0.2567902881380673,open_boundary,0.0
19.713201762919418,2.467424059604157,1.6891604858152525,0.25562442371929206,open_boundary,0.0
19.81320176291942,2.470250160929214,1.7065483712932357,0.254466993799454,open_boundary,0.0
19.91320176291942,2.472997945740605,1.7240204865588102,0.2533179400933672,open_boundary,0.0
20.013201762919422,2.4756675878259977,1.741576282103332,0.2521772044525231,open_boundary,0.0
20.113201762919424,2.4782592690154277,1.7592152032062907,0.25104472887354007,open_boundary,0.0
20.213201762919425,2.4807731790504306,1.776936690059822,0.24992045550632716,open_boundary,0.0
20.313201762919427,2.4832095154531455,1.7947401778928411,0.24880432666196692,open_boundary,0.0
20.413201762919428,2.4855684833954337,1.81262509709476,0.24769628482032385,open_boundary,0.0
20.51320176291943,2.487850295568062,1.8305908733387548,0.2465962726373844,open_boundary,0.0
20.61320176291943,2.490055172049999,1.8486369277045476,0.24550423295233414,open_boundary,0.0
20.713201762919432,2.492183340177872,1.8667626768006693,0.24442010879437837,open_boundary,0.0
20.813201762919434,2.494235034415622,1.8849675328861721,0.24334384338931134,open_boundary,0.0
20.913201762919435,2.496210496224411,1.9032509039917582,0.24227538016584016,open_boundary,0.0
21.013201762919437,2.498109973932812,1.9216121940402968,0.24121466276166878,open_boundary,0.0
21.113201762919438,2.499933722607336,1.940050802966698,0.24016163502934745,open_boundary,0.0
21.21320176291944,2.5016820039233227,1.9585661268371155,0.2391162410418933,open_boundary,0.0
21.31320176291944,2.5033550860362426,1.9771575579674507,0.23807842509818708,open_boundary,0.0
21.413201762919442,2.504953243453446,1.9958244850411317,0.23704813172815153,open_boundary,0.0
21.513201762919444,2.506476756906392,2.014566293226142,0.23602530569771643,open_boundary,0.0
21.613201762919445,2.5079259132233997,2.033382364291272,0.2350098920135754,open_boundary,0.0
21.713201762919446,2.5093010052029476,2.052272076721572,0.23400183592773935,open_boundary,0.0
21.813201762919448,2.5106023314875596,2.0712348058329844,0.2330010829418919,open_boundary,0.0
21.91320176291945,2.511830196438309,2.090269923886127,0.23200757881155104,open_boundary,0.0
22.01320176291945,2.51298491000997,2.1093768001992146,0.23102126955004218,open_boundary,0.0
22.113201762919452,2.5140667876268465,2.1285548012600954,0.23004210143228698,open_boundary,0.0
22.213201762919454,2.515076150059308,2.1478032908373774,0.22907002099841295,open_boundary,0.0
22.313201762919455,2.516013323301061,2.1671216300906355,0.22810497505718783,open_boundary,0.0
22.413201762919456,2.516878638447178,2.1865091776796755,0.2271469106892835,open_boundary,0.0
22.513201762919458,2.517672431572916,2.2059652898728386,0.22619577525037377,open_boundary,0.0
22.61320176291946,2.518395043613347,2.2254893206543334,0.22525151637407007,open_boundary,0.0
22.71320176291946,2.519046820243819,2.2450806218305766,0.22431408197469957,open_boundary,0.0
22.813201762919462,2.5196281117612775,2.26473854313553,0.2233834202499295,open_boundary,0.0
22.913201762919464,2.5201392729664676,2.2844624323350193,0.22245947968324203,open_boundary,0.0
23.013201762919465,2.5205806630470318,2.304251635330022,0.22154220904626343,open_boundary,0.0
23.113201762919466,2.520952645461531,2.3241054962589125,0.22063155740095142,open_boundary,0.0
23.213201762919468,2.521255587824404,2.34402335759865,0.21972747410164473,open_boundary,0.0
23.31320176291947,2.5214898617918795,2.3640045602649056,0.21882990879697833,open_boundary,0.0
23.41320176291947,2.52165584294887,2.3840484437111087,0.21793881143166818,open_boundary,0.0
23.513201762919472,2.5217539106968467,2.4041543460264125,0.21705413224816897,open_boundary,0.0
23.613201762919473,2.521784448142727,2.424321604032562,0.21617582178820838,open_boundary,0.0
23.713201762919475,2.521747841988779,2.444549553379665,0.21530383089420152,open_boundary,0.0
23.813201762919476,2.5216444824235604,2.4648375286408477,0.21443811071054855,open_boundary,0.0
23.913201762919478,2.5214747630139045,2.4851848634058,0.21357861268481904,open_boundary,0.0
24.01320176291948,2.521239080597966,2.505590890373196,0.21272528856882636,open_boundary,0.0
24.11320176291948,2.5209378351793372,2.526054941441986,0.21187809041959502,open_boundary,0.0
24.213201762919482,2.520571429822246,2.546576347801558,0.21103697060022425,open_boundary,0.0
24.313201762919483,2.5201402705478446,2.5671544400207615,0.2102018817806509,open_boundary,0.0
24.413201762919485,2.5196447662315995,2.587788548135787,0.2093727769383145,open_boundary,0.0
24.513201762919486,2.5190853285017902,2.608478001736907,0.2085496093587273,open_boundary,0.0
24.613201762919488,2.518462371639127,2.629222130054065,0.20773233263595253,open_boundary,0.0
24.71320176291949,2.517776312477491,2.650020262041318,0.20692090067299326,open_boundary,0.0
24.81320176291949,2.517027570305806,2.6708717264601267,0.2061152676820947,open_boundary,0.0
24.913201762919492,2.516216566771048,2.6917758519614945,0.2053153881849628,open_boundary,0.0
25.013201762919493,2.5153437257823965,2.7127319671669516,0.20452121701290144,open_boundary,0.0
25.113201762919495,2.514409473416533,2.7337394007483877,0.20373270930687093,open_boundary,0.0
25.213201762919496,2.513414237824092,2.7547974815067304,0.20294982051747043,open_boundary,0.0
25.313201762919498,2.5123584491372624,2.7759055384494706,0.2021725064048465,open_boundary,0.0
25.4132017629195,2.511242539378554,2.7970629008670387,0.20140072303853004,open_boundary,0.0
25.5132017629195,2.510066942370719,2.818268898408026,0.2006344267972046,open_boundary,0.0
25.613201762919502,2.5088320936478357,2.8395228611532626,0.19987357436840744,open_boundary,0.0
25.713201762919503,2.5075384303675605,2.860824119688746,0.19911812274816618,open_boundary,0.0
25.813201762919505,2.5061863912245395,2.882172005177427,0.19836802924057306,open_boundary,0.0
25.913201762919506,2.5047764163649893,2.9035658494298553,0.1976232514572988,open_boundary,0.0
26.013201762919508,2.50330894730244,2.9250049849736866,0.19688374731704825,open_boundary,0.0
26.11320176291951,2.501784426834646,2.946488745122058,0.19614947504495964,open_boundary,0.0
26.21320176291951,2.5002032989616576,2.968016464040831,0.1954203931719499,open_boundary,0.0
26.313201762919512,2.498566008805058,2.9895874768147124,0.19469646053400727,open_boundary,0.0
26.413201762919513,2.4968730025283596,3.0112011195122492,0.19397763627143366,open_boundary,0.0
26.513201762919515,2.4951247272585597,3.032856729249714,0.19326387982803822,open_boundary,0.0
26.613201762919516,2.4933216310088526,3.0545536442538745,0.19255515095028414,open_boundary,0.0
26.713201762919518,2.4914641626024943,3.0762912039236596,0.19185140968639022,open_boundary,0.0
26.81320176291952,2.489552771597818,3.098068748890725,0.19115261638538916,open_boundary,0.0
26.91320176291952,2.4875879082143966,3.1198856210789274,0.19045873169614386,open_boundary,0.0
27.013201762919522,2.4855700232603475,3.141741163762707,0.18976971656632366,open_boundary,0.0
27.113201762919523,2.483499568060776,3.163634721624394,0.18908553224134209,open_boundary,0.0
27.213201762919525,2.481376994387351,3.1855656408104362,0.18840614026325728,open_boundary,0.0
27.313201762919526,2.4792027543890134,3.207533268986561,0.18773150246963705,open_boundary,0.0
27.413201762919527,2.4769773005238034,3.229536955391878,0.1870615809923898,open_boundary,0.0
27.51320176291953,2.4747010854918114,3.2515760508919254,0.18639633825656254,open_boundary,0.0
27.61320176291953,2.4723745621692377,3.2736499080306736,0.1857357369791079,open_boundary,0.0
27.71320176291953,2.4699981835435616,3.295757881081489,0.18507974016762083,open_boundary,0.0
27.813201762919533,2.4675724026498087,3.317899326097068,0.1844283111190469,open_boundary,0.0
27.913201762919535,2.4650976725079152,3.3400736009583487,0.18378141341836304,open_boundary,0.0
28.013201762919536,2.4625744460611774,3.3622800654224068,0.18313901093723214,open_boundary,0.0
28.113201762919537,2.460003176115783,3.3845180811693476,0.18250106783263276,open_boundary,0.0
28.21320176291954,2.4573843152814154,3.4067870118482007,0.181867548545465,open_boundary,0.0
28.31320176291954,2.4547183159129253,3.4290862231218218,0.18123841779913374,open_boundary,0.0
28.41320176291954,2.45200563005306,3.451415082710818,0.1806136405981105,open_boundary,0.0
28.513201762919543,2.4492467093762453,3.4737729604365004,0.17999318222647454,open_boundary,0.0
28.613201762919545,2.446442005133408,3.4961592282628717,0.1793770082464349,open_boundary,0.0
28.713201762919546,2.4435919680978375,3.5185732603376625,0.17876508449683393,open_boundary,0.0
28.813201762919547,2.440697048512072,3.5410144330324207,0.17815737709163335,open_boundary,0.0
28.91320176291955,2.437757696035805,3.5634821249816664,0.17755385241838414,open_boundary,0.0
29.01320176291955,2.434774359694803,3.58597571712112,0.17695447713668078,open_boundary,0.0
29.11320176291955,2.4317474878308216,3.6084945927250134,0.17635921817660088,open_boundary,0.0
29.213201762919553,2.4286775280525212,3.63103813744249,0.17576804273713137,open_boundary,0.0
29.313201762919554,2.4255649271873616,3.6536057393331123,0.1751809182845817,open_boundary,0.0
29.413201762919556,2.422410131234476,3.6761967889014744,0.17459781255098514,open_boundary,0.0
29.513201762919557,2.419213585318509,3.6988106791309385,0.1740186935324888,open_boundary,0.0
29.61320176291956,2.415975733644415,3.721446805516501,0.1734435294877335,open_boundary,0.0
29.71320176291956,2.4126970194532054,3.7441045660967958,0.17287228893622378,open_boundary,0.0
29.81320176291956,2.4093778849786305,3.766783361485251,0.1723049406566892,open_boundary,0.0
29.913201762919563,2.406018771404798,3.789482594900399,0.1717414536854375,open_boundary,0.0
30.013201762919564,2.402620118824706,3.8122016721953624,0.17118179731470018,open_boundary,0.0
30.113201762919566,2.3991823661996925,3.8349400018865096,0.17062594109097143,open_boundary,0.0
30.213201762919567,2.3957059513197834,3.857696995181307,0.1700738548133409,open_boundary,0.0
30.31320176291957,2.3921913107649324,3.8804720660053613,0.1695255085318209,open_boundary,0.0
30.41320176291957,2.388638879867147,3.903264631028676,0.168980872545669,open_boundary,0.0
30.51320176291957,2.3850490926734826,3.9260741096911196,0.16843991740170594,open_boundary,0.0
30.613201762919573,2.3814223819099043,3.9488999242271237,0.16790261389263028,open_boundary,0.0
30.713201762919574,2.377759178945999,3.971741499689618,0.16736893305532963,open_boundary,0.0
30.813201762919576,2.3740599137605347,3.994598263973209,0.16683884616918943,open_boundary,0.0
30.913201762919577,2.37032501490785,4.017469647836618,0.16631232475439958,open_boundary,0.0
31.01320176291958,2.3665549094850715,4.040355084924385,0.16578934057025962,open_boundary,0.0
31.11320176291958,2.3627500231001446,4.0632540117878415,0.16526986561348272,open_boundary,0.0
31.21320176291958,2.3589107798406688,4.086165867905379,0.1647538721164992,open_boundary,0.0
31.313201762919583,2.355037602243528,4.109090095702005,0.16424133254575982,open_boundary,0.0
31.413201762919584,2.3511309112653085,4.132026140568203,0.16373221960003945,open_boundary,0.0
31.513201762919586,2.3471911262534886,4.154973450878113,0.1632265062087414,open_boundary,0.0
31.613201762919587,2.343218664918398,4.177931478007024,0.16272416553020302,open_boundary,0.0
31.71320176291959,2.339213943305931,4.2008996763482145,0.16222517095000275,open_boundary,0.0
31.81320176291959,2.3351773757710075,4.2238775033291205,0.1617294960792692,open_boundary,0.0
31.91320176291959,2.331109374951768,4.246864419426867,0.16123711475299246,open_boundary,0.0
32.01320176291959,2.3270103517445007,4.269859888183151,0.16074800102833808,open_boundary,0.0
32.113201762919594,2.3228807152792803,4.292863376218505,0.16026212918296417,open_boundary,0.0
32.213201762919596,2.318720872896319,4.3158743532459285,0.15977947371334175,open_boundary,0.0
32.3132017629196,2.3145312301230136,4.33889229208392,0.15930000933307883,open_boundary,0.0
32.4132017629196,2.3103121906516804,4.361916668668901,0.15882371097124842,open_boundary,0.0
32.5132017629196,2.3060641563179716,4.384946962067046,0.15835055377072088,open_boundary,0.0
32.6132017629196,2.3017875270799606,4.407982654485533,0.15788051308650075,open_boundary,0.0
32.7132017629196,2.297482700997885,4.431023231283216,0.15741356448406854,open_boundary,0.0
32.813201762919604,2.293150074214545,4.454068180980735,0.15694968373772752,open_boundary,0.0
32.913201762919606,2.288790040936338,4.477116995270063,0.15648884682895597,open_boundary,0.0
33.01320176291961,2.2844029934149304,4.500169169023516,0.15603102994476492,open_boundary,0.0
33.11320176291961,2.2799893219295484,4.523224200302208,0.15557620947606182,open_boundary,0.0
33.21320176291961,2.2755494147698845,4.54628159036399,0.15512436201602026,open_boundary,0.0
33.31320176291961,2.271083658219609,4.569340843670861,0.15467546435845592,open_boundary,0.0
33.41320176291961,2.2665924365404746,4.59240146789586,0.15422949349620907,open_boundary,0.0
33.513201762919614,2.2620761319570106,4.615462973929466,0.15378642661953376,open_boundary,0.0
33.613201762919616,2.2575351246417914,4.638524875885489,0.1533462411144938,open_boundary,0.0
33.71320176291962,2.2529697927012773,4.661586691106478,0.15290891456136588,open_boundary,0.0
33.81320176291962,2.248380512162211,4.68464794016865,0.1524744247330499,open_boundary,0.0
33.91320176291962,2.2437676569585685,4.707708146886346,0.15204274959348674,open_boundary,0.0
34.01320176291962,2.2391315989190503,4.730766838316023,0.1516138672960833,open_boundary,0.0
34.11320176291962,2.2344727077551068,4.753823544759789,0.15118775618214572,open_boundary,0.0
34.213201762919624,2.2297913510494887,4.776877799768495,0.15076439477932002,open_boundary,0.0
34.313201762919626,2.2250878942453145,4.799929140144379,0.15034376180004094,open_boundary,0.0
34.41320176291963,2.2203627006356452,4.822977105943292,0.14992583613998886,open_boundary,0.0
34.51320176291963,2.215616131353559,4.846021240476482,0.1495105968765548,open_boundary,0.0
34.61320176291963,2.210848545362718,4.869061090311975,0.14909802326731394,open_boundary,0.0
34.71320176291963,2.206060299448417,4.892096205275545,0.14868809474850758,open_boundary,0.0
34.81320176291963,2.2012517482091094,4.915126138451274,0.1482807909335335,open_boundary,0.0
34.913201762919634,2.196423244048397,4.938150446181733,0.14787609161144513,open_boundary,0.0
35.013201762919635,2.1915751371674808,4.961168688067758,0.1474739767454594,open_boundary,0.0
35.11320176291964,2.1867077755580646,4.984180426967866,0.1470744264714734,open_boundary,0.0
35.21320176291964,2.181821504995697,5.007185228997283,0.14667742109659004,open_boundary,0.0
35.31320176291964,2.176916669033553,5.030182663526617,0.1462829410976526,open_boundary,0.0
35.41320176291964,2.1719936089966407,5.053172303180166,0.14589096711978836,open_boundary,0.0
35.51320176291964,2.1670526639764316,5.076153723833885,0.1455014799749613,open_boundary,0.0
35.613201762919644,2.1620941708258985,5.099126504612994,0.14511446064053418,open_boundary,0.0
35.713201762919645,2.1571184641549626,5.122090227889266,0.14472989025783964,open_boundary,0.0
35.81320176291965,2.1521258763263353,5.145044479277968,0.14434775013076065,open_boundary,0.0
35.91320176291965,2.147116737451754,5.167988847634493,0.14396802172432038,open_boundary,0.0
36.01320176291965,2.142091375388596,5.190922925050661,0.1435906866632814,open_boundary,0.0
36.11320176291965,2.137050115736874,5.213846306850725,0.14321572673075414,open_boundary,0.0
36.21320176291965,2.1319932818365963,5.2367585915870505,0.1428431238668151,open_boundary,0.0
36.313201762919654,2.12692119476549,5.259659381035522,0.14247286016713437,open_boundary,0.0
36.413201762919655,2.1218341733370796,5.282548280190641,0.14210491788161264,open_boundary,0.0
36.51320176291966,2.1167325340991154,5.30542489726034,0.14173927941302786,open_boundary,0.0
36.61320176291966,2.111616591332339,5.328288843660527,0.1413759273156913,open_boundary,0.0
36.71320176291966,2.1064866570495866,5.351139734009344,0.14101484429411337,open_boundary,0.0
36.81320176291966,2.1013430409952214,5.373977186121166,0.14065601320167892,open_boundary,0.0
36.91320176291966,2.096186050644884,5.396800821000336,0.1402994170393321,open_boundary,0.0
37.013201762919664,2.0910159912055617,5.419610262834645,0.1399450389542709,open_boundary,0.0
37.113201762919665,2.085833165615962,5.44240513898856,0.13959286223865136,open_boundary,0.0
37.21320176291967,2.0806378745471936,5.465185079996209,0.1392428703283012,open_boundary,0.0
37.31320176291967,2.0754304164037407,5.487949719554127,0.13889504680144332,open_boundary,0.0
37.41320176291967,2.0702110873247275,5.51069869451377,0.13854937537742862,open_boundary,0.0
37.51320176291967,2.0649801811854673,5.533431644873796,0.13820583991547872,open_boundary,0.0
37.61320176291967,2.0597379895992898,5.556148213772134,0.13786442441343807,open_boundary,0.0
37.713201762919674,2.0544848019196396,5.578848047477819,0.13752511300653578,open_boundary,0.0
37.813201762919675,2.049220905242443,5.601530795382633,0.13718788996615675,open_boundary,0.0
37.91320176291968,2.0439465844087317,5.6241961099925275,0.13685273969862288,open_boundary,0.0
38.01320176291968,2.038662122007527,5.646843646918847,0.1365196467439833,open_boundary,0.0
38.11320176291968,2.033367798378967,5.669473064869355,0.13618859577481435,open_boundary,0.0
38.21320176291968,2.0280638916176814,5.692084025639073,0.13585957159502915,open_boundary,0.0
38.31320176291968,2.022750677576404,5.714676194100921,0.13553255913869647,open_boundary,0.0
38.413201762919684,2.0174284298698186,5.737249238196192,0.13520754346886912,open_boundary,0.0
38.513201762919685,2.01209741987863,5.7598028289248315,0.13488450977642183,open_boundary,0.0
38.61320176291969,2.006757916753859,5.782336640335558,0.13456344337889845,open_boundary,0.0
38.71320176291969,2.001410187421357,5.804850349515804,0.13424432971936856,open_boundary,0.0
38.81320176291969,1.9960544965865281,5.827343636581503,0.13392715436529343,open_boundary,0.0
38.91320176291969,1.9906911067392614,5.849816184666709,0.13361190300740125,open_boundary,0.0
39.01320176291969,1.9853202781590642,5.872267679913068,0.13329856145857172,open_boundary,0.0
39.113201762919694,1.9799422689203932,5.894697811459129,0.1329871156527297,open_boundary,0.0
39.213201762919695,1.9745573348981778,5.917106271429519,0.1326775516437483,open_boundary,0.0
39.3132017629197,1.9691657297735312,5.93949275492397,0.13236985560436093,open_boundary,0.0
39.4132017629197,1.9637677050396445,5.961856960006206,0.1320640138250826,open_boundary,0.0
39.5132017629197,1.9583635100078587,5.984198587692702,0.13176001271314017,open_boundary,0.0
39.6132017629197,1.9529533918139121,6.006517341941304,0.13145783879141196,open_boundary,0.0
39.7132017629197,1.947537595424356,6.0288129296397335,0.1311574786973759,open_boundary,0.0
39.813201762919704,1.9421163636431347,6.051085060593959,0.13085891918206705,open_boundary,0.0
39.913201762919705,1.9366899371183293,6.073333447516455,0.1305621471090437,open_boundary,0.0
40.01320176291971,1.931258554349054,6.0955578060143445,0.1302671494533627,open_boundary,0.0
40.11320176291971,1.9258224516925073,6.117757854577431,0.12997391330056327,open_boundary,0.0
40.21320176291971,1.9203818633711713,6.13993331456612,0.12968242584565978,open_boundary,0.0
40.31320176291971,1.9149370214801535,6.1620839101992395,0.12939267439214325,open_boundary,0.0
40.41320176291971,1.9094881559946697,6.184209368541759,0.12910464635099145,open_boundary,0.0
40.513201762919714,1.9040354947776632,6.206309419492411,0.12881832923968772,open_boundary,0.0
40.613201762919715,1.8985792635875556,6.228383795771218,0.12853371068124836,open_boundary,0.0
40.71320176291972,1.8931196860861266,6.250432232906932,0.12825077840325844,open_boundary,0.0
40.81320176291972,1.8876569838465178,6.272454469224383,0.12796952023691627,open_boundary,0.0
40.91320176291972,1.882191376361358,6.2944502458317455,0.1276899241160862,open_boundary,0.0
41.01320176291972,1.8767230810510056,6.316419306607725,0.12741197807635984,open_boundary,0.0
41.11320176291972,1.871252313271904,6.338361398188664,0.1271356702541255,open_boundary,0.0
41.213201762919724,1.865779286325049,6.360276269955579,0.1268609888856461,open_boundary,0.0
41.313201762919725,1.860304211464561,6.3821636740211165,0.1265879223061451,open_boundary,0.0
41.413201762919726,1.8548272979063611,6.404023365216453,0.12631645894890084,open_boundary,0.0
41.51320176291973,1.8493487528369483,6.425855101078118,0.1260465873443487,open_boundary,0.0
41.61320176291973,1.8438687814222718,6.447658641834757,0.1257782961191916,open_boundary,0.0
41.71320176291973,1.8383875868166974,6.46943375039384,0.1255115739955183,open_boundary,0.0
41.81320176291973,1.8329053701720641,6.491180192328307,0.12524640978992982,open_boundary,0.0
41.91320176291973,1.8274223306468276,6.51289773586316,0.12498279241267363,open_boundary,0.0
42.013201762919735,1.8219386654152885,6.534586151862006,0.12472071086678573,open_boundary,0.0
42.113201762919736,1.8164545696769006,6.556245213813541,0.12446015424724059,open_boundary,0.0
42.21320176291974,1.8109702366656577,6.577874697818005,0.12420111174010871,open_boundary,0.0
42.31320176291974,1.8054858576595556,6.599474382573573,0.12394357262172191,open_boundary,0.0
42.41320176291974,1.8000016219901258,6.621044049362718,0.12368752625784628,open_boundary,0.0
42.51320176291974,1.7945177170520392,6.64258348203853,0.12343296210286263,open_boundary,0.0
42.61320176291974,1.789034328312776,6.664092467010996,0.12317986969895446,open_boundary,0.0
42.713201762919745,1.7835516393223603,6.685570793233249,0.12292823867530352,open_boundary,0.0
42.813201762919746,1.778069831723154,6.7070182521877815,0.12267805874729253,open_boundary,0.0
42.91320176291975,1.7725890852597121,6.728434637872632,0.12242931971571543,open_boundary,0.0
43.01320176291975,1.7671095777886918,6.749819746787541,0.12218201146599489,open_boundary,0.0
43.11320176291975,1.761631485288816,6.771173377920081,0.121936123967407,open_boundary,0.0
43.21320176291975,1.7561549818708875,6.792495332731768,0.12169164727231312,open_boundary,0.0
43.31320176291975,1.7506802397878525,6.813785415144143,0.121448571515399,open_boundary,0.0
43.413201762919755,1.745207429444909,6.835043431524843,0.1212068869129208,open_boundary,0.0
43.513201762919756,1.73973671940966,6.856269190673646,0.12096658376195812,open_boundary,0.0
43.61320176291976,1.7342682764223085,6.877462503808507,0.12072765243967415,open_boundary,0.0
43.71320176291976,1.7288022654058908,6.898623184551579,0.12049008340258253,open_boundary,0.0
43.81320176291976,1.7233388494765471,6.919751048915218,0.1202538671858212,open_boundary,0.0
43.91320176291976,1.7178781899538276,6.940845915287985,0.12001899440243292,open_boundary,0.0
44.01320176291976,1.7124204463710304,6.961907604420634,0.11978545574265259,open_boundary,0.0
44.113201762919765,1.706965776485571,6.982935939412097,0.11955324197320123,open_boundary,0.0
44.213201762919766,1.7015143362893792,7.003930745695465,0.11932234393658658,open_boundary,0.0
44.31320176291977,1.696066280019324,7.024891851023962,0.11909275255041027,open_boundary,0.0
44.41320176291977,1.6906217601676616,7.045819085456924,0.1188644588066815,open_boundary,0.0
44.51320176291977,1.6851809274925074,7.066712281345773,0.1186374537711372,open_boundary,0.0
44.61320176291977,1.6797439310283273,7.087571273319997,0.11841172858256854,open_boundary,0.0
44.71320176291977,1.6743109180964495,7.10839589827313,0.11818727445215385,open_boundary,0.0
44.813201762919775,1.668882034315592,7.129185995348741,0.11796408266279777,open_boundary,0.0
44.913201762919776,1.663457423612406,7.149941405926426,0.11774214456847673,open_boundary,0.0
45.01320176291978,1.6580372282320333,7.170661973607814,0.11752145159359058,open_boundary,0.0
45.11320176291978,1.652621588748674,7.191347544202574,0.11730199523232025,open_boundary,0.0
45.21320176291978,1.6472106440761656,7.211997965714442,0.1170837670479917,open_boundary,0.0
45.31320176291978,1.6418045314785712,7.232613088327253,0.11686675867244573,open_boundary,0.0
45.41320176291978,1.6364033865807723,7.253192764390991,0.11665096180541382,open_boundary,0.0
45.513201762919785,1.631007343379069,7.273736848407855,0.11643636821389994,open_boundary,0.0
45.613201762919786,1.625616534251783,7.294245197018336,0.11622296973156816,open_boundary,0.0
45.71320176291979,1.620231089969863,7.31471766898732,0.11601075825813613,open_boundary,0.0
45.81320176291979,1.6148511397074914,7.335154125190199,0.1157997257587743,open_boundary,0.0
45.91320176291979,1.609476811052689,7.355554428599013,0.1155898642635109,open_boundary,0.0
46.01320176291979,1.6041082300179188,7.375918444268606,0.11538116586664249,open_boundary,0.0
46.11320176291979,1.5987455210506867,7.396246039322808,0.11517362272615032,open_boundary,0.0
46.213201762919795,1.593388807044135,7.4165370829406365,0.11496722706312204,open_boundary,0.0
46.313201762919796,1.5880382093476333,7.4367914463425295,0.11476197116117903,open_boundary,0.0
46.4132017629198,1.5826938477773582,7.457009002776597,0.11455784736590922,open_boundary,0.0
46.5132017629198,1.5773558406268673,7.477189627504904,0.1143548480843053,open_boundary,0.0
46.6132017629198,1.5720243046776616,7.4973331977897795,0.11415296578420824,open_boundary,0.0
46.7132017629198,1.5666993552097372,7.5174395928801525,0.11395219299375625,open_boundary,0.0
46.8132017629198,1.5613811060121245,7.537508693997924,0.11375252230083895,open_boundary,0.0
46.913201762919805,1.5560696693934142,7.557540384324359,0.11355394635255665,open_boundary,0.0
47.013201762919806,1.5507651561922684,7.577534548986525,0.11335645785468507,open_boundary,0.0
47.11320176291981,1.5454676757879162,7.597491075043744,0.11316004957114488,open_boundary,0.0
47.21320176291981,1.5401773361106321,7.6174098514740995,0.11296471432347657,open_boundary,0.0
47.31320176291981,1.5348942436521968,7.637290769160958,0.11277044499032025,open_boundary,0.0
47.41320176291981,1.5296185034763397,7.657133720879539,0.11257723450690038,open_boundary,0.0
47.51320176291981,1.5243502192291598,7.676938601283515,0.11238507586451556,open_boundary,0.0
47.613201762919815,1.5190894931495282,7.696705306891649,0.1121939621100331,open_boundary,0.0
47.713201762919816,1.5138364260794668,7.716433736074469,0.11200388634538858,open_boundary,0.0
47.81320176291982,1.5085911174745046,7.736123789040986,0.11181484172709003,open_boundary,0.0
47.91320176291982,1.5033536654140114,7.755775367825442,0.11162682146572699,open_boundary,0.0
48.01320176291982,1.4981241666115064,7.775388376274104,0.11143981882548429,open_boundary,0.0
48.11320176291982,1.4929027164249404,7.794962720032096,0.11125382712366046,open_boundary,0.0
48.21320176291982,1.4876894088669539,7.814498306530275,0.11106883973019076,open_boundary,0.0
48.313201762919824,1.482484336615106,7.833995044972145,0.11088485006717476,open_boundary,0.0
48.413201762919826,1.4772875910220769,7.853452846320812,0.11070185160840863,open_boundary,0.0
48.51320176291983,1.4720992621258417,7.872871623285992,0.11051983787892164,open_boundary,0.0
48.61320176291983,1.4669194386598146,7.892251290311045,0.11033880245451735,open_boundary,0.0
48.71320176291983,1.4617482080629618,7.911591763560075,0.11015873896131917,open_boundary,0.0
48.81320176291983,1.4565856564898862,7.930892960905053,0.10997964107532013,open_boundary,0.0
48.91320176291983,1.451431868820879,7.950154801913004,0.1098015025219372,open_boundary,0.0
49.013201762919834,1.446286928671938,7.969377207833222,0.10962431707556973,open_boundary,0.0
49.113201762919836,1.4411509184047566,7.988560101584551,0.10944807855916222,open_boundary,0.0
49.21320176291984,1.4360239191366757,8.007703407742692,0.10927278084377123,open_boundary,0.0
49.31320176291984,1.4309060107506038,8.026807052527577,0.10909841784813654,open_boundary,0.0
49.41320176291984,1.4257972719049012,8.045870963790772,0.10892498353825629,open_boundary,0.0
49.51320176291984,1.42069778004323,8.064895071002947,0.10875247192696642,open_boundary,0.0
49.61320176291984,1.415607611404368,8.083879305241378,0.10858087707352392,open_boundary,0.0
49.713201762919844,1.4105268410319851,8.102823599177507,0.10841019308319425,open_boundary,0.0
49.813201762919846,1.405455542784385,8.121727887064552,0.1082404141068426,open_boundary,0.0
49.91320176291985,1.4003937893442073,8.140592104725163,0.10807153434052921,open_boundary,0.0
50.01320176291985,1.3953416522280937,8.159416189539131,0.10790354802510851,open_boundary,0.0
50.11320176291985,1.3902992017963143,8.178200080431143,0.10773644944583209,open_boundary,0.0
50.21320176291985,1.3852665072623558,8.196943717858593,0.10757023293195549,open_boundary,0.0
50.31320176291985,1.3802436367024704,8.215647043799448,0.10740489285634879,open_boundary,0.0
50.413201762919854,1.3752306570651849,8.234310001740152,0.107240423635111,open_boundary,0.0
50.513201762919856,1.3702276341807695,8.252932536663595,0.10707681972718804,open_boundary,0.0
50.61320176291986,1.3652346327706668,8.271514595037127,0.1069140756339944,open_boundary,0.0
50.71320176291986,1.3602517164568786,8.290056124800632,0.10675218589903854,open_boundary,0.0
50.81320176291986,1.3552789477713127,8.308557075354646,0.10659114510755174,open_boundary,0.0
50.91320176291986,1.3503163881650875,8.327017397548527,0.1064309478861207,open_boundary,0.0
51.01320176291986,1.3453640980177939,8.345437043668696,0.10627158890232341,open_boundary,0.0
51.113201762919864,1.3404221366467166,8.363815967426907,0.10611306286436874,open_boundary,0.0
51.213201762919866,1.3354905623160107,8.382154123948588,0.10595536452073936,open_boundary,0.0
51.31320176291987,1.330569432245837,8.400451469761231,0.10579848865983818,open_boundary,0.0
51.41320176291987,1.325658802621453,8.418707962782833,0.10564243010963807,open_boundary,0.0
51.51320176291987,1.3207587286022608,8.436923562310394,0.105487183737335,open_boundary,0.0
51.61320176291987,1.3158692643308108,8.455098229008476,0.1053327444490045,open_boundary,0.0
51.71320176291987,1.3109904629417615,8.473231924897803,0.10517910718926138,open_boundary,0.0
51.813201762919874,1.3061223765707959,8.491324613343927,0.10502626694092278,open_boundary,0.0
51.913201762919876,1.3012650563634913,8.50937625904595,0.10487421872467433,open_boundary,0.0
52.01320176291988,1.2964185524841463,8.52738682802529,0.10472295759873962,open_boundary,0.0
52.11320176291988,1.291582914124561,8.545356287614508,0.10457247865855276,open_boundary,0.0
52.21320176291988,1.2867581895127735,8.563284606446205,0.10442277703643409,open_boundary,0.0
52.31320176291988,1.2819444259217507,8.581171754441947,0.104273847901269,open_boundary,0.0
52.41320176291988,1.277141669678032,8.599017702801266,0.10412568645818983,open_boundary,0.0
52.513201762919884,1.2723499661703295,8.616822423990715,0.10397828794826075,open_boundary,0.0
52.613201762919886,1.2675693598580806,8.63458589173297,0.10383164764816571,open_boundary,0.0
52.71320176291989,1.2627998942799548,8.652308080995992,0.10368576086989938,open_boundary,0.0
52.81320176291989,1.258041612062315,8.669988967982254,0.10354062296046097,open_boundary,0.0
52.91320176291989,1.2532945549276318,8.687628530118012,0.10339622930155103,open_boundary,0.0
53.01320176291989,1.2485587637028506,8.705226746042634,0.10325257530927105,open_boundary,0.0
53.11320176291989,1.2438342783277139,8.72278359559799,0.10310965643382612,open_boundary,0.0
53.213201762919894,1.2391211378630353,8.740299059817904,0.1029674681592302,open_boundary,0.0
53.313201762919896,1.2344193804989276,8.757773120917642,0.10282600600301435,open_boundary,0.0
53.4132017629199,1.2297290435629826,8.77520576228348,0.10268526551593757,open_boundary,0.0
53.5132017629199,1.225050163528406,8.792596968462313,0.10254524228170064,open_boundary,0.0
53.6132017629199,1.2203827760221029,8.809946725151324,0.10240593191666253,open_boundary,0.0
53.7132017629199,1.2157269158327189,8.827255019187717,0.10226733006955936,open_boundary,0.0
53.8132017629199,1.2110826169186304,8.844521838538496,0.10212943242122638,open_boundary,0.0
53.913201762919904,1.2064499124158916,8.861747172290302,0.1019922346843223,open_boundary,0.0
54.013201762919905,1.2018288346461308,8.878931010639317,0.10185573260305633,open_boundary,0.0
54.11320176291991,1.197219415124401,8.89607334488121,0.10171992195291787,open_boundary,0.0
54.21320176291991,1.192621684566984,8.913174167401149,0.10158479854040868,open_boundary,0.0
54.31320176291991,1.188035672899144,8.930233471663868,0.10145035820277759,open_boundary,0.0
54.41320176291991,1.1834614092628377,8.947251252203788,0.10131659680775784,open_boundary,0.0
54.51320176291991,1.1788989220243742,8.964227504615195,0.10118351025330671,open_boundary,0.0
54.613201762919914,1.174348238782028,8.981162225542475,0.10105109446734781,open_boundary,0.0
54.713201762919915,1.1698093863736059,8.998055412670404,0.10091934540751565,open_boundary,0.0
54.81320176291992,1.1652823908839638,9.014907064714498,0.10078825906090279,open_boundary,0.0
54.91320176291992,1.1607672776524796,9.031717181411416,0.10065783144380916,open_boundary,0.0
55.01320176291992,1.1562640712804755,9.048485763509419,0.10052805860149401,open_boundary,0.0
55.11320176291992,1.1517727956385948,9.065212812758883,0.10039893660792996,open_boundary,0.0
55.21320176291992,1.1472934738741314,9.081898331902877,0.10027046156555956,open_boundary,0.0
55.313201762919924,1.1428261284183105,9.098542324667786,0.10014262960505395,open_boundary,0.0
55.413201762919925,1.1383707809935237,9.115144795753992,0.10001543688507401,open_boundary,0.0
55.51320176291993,1.133927452620516,9.131705750826619,0.09988887959203364,open_boundary,0.0
55.61320176291993,1.1294961636255263,9.148225196506324,0.09976295393986524,open_boundary,0.0
55.71320176291993,1.1250769336473796,9.16470314036015,0.09963765616978743,open_boundary,0.0
55.81320176291993,1.120669781644534,9.181139590892425,0.09951298255007503,open_boundary,0.0
55.91320176291993,1.116274725902079,9.197534557535732,0.0993889293758311,open_boundary,0.0
56.013201762919934,1.1118917840386886,9.213888050641922,0.0992654929687612,open_boundary,0.0
56.113201762919935,1.1075209730135251,9.230200081473178,0.09914266967694955,open_boundary,0.0
56.21320176291994,1.1031623091330995,9.246470662193154,0.09902045587463772,open_boundary,0.0
56.31320176291994,1.0988158080580828,9.262699805858148,0.09889884796200495,open_boundary,0.0
56.41320176291994,1.0944814848100708,9.278887526408337,0.09877784236495078,open_boundary,0.0
56.51320176291994,1.0901593537783045,9.295033838659073,0.09865743553487968,open_boundary,0.0
56.61320176291994,1.0858494287263418,9.311138758292225,0.09853762394848764,open_boundary,0.0
56.713201762919944,1.0815517227986844,9.327202301847578,0.09841840410755073,open_boundary,0.0
56.813201762919945,1.077266248527358,9.343224486714288,0.09829977253871582,open_boundary,0.0
56.91320176291995,1.0729930178384472,9.359205331122388,0.09818172579329291,open_boundary,0.0
57.01320176291995,1.0687320420585824,9.375144854134351,0.09806426044704988,open_boundary,0.0
57.11320176291995,1.064483331921384,9.391043075636707,0.09794737310000869,open_boundary,0.0
57.21320176291995,1.0602468975738586,9.406900016331711,0.09783106037624367,open_boundary,0.0
57.31320176291995,1.0560227485827505,9.422715697729062,0.09771531892368183,open_boundary,0.0
57.413201762919954,1.0518108939408477,9.438490142137685,0.09760014541390478,open_boundary,0.0
57.513201762919955,1.0476113420732425,9.454223372657554,0.09748553654195267,open_boundary,0.0
57.61320176291996,1.043424100843547,9.46991541317158,0.09737148902612978,open_boundary,0.0
57.71320176291996,1.0392491775600636,9.485566288337548,0.09725799960781217,open_boundary,0.0
57.81320176291996,1.0350865789819113,9.501176023580092,0.09714506505125685,open_boundary,0.0
57.91320176291996,1.0309363113251053,9.516744645082749,0.09703268214341287,open_boundary,0.0
58.01320176291996,1.0267983802685945,9.532272179780048,0.09692084769373419,open_boundary,0.0
58.113201762919964,1.0226727909602529,9.547758655349648,0.0968095585339941,open_boundary,0.0
58.213201762919965,1.018559548022827,9.563204100204546,0.09669881151810164,open_boundary,0.0
58.31320176291997,1.0144586555598398,9.578608543485318,0.09658860352191939,open_boundary,0.0
58.41320176291997,1.0103701171614496,9.593972015052422,0.09647893144308324,open_boundary,0.0
58.51320176291997,1.006293935910266,9.609294545478551,0.09636979220082363,open_boundary,0.0
58.61320176291997,1.0022301143871222,9.624576166041033,0.09626118273578853,open_boundary,0.0
58.71320176291997,0.9981786546768027,9.63981690871429,0.09615310000986803,open_boundary,0.0
58.813201762919974,0.9941395583737291,9.655016806162338,0.09604554100602056,open_boundary,0.0
58.913201762919975,0.990112826587602,9.670175891731352,0.09593850272810063,open_boundary,0.0
59.01320176291998,0.9860984599489996,9.68529419944226,0.09583198220068836,open_boundary,0.0
59.11320176291998,0.9820964586149342,9.700371763983414,0.09572597646892031,open_boundary,0.0
59.21320176291998,0.9781068222743655,9.715408620703283,0.09562048259832204,open_boundary,0.0
59.31320176291998,0.9741295501536719,9.730404805603223,0.09551549767464218,open_boundary,0.0
59.41320176291998,0.9701646410220788,9.745360355330279,0.09541101880368798,open_boundary,0.0
59.513201762919984,0.9662120931970454,9.760275307170037,0.09530704311116239,open_boundary,0.0
59.613201762919985,0.9622719045496094,9.775149699039538,0.09520356774250273,open_boundary,0.0
59.71320176291999,0.9583440725096898,9.789983569480231,0.09510058986272062,open_boundary,0.0
59.81320176291999,0.954428594071348,9.804776957650976,0.09499810665624349,open_boundary,0.0
59.91320176291999,0.9505254657980078,9.819529903321095,0.09489611532675772,open_boundary,0.0
60.0,0.9471476284129232,9.832302445115456,0.09480798525014954,open_boundary,0.0
0.0,0.8,0.05,1.0,weak_specificity,0.35
0.013650381571833273,0.8015825148820548,0.05013224388243572,0.9959546329045953,weak_specificity,0.35
0.11365038157183328,0.8131196820252814,0.051101421557159535,0.9675481188813799,weak_specificity,0.35
0.2136503815718333,0.8245606432265901,0.05207139353254533,0.9411898259943664,weak_specificity,0.35
0.31365038157183334,0.8359091133245236,0.05304235240506715,0.9167274488307414,weak_specificity,0.35
0.4136503815718333,0.8471692099781215,0.05401452376400974,0.8940191692718087,weak_specificity,0.35
0.5136503815718333,0.8583453791409316,0.05498816164525483,0.8729330137710524,weak_specificity,0.35
0.6136503815718333,0.8694423247421733,0.05596354413703037,0.8533462435169918,weak_specificity,0.35
0.7136503815718332,0.8804649432083097,0.05694096919194792,0.835144776170848,weak_specificity,0.35
0.8136503815718332,0.8914182632594766,0.05792075068710032,0.8182226379403539,weak_specificity,0.35
0.9136503815718332,0.9023073912367554,0.058903214762322124,0.8024814448075202,weak_specificity,0.35
1.0136503815718332,0.913137462060676,0.05988869645617722,0.7878299117725921,weak_specificity,0.35
1.1136503815718333,0.9239135957896694,0.06087753664998399,0.7741833890113977,weak_specificity,0.35
1.2136503815718334,0.934640859639293,0.061870079322282924,0.7614634238711174,weak_specificity,0.35
1.3136503815718334,0.9453242352378536,0.06286666910959313,0.7495973476522266,weak_specificity,0.35
1.4136503815718335,0.9559685908297954,0.06386764916403731,0.7385178861437226,weak_specificity,0.35
1.5136503815718336,0.9665786580927471,0.06487335929434494,0.7281627928961628,weak_specificity,0.35
1.6136503815718337,0.9771590132050039,0.06588413437375314,0.7184745042336712,weak_specificity,0.35
1.7136503815718338,0.9877140617849994,0.06690030299628219,0.7093998150227929,weak_specificity,0.35
1.813650381571834,0.9982480273205776,0.06792218636163042,0.7008895742335398,weak_specificity,0.35
1.913650381571834,1.008764942711319,0.06895009736837797,0.6928983993466239,weak_specificity,0.35
2.013650381571834,1.0192686445597616,0.06998433989518435,0.6853844086809839,weak_specificity,0.35
2.113650381571834,1.0297627698652214,0.07102520825009331,0.6783089707374105,weak_specificity,0.35
2.213650381571834,1.0402507547955022,0.07207298676881849,0.6716364696773763,weak_specificity,0.35
2.313650381571834,1.0507358352357345,0.0731279495438837,0.6653340860810159,weak_specificity,0.35
2.413650381571834,1.0612210488388083,0.07419036026765634,0.6593715921544309,weak_specificity,0.35
2.5136503815718343,1.0717092383274796,0.07526047217357745,0.6537211605839517,weak_specificity,0.35
2.6136503815718344,1.0822030558235483,0.07633852806120618,0.6483571862634454,weak_specificity,0.35
2.7136503815718345,1.0927049680040024,0.07742476039201811,0.643256120150009,weak_specificity,0.35
2.8136503815718346,1.1032172619073282,0.07851939144419513,0.6383963145332008,weak_specificity,0.35
2.9136503815718346,1.1137420512350409,0.07962263351589526,0.6337578790331084,weak_specificity,0.35
3.0136503815718347,1.1242812830137419,0.0807346891676771,0.6293225466728346,weak_specificity,0.35
3.113650381571835,1.134836744501564,0.08185575149586548,0.6250735494011919,weak_specificity,0.35
3.213650381571835,1.1454100702397287,0.08298600442967327,0.6209955024713633,weak_specificity,0.35
3.313650381571835,1.1560027491651172,0.08412562304583944,0.6170742971108497,weak_specificity,0.35
3.413650381571835,1.1666161317133157,0.08527477389540138,0.6132970009470419,weak_specificity,0.35
3.513650381571835,1.177251436853636,0.08643361533799541,0.609651765681114,weak_specificity,0.35
3.6136503815718353,1.1879097590082086,0.08760229787977397,0.6061277415305314,weak_specificity,0.35
3.7136503815718354,1.1985920748165289,0.08878096451164685,0.6027149979872184,weak_specificity,0.35
3.8136503815718354,1.2092992497149084,0.08996975104510216,0.5994044504642823,weak_specificity,0.35
3.9136503815718355,1.220032044307265,0.09116878644334467,0.5961877924290794,weak_specificity,0.35
4.013650381571836,1.2307911205096702,0.09237819314591195,0.5930574326443143,weak_specificity,0.35
4.113650381571835,1.2415770474561916,0.09359808738529597,0.5900064371617547,weak_specificity,0.35
4.213650381571835,1.2523903071578932,0.09482857949441677,0.5870284757350109,weak_specificity,0.35
4.313650381571835,1.263231299910498,0.09606977420406876,0.5841177723386766,weak_specificity,0.35
4.413650381571834,1.2741003494492504,0.09732177092969556,0.5812690595009489,weak_specificity,0.35
4.513650381571834,1.2849977078520267,0.09858466404704906,0.5784775361756702,weak_specificity,0.35
4.6136503815718335,1.2959235601937795,0.09985854315645787,0.5757388288975664,weak_specificity,0.35
4.713650381571833,1.30687802895706,0.10114349333557242,0.5730489559813309,weak_specificity,0.35
4.813650381571833,1.3178611782046632,0.1024395953805726,0.5704042945411388,weak_specificity,0.35
4.913650381571832,1.328873017521458,0.10374692603592177,0.5678015501222125,weak_specificity,0.35
5.013650381571832,1.3399135057332323,0.1050655582128309,0.565237728750216,weak_specificity,0.35
5.113650381571832,1.350982554410935,0.1063955611966614,0.5627101112175842,weak_specificity,0.35
5.213650381571831,1.3620800311690762,0.10773700084354633,0.5602162294384072,weak_specificity,0.35
5.313650381571831,1.373205762767275,0.1090899397665497,0.5577538447152484,weak_specificity,0.35
5.413650381571831,1.384359538024053,0.11045443751171376,0.5553209277722921,weak_specificity,0.35
5.51365038157183,1.3955411105519713,0.1118305507243661,0.5529156404195456,weak_specificity,0.35
5.61365038157183,1.4067502013231334,0.11321833330607348,0.5505363187224812,weak_specificity,0.35
5.71365038157183,1.417986501073932,0.11461783656263835,0.5481814575605495,weak_specificity,0.35
5.813650381571829,1.429249672557715,0.11602910934353829,0.5458496964664342,weak_specificity,0.35
5.913650381571829,1.4405393526538108,0.11745219817320884,0.5435398066458137,weak_specificity,0.35
6.0136503815718285,1.4518551543410791,0.1188871473745673,0.5412506790847472,weak_specificity,0.35
6.113650381571828,1.4631966685438598,0.12033399918516868,0.538981313658673,weak_specificity,0.35
6.213650381571828,1.474563465857879,0.12179279386637762,0.5367308091633936,weak_specificity,0.35
6.3136503815718275,1.4859550981633562,0.1232635698059301,0.5344983541943842,weak_specificity,0.35
6.413650381571827,1.4973711001322205,0.12474636361424768,0.5322832188062975,weak_specificity,0.35
6.513650381571827,1.508810990636023,0.1262412102148549,0.5300847468896961,weak_specificity,0.35
6.613650381571826,1.5202742740608026,0.12774814292923803,0.527902349206833,weak_specificity,0.35
6.713650381571826,1.5317604415348376,0.12926719355646957,0.5257354970327551,weak_specificity,0.35
6.813650381571826,1.5432689720749013,0.13079839244790975,0.5235837163521351,weak_specificity,0.35
6.913650381571825,1.5547993336563308,0.1323417685772821,0.5214465825660767,weak_specificity,0.35
7.013650381571825,1.5663509842119185,0.133897349606407,0.5193237156666947,weak_specificity,0.35
7.113650381571825,1.5779233725643456,0.13546516194686278,0.5172147758405721,weak_specificity,0.35
7.213650381571824,1.589515939296599,0.13704523081783107,0.5151194594652526,weak_specificity,0.35
7.313650381571824,1.6011281175645475,0.13863758030036957,0.5130374954657598,weak_specificity,0.35
7.4136503815718235,1.6127593338555943,0.14024223338834274,0.510968642000756,weak_specificity,0.35
7.513650381571823,1.6244090086970804,0.14185921203622814,0.5089126834503775,weak_specificity,0.35
7.613650381571823,1.6360765573178824,0.14348853720400442,0.5068694276800311,weak_specificity,0.35
7.7136503815718225,1.647761390266427,0.14513022889931487,0.5048387035565043,weak_specificity,0.35
7.813650381571822,1.6594629139881316,0.14678430621708954,0.5028203586946663,weak_specificity,0.35
7.913650381571822,1.6711805313650896,0.14845078737679795,0.5008142574147996,weak_specificity,0.35
8.013650381571821,1.6829136422206226,0.15012968975749416,0.49882027889223984,weak_specificity,0.35
8.113650381571821,1.694661643791155,0.15182102993080587,0.4968383154825117,weak_specificity,0.35
8.21365038157182,1.7064239311676908,0.15352482369201043,0.4948682712065332,weak_specificity,0.35
8.31365038157182,1.718199897709021,0.1552410860893307,0.49291006038174895,weak_specificity,0.35
8.41365038157182,1.729988935428642,0.15696983145157628,0.49096360638623154,weak_specificity,0.35
8.51365038157182,1.7417904353572249,0.15871107341424628,0.48902884054387874,weak_specificity,0.35
8.61365038157182,1.7536037878823483,0.16046482494420364,0.4871057011198363,weak_specificity,0.35
8.713650381571819,1.7654283830670834,0.16223109836302227,0.4851941324161986,weak_specificity,0.35
8.813650381571819,1.7772636109489075,0.16400990536910248,0.48329408395888585,weak_specificity,0.35
8.913650381571818,1.7891088618203166,0.16580125705864313,0.4814055097673786,weak_specificity,0.35
9.013650381571818,1.8009635264924053,0.16760516394555294,0.4795283676997032,weak_specificity,0.35
9.113650381571818,1.8128269965425923,0.1694216359803781,0.47766261886572337,weak_specificity,0.35
9.213650381571817,1.824698664547581,0.17125068256831685,0.47580822710239484,weak_specificity,0.35
9.313650381571817,1.8365779243025657,0.17309231258638802,0.47396515850519466,weak_specificity,0.35
9.413650381571816,1.8484641710276197,0.17494653439981434,0.4721333810104459,weak_specificity,0.35
9.513650381571816,1.8603568015621244,0.17681335587767794,0.47031286402372396,weak_specificity,0.35
9.613650381571816,1.8722552145480469,0.17869278440790068,0.46850357808995763,weak_specificity,0.35
9.713650381571815,1.8841588106027989,0.1805848269115982,0.46670549460122945,weak_specificity,0.35
9.813650381571815,1.8960669924823645,0.18248948985685273,0.4649185855386385,weak_specificity,0.35
9.913650381571815,1.9079791652353257,0.1844067792719467,0.4631428232449148,weak_specificity,0.35
10.013650381571814,1.9198947363483703,0.1863367007580955,0.46137818022477567,weak_specificity,0.35
10.113650381571814,1.9318131158838205,0.18827925950171476,0.4596246289702883,weak_specificity,0.35
10.213650381571814,1.94373371660968,0.1902344602862555,0.45788214180875103,weak_specificity,0.35
10.313650381571813,1.955655954122658,0.1922023075036368,0.4561506907708373,weak_specificity,0.35
10.413650381571813,1.967579246964595,0.19418280516530365,0.4544302474769522,weak_specificity,0.35
10.513650381571813,1.9795030167326828,0.19617595691293638,0.45272078303994356,weak_specificity,0.35
10.613650381571812,1.9914266881838372,0.19818176602883397,0.4510222679824821,weak_specificity,0.35
10.713650381571812,2.003349689333561,0.20020023544599372,0.4493346721675839,weak_specificity,0.35
10.813650381571811,2.0152714515496033,0.2022313677579063,0.44765796474089226,weak_specificity,0.35
10.913650381571811,2.027191409640701,0.2042751652280849,0.445992114083467,weak_specificity,0.35
11.01365038157181,2.0391090019406652,0.2063316297993446,0.4443370877739491,weak_specificity,0.35
11.11365038157181,2.051023670388057,0.20840076310284728,0.4426928525590767,weak_specificity,0.35
11.21365038157181,2.062934860601675,0.21048256646692579,0.44105937433162784,weak_specificity,0.35
11.31365038157181,2.0748420219520702,0.21257704092570048,0.4394366181149543,weak_specificity,0.35
11.41365038157181,2.086744607629269,0.21468418722749893,0.43782454805335297,weak_specificity,0.35
11.513650381571809,2.0986420747068975,0.2168040058430901,0.43622312740759445,weak_specificity,0.35
11.613650381571809,2.1105338842028623,0.218936496973742,0.43463231855499723,weak_specificity,0.35
11.713650381571808,2.1224195011367475,0.2210816605591121,0.43305208299349446,weak_specificity,0.35
11.813650381571808,2.134298394584069,0.2232394962849779,0.4314823813491976,weak_specificity,0.35
11.913650381571808,2.14617003772752,0.22541000359081548,0.4299231733870096,weak_specificity,0.35
12.013650381571807,2.1580339079053346,0.22759318167723214,0.42837441802388704,weak_specificity,0.35
12.113650381571807,2.1698894866568796,0.22978902951325955,0.4268360733443902,weak_specificity,0.35
12.213650381571806,2.181736259765589,0.2319975458435125,0.42530809661819813,weak_specificity,0.35
12.313650381571806,2.1935737172993393,0.23421872919521844,0.42379044431929885,weak_specificity,0.35
12.413650381571806,2.2054013536483614,0.2364525778851221,0.4222830721465955,weak_specificity,0.35
12.513650381571805,2.21721866756078,0.2386990900262697,0.4207859350456959,weak_specificity,0.35
12.613650381571805,2.2290251621758603,0.2409582635346759,0.4192989872316784,weak_specificity,0.35
12.713650381571805,2.240820345055049,0.24323009613587718,0.41782218221264933,weak_specificity,0.35
12.813650381571804,2.2526037282108726,0.2455145853713749,0.4163554728139262,weak_specificity,0.35
12.913650381571804,2.2643748281337777,0.24781172860497042,0.41489881120270095,weak_specificity,0.35
13.013650381571804,2.276133165816968,0.25012152302899504,0.41345214891305193,weak_specificity,0.35
13.113650381571803,2.287878266779309,0.2524439656704373,0.4120154368711893,weak_specificity,0.35
13.213650381571803,2.2996096610863592,0.2547790533969693,0.41058862542083124,weak_specificity,0.35
13.313650381571803,2.3113268833695857,0.2571267829228744,0.40917166434862057,weak_specificity,0.35
13.413650381571802,2.3230294728438166,0.2594871508148778,0.40776450290950156,weak_specificity,0.35
13.513650381571802,2.3347169733229878,0.2618601534978819,0.40636708985198716,weak_specificity,0.35
13.613650381571802,2.346388933234232,0.26424578726060777,0.40497937344325496,weak_specificity,0.35
13.713650381571801,2.3580449056303565,0.2666440482611441,0.4036013014940177,weak_specificity,0.35
13.8136503815718,2.369684448200764,0.269054932532405,0.4022328213831221,weak_specificity,0.35
13.9136503815718,2.381307123280852,0.271478435987498,0.4008738800818354,weak_specificity,0.35
14.0136503815718,2.3929124978599403,0.2739145544250031,0.3995244241777838,weak_specificity,0.35
14.1136503815718,2.404500143587769,0.27636328353416434,0.3981843998985139,weak_specificity,0.35
14.2136503815718,2.416069636779603,0.278824618899994,0.3968537531346515,weak_specificity,0.35
14.313650381571799,2.427620558419989,0.2812985560082918,0.3955324294626353,weak_specificity,0.35
14.413650381571799,2.4391524941651967,0.2837850902505788,0.394220374167009,weak_specificity,0.35
14.513650381571798,2.4506650343443868,0.28628421692894723,0.3929175322622563,weak_specificity,0.35
14.613650381571798,2.462157773959539,0.2887959312608273,0.391623848514167,weak_specificity,0.35
14.713650381571798,2.473630312684178,0.2913202283836716,0.39033926746072534,weak_specificity,0.35
14.813650381571797,2.4850822548609264,0.2938571033595579,0.38906373343251327,weak_specificity,0.35
14.913650381571797,2.4965132094979254,0.2964065511797109,0.38779719057262363,weak_specificity,0.35
15.013650381571797,2.5079227902641517,0.29896856676894434,0.38653958285608,weak_specificity,0.35
15.113650381571796,2.519310615483663,0.30154314499002344,0.3852908541087618,weak_specificity,0.35
15.213650381571796,2.530676308128803,0.3041302806479486,0.3840509480258344,weak_specificity,0.35
15.313650381571795,2.5420194958123994,0.3067299684941614,0.38281980818968464,weak_specificity,0.35
15.413650381571795,2.5533398107789806,0.30934220323067335,0.38159737808736477,weak_specificity,0.35
15.513650381571795,2.5646368898950445,0.31196697951411795,0.3803836011275471,weak_specificity,0.35
15.613650381571794,2.5759103746384047,0.31460429195972706,0.37917842065699375,weak_specificity,0.35
15.713650381571794,2.587159911086645,0.31725413514523226,0.37798177997654586,weak_specificity,0.35
15.813650381571794,2.5983851499047077,0.3199165036146913,0.3767936223566372,weak_specificity,0.35
15.913650381571793,2.609585746331643,0.3225913918822415,0.3756138910523391,weak_specificity,0.35
16.013650381571793,2.620761360166548,0.32527879443577934,0.37444252931794153,weak_specificity,0.35
16.113650381571794,2.6319116557537177,0.32797870574056837,0.37327948042107817,weak_specificity,0.35
16.213650381571796,2.6430363019670366,0.3306911202427749,0.37212468765640205,weak_specificity,0.35
16.313650381571797,2.6541349721936354,0.3334160323729332,0.37097809435881907,weak_specificity,0.35
16.4136503815718,2.665207344316833,0.3361534365493401,0.36983964391628704,weak_specificity,0.35
16.5136503815718,2.676253100698396,0.33890332718138017,0.3687092797821885,weak_specificity,0.35
16.6136503815718,2.68727192816013,0.34166569867278207,0.36758694548728427,weak_specificity,0.35
16.713650381571803,2.6982635179648335,0.3444405454248068,0.36647258465125687,weak_specificity,0.35
16.813650381571804,2.7092275657966303,0.34722786183936827,0.36536614099385134,weak_specificity,0.35
16.913650381571806,2.7201637717407086,0.35002764232208744,0.3642675583456221,weak_specificity,0.35
17.013650381571807,2.731071840262484,0.35283988128528043,0.36317678065829345,weak_specificity,0.35
17.11365038157181,2.7419514801862097,0.3556645731508812,0.3620937520147434,weak_specificity,0.35
17.21365038157181,2.7528024046730546,0.3585017123532996,0.36101841663861756,weak_specificity,0.35
17.31365038157181,2.763624331198669,0.36135129334221594,0.3599507189035823,weak_specificity,0.35
17.413650381571813,2.7744169815302584,0.3642133105853122,0.35889060334222583,weak_specificity,0.35
17.513650381571814,2.7851800817031847,0.3670877585709407,0.3578380146546139,weak_specificity,0.35
17.613650381571816,2.795913361997115,0.36997463181073154,0.35679289771651024,weak_specificity,0.35
17.713650381571817,2.8066165569117354,0.3728739248421386,0.3557551975872684,weak_specificity,0.35
17.81365038157182,2.8172894051420467,0.3757856322309257,0.3547248595174038,weak_specificity,0.35
17.91365038157182,2.8279316495532663,0.37870974857359313,0.3537018289558534,weak_specificity,0.35
18.01365038157182,2.838543037155345,0.3816462684997454,0.35268605155693133,weak_specificity,0.35
18.113650381571823,2.8491233190771235,0.38459518667440107,0.35167747318698805,weak_specificity,0.35
18.213650381571824,2.8596722505401404,0.38755649780024504,0.35067603993078056,weak_specificity,0.35
18.313650381571826,2.870189590832113,0.3905301966198245,0.34968169809756144,weak_specificity,0.35
18.413650381571827,2.8806751032801006,0.393516277917689,0.348694394226894,weak_specificity,0.35
18.51365038157183,2.891128555223372,0.39651473652247515,0.347714075094201,weak_specificity,0.35
18.61365038157183,2.9015497179859895,0.3995255673089372,0.34674068771605365,weak_specificity,0.35
18.71365038157183,2.9119383668491263,0.4025487651999235,0.34577417935520927,weak_specificity,0.35
18.813650381571833,2.922294281023128,0.4055843251683007,0.34481449752540255,weak_specificity,0.35
18.913650381571834,2.9326172436193385,0.4086322422388247,0.3438615899958993,weak_specificity,0.35
19.013650381571836,2.9429070416217,0.411692511489961,0.3429154047958177,weak_specificity,0.35
19.113650381571837,2.953163465858141,0.4147651280556533,0.3419758902182252,weak_specificity,0.35
19.21365038157184,2.963386310971769,0.41785008712704264,0.3410429948240159,weak_specificity,0.35
19.31365038157184,2.9735753753918766,0.4209473839541367,0.3401166674455761,weak_specificity,0.35
19.41365038157184,2.983730461304776,0.42405701384743055,0.3391968571902434,weak_specificity,0.35
19.513650381571843,2.993851374624475,0.42717897217947903,0.3382835134435658,weak_specificity,0.35
19.613650381571844,3.0039379249632034,0.430313254386422,0.3373765858723665,weak_specificity,0.35
19.713650381571846,3.0139899256018086,0.4334598559694628,0.3364760244276208,weak_specificity,0.35
19.813650381571847,3.0240071934600206,0.4366187724963007,0.33558177934714944,weak_specificity,0.35
19.91365038157185,3.0339895490666082,0.4397899996025179,0.33469380115813574,weak_specificity,0.35
20.01365038157185,3.043936816529434,0.4429735329929219,0.33381204067947057,weak_specificity,0.35
20.11365038157185,3.053848823505413,0.44616936844284394,0.33293644902393127,weak_specificity,0.35
20.213650381571853,3.0637254011703976,0.4493775017993939,0.33206697760019915,weak_specificity,0.35
20.313650381571854,3.0735663841889833,0.4525979289826725,0.3312035781147213,weak_specificity,0.35
20.413650381571856,3.083371610684261,0.45583064598694156,0.33034620257342084,weak_specificity,0.35
20.513650381571857,3.0931409222075112,0.4590756488817529,0.32949480328326153,weak_specificity,0.35
20.61365038157186,3.102874163707861,0.4623329338130359,0.32864933285367015,weak_specificity,0.35
20.71365038157186,3.1125711835019034,0.4656024970041458,0.32780974419782266,weak_specificity,0.35
20.81365038157186,3.1222318332432963,0.46888433475687147,0.32697599053379756,weak_specificity,0.35
20.913650381571863,3.1318559678923408,0.47217844345240506,0.3261480253856011,weak_specificity,0.35
21.013650381571864,3.141443445685555,0.4754848195522729,0.3253258025840694,weak_specificity,0.35
21.113650381571865,3.1509941281052476,0.4788034595992288,0.3245092762676502,weak_specificity,0.35
21.213650381571867,3.160507879849099,0.4821343602181104,0.3236984008830697,weak_specificity,0.35
21.31365038157187,3.169984568799756,0.48547751811665857,0.3228931311858879,weak_specificity,0.35
21.41365038157187,3.1794240659944544,0.48883293008630146,0.3220934222409458,weak_specificity,0.35
21.51365038157187,3.188826245594666,0.49220059300290286,0.321299229422709,weak_specificity,0.35
21.613650381571873,3.1981909848557866,0.4955805038274758,0.32051050841551154,weak_specificity,0.35
21.713650381571874,3.207518164096866,0.498972659606862,0.3197272152137021,weak_specificity,0.35
21.813650381571875,3.2168076666703893,0.5023770574743777,0.31894930612169803,weak_specificity,0.35
21.913650381571877,3.226059378932111,0.5057936946504263,0.3181767377539487,weak_specificity,0.35
22.01365038157188,3.2352731902109575,0.5092225684430791,0.31740946703481326,weak_specificity,0.35
22.11365038157188,3.244448992778994,0.5126636762486225,0.31664745119835414,weak_specificity,0.35
22.21365038157188,3.2535866818214645,0.5161170155520757,0.31589064778805115,weak_specificity,0.35
22.313650381571883,3.2626861554069166,0.5195825839276759,0.31513901465643823,weak_specificity,0.35
22.413650381571884,3.271747314457405,0.5230603790393341,0.31439250996466567,weak_specificity,0.35
22.513650381571885,3.2807700627187892,0.5265503986410605,0.3136510921819913,weak_specificity,0.35
22.613650381571887,3.2897543067311252,0.5300526405773605,0.3129147200852031,weak_specificity,0.35
22.713650381571888,3.2986999557991563,0.5335671027836022,0.31218335275797604,weak_specificity,0.35
22.81365038157189,3.30760692196291,0.5370937832863552,0.31145694959016534,weak_specificity,0.35
22.91365038157189,3.316475119968401,0.5406326802037016,0.3107354702770396,weak_specificity,0.35
23.013650381571892,3.3253044672384515,0.5441837917455197,0.3100188748184553,weak_specificity,0.35
23.113650381571894,3.3340948838436244,0.5477471162137404,0.3093071235179757,weak_specificity,0.35
23.213650381571895,3.3428462924732814,0.551322652002578,0.3086001769819365,weak_specificity,0.35
23.313650381571897,3.351558618406765,0.5549103975987338,0.30789799611846,weak_specificity,0.35
23.413650381571898,3.360231789484709,0.5585103515815754,0.30720054213642073,weak_specificity,0.35
23.5136503815719,3.3688657360804815,0.5621225126232897,0.3065077765443638,weak_specificity,0.35
23.6136503815719,3.3774603910717644,0.5657468794890127,0.3058196611493788,weak_specificity,0.35
23.713650381571902,3.3860156898122726,0.5693834510369336,0.3051361580559311,weak_specificity,0.35
23.813650381571904,3.394531570103613,0.573032226218376,0.30445722966465216,weak_specificity,0.35
23.913650381571905,3.4030079721672917,0.5766932040778563,0.30378283867109107,weak_specificity,0.35
24.013650381571907,3.411444838616867,0.5803663837531176,0.30311294806442896,weak_specificity,0.35
24.113650381571908,3.419842114430255,0.5840517644751425,0.30244752112615847,weak_specificity,0.35
24.21365038157191,3.4281997469221883,0.5877493455681435,0.3017865214287294,weak_specificity,0.35
24.31365038157191,3.4365176857168294,0.5914591264495311,0.30112991283416257,weak_specificity,0.35
24.413650381571912,3.4447958827205443,0.5951811066298617,0.3004776594926336,weak_specificity,0.35
24.513650381571914,3.4530342920948365,0.5989152857127632,0.299829725841028,weak_specificity,0.35
24.613650381571915,3.4612328702294435,0.6026616633948418,0.299186076601469,weak_specificity,0.35
24.713650381571917,3.4693915757155978,0.6064202394655671,0.2985466767798199,weak_specificity,0.35
24.813650381571918,3.477510369319455,0.6101910138071384,0.297911491664162,weak_specificity,0.35
24.91365038157192,3.485589213955693,0.6139739863943311,0.29728048682325,weak_specificity,0.35
25.01365038157192,3.4936280746612787,0.6177691572943249,0.2966536281049456,weak_specificity,0.35
25.113650381571922,3.501626918569406,0.6215765266665121,0.2960308816346311,weak_specificity,0.35
25.213650381571924,3.5095857148836136,0.6253960947622885,0.29541221381360366,weak_specificity,0.35
25.313650381571925,3.517504434852071,0.6292278619248263,0.2947975913174525,weak_specificity,0.35
25.413650381571927,3.5253830517420455,0.6330718285888287,0.29418698109441865,weak_specificity,0.35
25.513650381571928,3.5332215408145458,0.6369279952802683,0.2935803503637402,weak_specificity,0.35
25.61365038157193,3.5410198792991445,0.6407963626161075,0.2929776666139822,weak_specificity,0.35
25.71365038157193,3.5487780463689815,0.6446769313040026,0.2923788976013542,weak_specificity,0.35
25.813650381571932,3.556496023115949,0.6485697021419922,0.2917840113480148,weak_specificity,0.35
25.913650381571934,3.564173792526056,0.6524746760181686,0.29119297614036527,weak_specificity,0.35
26.013650381571935,3.5718113394549826,0.656391853910334,0.2906057605273329,weak_specificity,0.35
26.113650381571937,3.5794086506038094,0.6603212368856421,0.29002233331864463,weak_specificity,0.35
26.213650381571938,3.58696571449494,0.664262826100223,0.28944266358309234,weak_specificity,0.35
26.31365038157194,3.594482521448202,0.6682166227987943,0.28886672064679053,weak_specificity,0.35
26.41365038157194,3.601959063557142,0.672182628314258,0.288294474091427,weak_specificity,0.35
26.513650381571942,3.609395334665498,0.6761608440672823,0.2877258937525077,weak_specificity,0.35
26.613650381571944,3.616791330343866,0.6801512715658704,0.28716094971759587,weak_specificity,0.35
26.713650381571945,3.6241470478665523,0.6841539124049149,0.2865996123245473,weak_specificity,0.35
26.813650381571946,3.631462486188611,0.688168768265739,0.2860418521597412,weak_specificity,0.35
26.913650381571948,3.638737645923075,0.6921958409156254,0.2854876400563083,weak_specificity,0.35
27.01365038157195,3.6459725293183687,0.6962351322073306,0.28493694709235606,weak_specificity,0.35
27.11365038157195,3.6531671402359156,0.7002866440785884,0.28438974458919275,weak_specificity,0.35
27.213650381571952,3.660321484127932,0.7043503785516004,0.28384600410954947,weak_specificity,0.35
27.313650381571954,3.6674355680154087,0.708426337732514,0.2833056974558023,weak_specificity,0.35
27.413650381571955,3.674509400466283,0.7125145238108889,0.28276879666819393,weak_specificity,0.35
27.513650381571956,3.6815429915737985,0.7166149390591523,0.2822352740230559,weak_specificity,0.35
27.613650381571958,3.6885363529350563,0.7207275858320423,0.28170510203103205,weak_specificity,0.35
27.71365038157196,3.695489497629752,0.7248524665660404,0.2811782534353031,weak_specificity,0.35
27.81365038157196,3.702402440199101,0.7289895837787929,0.2806547012098137,weak_specificity,0.35
27.913650381571962,3.709275196624956,0.7331389400685218,0.28013441855750143,weak_specificity,0.35
28.013650381571964,3.716107784309109,0.7373005381134253,0.27961737890852956,weak_specificity,0.35
28.113650381571965,3.7229002220527816,0.7414743806710683,0.2791035559185221,weak_specificity,0.35
28.213650381571966,3.7296525300363057,0.7456604705777616,0.2785929234668034,weak_specificity,0.35
28.313650381571968,3.736364729798987,0.7498588107479335,0.2780854556546417,weak_specificity,0.35
28.41365038157197,3.74303684421916,0.7540694041734893,0.2775811268034971,weak_specificity,0.35
28.51365038157197,3.7496688974944252,0.758292253923164,0.27707991145327454,weak_specificity,0.35
28.613650381571972,3.756260915122075,0.7625273631418632,0.27658178436058195,weak_specificity,0.35
28.713650381571973,3.762812923879705,0.7667747350499972,0.27608672049699423,weak_specificity,0.35
28.813650381571975,3.769324951806007,0.7710343729428046,0.2755946950473227,weak_specificity,0.35
28.913650381571976,3.775797028181752,0.7753062801896691,0.2751056834078911,weak_specificity,0.35
29.013650381571978,3.782229183510951,0.7795904602334256,0.27461966118481795,weak_specificity,0.35
29.11365038157198,3.788621449502204,0.78388691658966,0.2741366041923057,weak_specificity,0.35
29.21365038157198,3.7949738590502284,0.7881956528460002,0.2736564884509367,weak_specificity,0.35
29.313650381571982,3.80128644621757,0.7925166726613988,0.273179290185977,weak_specificity,0.35
29.413650381571983,3.8075592462164964,0.7968499797654088,0.27270498582568686,weak_specificity,0.35
29.513650381571985,3.813792295391069,0.8011955779574514,0.27223355199963983,weak_specificity,0.35
29.613650381571986,3.8199856311993967,0.8055534711060766,0.27176496553704915,weak_specificity,0.35
29.713650381571988,3.8261392921960673,0.8099236631482157,0.27129920346510267,weak_specificity,0.35
29.81365038157199,3.8322533180147578,0.8143061580884289,0.27083624300730585,weak_specificity,0.35
29.91365038157199,3.8383277493510213,0.818700959998143,0.2703760615818337,weak_specificity,0.35
30.013650381571992,3.844362627945251,0.8231080730148851,0.26991863679989087,weak_specificity,0.35
30.113650381571993,3.8503579965658217,0.8275275013415082,0.2694639464640813,weak_specificity,0.35
30.213650381571995,3.856313898992402,0.8319592492454108,0.2690119685667862,weak_specificity,0.35
30.313650381571996,3.862230379999445,0.8364033210577497,0.2685626812885517,weak_specificity,0.35
30.413650381571998,3.86810748533985,0.8408597211726481,0.26811606299648566,weak_specificity,0.35
30.513650381572,3.873945261728795,0.8453284540463956,0.26767209224266375,weak_specificity,0.35
30.613650381572,3.8797437568277457,0.8498095241966441,0.2672307477625454,weak_specificity,0.35
30.713650381572002,3.885503019228628,0.8543029362015975,0.26679200847339934,weak_specificity,0.35
30.813650381572003,3.891223098438175,0.8588086946991949,0.26635585347273866,weak_specificity,0.35
30.913650381572005,3.8969040448624415,0.8633268043862897,0.265922262036766,weak_specificity,0.35
31.013650381572006,3.9025459097914834,0.8678572700178229,0.2654912136188288,weak_specificity,0.35
31.113650381572008,3.9081487453842074,0.8724000964059904,0.26506268784788434,weak_specificity,0.35
31.21365038157201,3.913712604653383,0.8769552884194064,0.264636664526975,weak_specificity,0.35
31.31365038157201,3.9192375414508227,0.8815228509822614,0.2642131236317138,weak_specificity,0.35
31.413650381572012,3.9247236104527206,0.8861027890734751,0.26379204530878025,weak_specificity,0.35
31.513650381572013,3.930170867145158,0.8906951077258449,0.2633734098744263,weak_specificity,0.35
31.613650381572015,3.935579367809768,0.89529981202519,0.26295719781299304,weak_specificity,0.35
31.713650381572016,3.9409491695095635,0.8999169071094905,0.26254338977543734,weak_specificity,0.35
31.813650381572018,3.9462803300749183,0.9045463981680223,0.26213196657786947,weak_specificity,0.35
31.91365038157202,3.951572908089714,0.9091882904404883,0.26172290920010083,weak_specificity,0.35
32.01365038157202,3.956826962877639,0.9138425892161448,0.2613161987842025,weak_specificity,0.35
32.11365038157202,3.9620425544886446,0.918509299832924,0.2609118166330742,weak_specificity,0.35
32.21365038157202,3.9672197436855585,0.9231884276765528,0.2605097442090241,weak_specificity,0.35
32.313650381572025,3.97235859193085,0.9278799781796679,0.26010996313235885,weak_specificity,0.35
32.413650381572026,3.9774591613735475,0.9325839568209265,0.2597124551799845,weak_specificity,0.35
32.51365038157203,3.9825215148363107,0.9373003691241141,0.2593172022840181,weak_specificity,0.35
32.61365038157203,3.9875457158026504,0.9420292206572483,0.2589241865304099,weak_specificity,0.35
32.71365038157203,3.9925318284043003,0.9467705170316796,0.258533390157576,weak_specificity,0.35
32.81365038157203,3.9974799174087354,0.9515242639011887,0.25814479555504216,weak_specificity,0.35
32.91365038157203,4.0023900482068395,0.9562904669610801,0.25775838526209766,weak_specificity,0.35
33.013650381572035,4.007262286800718,0.9610691319472734,0.25737414196646025,weak_specificity,0.35
33.113650381572036,4.0120966997916545,0.9658602646353908,0.25699204850295165,weak_specificity,0.35
33.21365038157204,4.016893354368216,0.970663870839842,0.2566120878521835,weak_specificity,0.35
33.31365038157204,4.021652318294495,0.9754799564129062,0.25623424313925397,weak_specificity,0.35
33.41365038157204,4.026373659898499,0.9803085272438115,0.25585849763245533,weak_specificity,0.35
33.51365038157204,4.0310574480606745,0.9851495892578108,0.2554848347419916,weak_specificity,0.35
33.61365038157204,4.03570375220258,0.9900031484152562,0.2551132380187069,weak_specificity,0.35
33.713650381572045,4.040312642275686,0.9948692107106697,0.25474369115282447,weak_specificity,0.35
33.813650381572046,4.044884188750322,0.9997477821718125,0.2543761779726961,weak_specificity,0.35
33.91365038157205,4.049418462604752,1.004638868858751,0.254010682443562,weak_specificity,0.35
34.01365038157205,4.0539155353143945,1.0095424768629218,0.253647188666321,weak_specificity,0.35
34.11365038157205,4.058375478841166,1.0144586123061916,0.2532856808763115,weak_specificity,0.35
34.21365038157205,4.062798365622964,1.0193872813399194,0.2529261434421021,weak_specificity,0.35
34.31365038157205,4.06718426856328,1.0243284901440122,0.2525685608642936,weak_specificity,0.35
34.413650381572054,4.071533261020945,1.0292822449259813,0.2522129177743301,weak_specificity,0.35
34.513650381572056,4.075845416799999,1.034248551919996,0.2518591989333213,weak_specificity,0.35
34.61365038157206,4.0801208101396975,1.0392274173859353,0.2515073892308745,weak_specificity,0.35
34.71365038157206,4.084359515704637,1.0442188476084378,0.25115747368393665,weak_specificity,0.35
34.81365038157206,4.088561608575012,1.0492228488959496,0.25080943743564693,weak_specificity,0.35
34.91365038157206,4.092727164236994,1.054239427579772,0.25046326575419914,weak_specificity,0.35
35.01365038157206,4.096856258573237,1.0592685900131047,0.250118944031714,weak_specificity,0.35
35.113650381572064,4.100948967853508,1.0643103425700906,0.24977645778312163,weak_specificity,0.35
35.213650381572066,4.10500536872543,1.069364691644857,0.2494357926450538,weak_specificity,0.35
35.31365038157207,4.109025538205356,1.074431643650556,0.24909693437474595,weak_specificity,0.35
35.41365038157207,4.113009553669358,1.0795112050184048,0.24875986884894924,weak_specificity,0.35
35.51365038157207,4.116957492844338,1.0846033821967216,0.24842458206285212,weak_specificity,0.35
35.61365038157207,4.120869433799247,1.0897081816499634,0.24809106012901172,weak_specificity,0.35
35.71365038157207,4.124745454936434,1.0948256098577616,0.24775928927629473,weak_specificity,0.35
35.813650381572074,4.128585634983101,1.0999556733139555,0.24742925584882805,weak_specificity,0.35
35.913650381572076,4.132390052982873,1.1050983785256259,0.24710094630495874,weak_specificity,0.35
36.01365038157208,4.136158788287488,1.1102537320121273,0.24677434721622354,weak_specificity,0.35
36.11365038157208,4.139891920548587,1.1154217403041191,0.24644944526632778,weak_specificity,0.35
36.21365038157208,4.14358952970963,1.1206024099425957,0.24612622725013353,weak_specificity,0.35
36.31365038157208,4.1472516959979115,1.1257957474779168,0.2458046800726572,weak_specificity,0.35
36.41365038157208,4.150878499916685,1.1310017594688346,0.2454847907480761,weak_specificity,0.35
36.513650381572084,4.154470022237401,1.1362204524815236,0.24516654639874436,weak_specificity,0.35
36.613650381572086,4.158026343992053,1.141451833088606,0.2448499342542178,weak_specificity,0.35
36.71365038157209,4.161547546465619,1.1466959078681802,0.24453494165028794,weak_specificity,0.35
36.81365038157209,4.16503371118862,1.1519526834028448,0.24422155602802478,weak_specificity,0.35
36.91365038157209,4.168484919929774,1.1572221662787259,0.2439097649328287,weak_specificity,0.35
37.01365038157209,4.171901254688759,1.1625043630845004,0.24359955601349095,weak_specificity,0.35
37.11365038157209,4.1752827976890705,1.1677992804104222,0.24329091702126315,weak_specificity,0.35
37.213650381572094,4.178629631370988,1.173106924847345,0.2429838358089353,weak_specificity,0.35
37.313650381572096,4.181941838384638,1.1784273029857464,0.2426783003299224,weak_specificity,0.35
37.4136503815721,4.185219501583151,1.183760421414752,0.2423742986373599,weak_specificity,0.35
37.5136503815721,4.188462704015925,1.1891062867211575,0.2420718188832073,weak_specificity,0.35
37.6136503815721,4.19167152892198,1.1944649054884526,0.24177084931736048,weak_specificity,0.35
37.7136503815721,4.194846059723411,1.1998362842958434,0.24147137828677226,weak_specificity,0.35
37.8136503815721,4.197986380018934,1.2052204297172748,0.2411733942345812,weak_specificity,0.35
37.913650381572104,4.201092573577526,1.2106173483204534,0.2408768856992488,weak_specificity,0.35
38.013650381572106,4.204164724332163,1.2160270466658702,0.24058184131370486,weak_specificity,0.35
38.11365038157211,4.207202916373641,1.2214495313058225,0.24028824980450073,weak_specificity,0.35
38.21365038157211,4.210207233944498,1.2268848087834368,0.23999609999097088,weak_specificity,0.35
38.31365038157211,4.21317776143302,1.2323328856316913,0.23970538078440232,weak_specificity,0.35
38.41365038157211,4.216114583367335,1.2377937683724392,0.2394160811872119,weak_specificity,0.35
38.51365038157211,4.219017784409602,1.2432674635154304,0.23912819029213148,weak_specificity,0.35
38.613650381572114,4.221887449350282,1.2487539775573357,0.23884169728140098,weak_specificity,0.35
38.713650381572116,4.224723663102496,1.25425331698077,0.23855659142596894,weak_specificity,0.35
38.81365038157212,4.227526510696469,1.2597654882533145,0.23827286208470094,weak_specificity,0.35
38.91365038157212,4.2302960772740645,1.2652904978265427,0.23799049870359548,weak_specificity,0.35
39.01365038157212,4.23303244808339,1.270828352135043,0.2377094908150074,weak_specificity,0.35
39.11365038157212,4.235735708473499,1.2763790575954443,0.2374298280368788,weak_specificity,0.35
39.21365038157212,4.238405943889165,1.2819426206054405,0.23715150007197722,weak_specificity,0.35
39.313650381572124,4.241043239865745,1.2875190475428162,0.2368744967071414,weak_specificity,0.35
39.413650381572126,4.243647682024114,1.293108344764473,0.236598807812534,weak_specificity,0.35
39.51365038157213,4.246219356065686,1.298710518605455,0.23632442334090176,weak_specificity,0.35
39.61365038157213,4.248758347767513,1.3043255753779777,0.23605133332684258,weak_specificity,0.35
39.71365038157213,4.251264742977456,1.3099535213704536,0.2357795278860799,weak_specificity,0.35
39.81365038157213,4.253738627609442,1.3155943628465225,0.2355089972147439,weak_specificity,0.35
39.91365038157213,4.2561800876387865,1.3212481060440793,0.2352397315886597,weak_specificity,0.35
40.013650381572134,4.258589209097601,1.326914757174304,0.23497172136264258,weak_specificity,0.35
40.113650381572135,4.260966078070268,1.3325943224206926,0.23470495696979968,weak_specificity,0.35
40.21365038157214,4.263310780688992,1.3382868079380874,0.23443942892083888,weak_specificity,0.35
40.31365038157214,4.265623403129425,1.3439922198517102,0.23417512780338404,weak_specificity,0.35
40.41365038157214,4.267904031606358,1.3497105642561944,0.23391204428129705,weak_specificity,0.35
40.51365038157214,4.270152752369493,1.355441847214619,0.2336501690940064,weak_specificity,0.35
40.61365038157214,4.272369651699276,1.3611860747575433,0.23338949305584222,weak_specificity,0.35
40.713650381572144,4.274554815902803,1.3669432528820427,0.2331300070553779,weak_specificity,0.35
40.813650381572145,4.276708331309799,1.3727133875507447,0.23287170205477792,weak_specificity,0.35
40.91365038157215,4.2788302842686585,1.3784964846908674,0.2326145690891522,weak_specificity,0.35
41.01365038157215,4.280920761142554,1.3842925501932573,0.2323585992659166,weak_specificity,0.35
41.11365038157215,4.282979848305618,1.3901015899114293,0.23210378376415958,weak_specificity,0.35
41.21365038157215,4.285007632139179,1.3959236096606078,0.23185011383401524,weak_specificity,0.35
41.31365038157215,4.287004199028073,1.401758615216768,0.23159758079604223,weak_specificity,0.35
41.413650381572154,4.288969635357014,1.4076066123156799,0.23134617604060884,weak_specificity,0.35
41.513650381572155,4.290904027507028,1.4134676066519511,0.2310958910272839,weak_specificity,0.35
41.61365038157216,4.292807461851952,1.4193416038780744,0.2308467172842339,weak_specificity,0.35
41.71365038157216,4.294680024754991,1.4252286096034725,0.23059864640762562,weak_specificity,0.35
41.81365038157216,4.296521802565342,1.4311286293935475,0.23035167006103485,weak_specificity,0.35
41.91365038157216,4.298332881614873,1.4370416687687293,0.23010577997486073,weak_specificity,0.35
42.01365038157216,4.300113348214862,1.4429677332035271,0.22986096794574581,weak_specificity,0.35
42.113650381572164,4.301863288652802,1.448906828125581,0.2296172258360018,weak_specificity,0.35
42.213650381572165,4.303582789189257,1.4548589589147156,0.22937454557304085,weak_specificity,0.35
42.31365038157217,4.305271936054776,1.4608241309019947,0.22913291914881237,weak_specificity,0.35
42.41365038157217,4.306930815446871,1.466802349368778,0.2288923386192454,weak_specificity,0.35
42.51365038157217,4.308559513527044,1.4727936195457791,0.2286527961036963,weak_specificity,0.35
42.61365038157217,4.31015811641787,1.4787979466121246,0.22841428378440187,weak_specificity,0.35
42.71365038157217,4.311726710200143,1.484815335694415,0.2281767939059379,weak_specificity,0.35
42.813650381572174,4.313265380910065,1.4908457918657874,0.22794031877468268,weak_specificity,0.35
42.913650381572175,4.314774214536495,1.4968893201449798,0.22770485075828614,weak_specificity,0.35
43.01365038157218,4.316253297018257,1.5029459254953965,0.2274703822851438,weak_specificity,0.35
43.11365038157218,4.317702714241483,1.509015612824176,0.22723690584387604,weak_specificity,0.35
43.21365038157218,4.3191225520370295,1.5150983869812598,0.22700441398281232,weak_specificity,0.35
43.31365038157218,4.320512896177925,1.5211942527584632,0.22677289930948055,weak_specificity,0.35
43.41365038157218,4.321873832376881,1.5273032148885484,0.22654235449010127,weak_specificity,0.35
43.513650381572184,4.323205446283852,1.5334252780442985,0.22631277224908677,weak_specificity,0.35
43.613650381572185,4.324507823483636,1.5395604468375939,0.22608414536854524,weak_specificity,0.35
43.71365038157219,4.325781049493531,1.5457087258184903,0.2258564666877895,weak_specificity,0.35
43.81365038157219,4.327025209761041,1.5518701194742988,0.22562972910285067,weak_specificity,0.35
43.91365038157219,4.328240389661624,1.5580446322286674,0.22540392556599648,weak_specificity,0.35
44.01365038157219,4.329426674496488,1.564232268440665,0.22517904908525427,weak_specificity,0.35
44.11365038157219,4.330584149490436,1.5704330324038671,0.22495509272393863,weak_specificity,0.35
44.213650381572194,4.331712899789756,1.5766469283454432,0.2247320496001836,weak_specificity,0.35
44.313650381572195,4.3328130104601525,1.5828739604252469,0.2245099128864794,weak_specificity,0.35
44.4136503815722,4.333884566484728,1.5891141327349074,0.22428867580921366,weak_specificity,0.35
44.5136503815722,4.334927652762002,1.5953674492969234,0.22406833164821713,weak_specificity,0.35
44.6136503815722,4.335942354103983,1.601633914063759,0.22384887373631365,weak_specificity,0.35
44.7136503815722,4.33692875523427,1.6079135309169412,0.22363029545887467,weak_specificity,0.35
44.8136503815722,4.337886940786209,1.614206303666161,0.22341259025337792,weak_specificity,0.35
44.913650381572204,4.338816995301084,1.6205122360483748,0.2231957516089704,weak_specificity,0.35
45.013650381572205,4.33971900322635,1.6268313317269096,0.22297977306603564,weak_specificity,0.35
45.11365038157221,4.340593048913912,1.6331635942905693,0.22276464821576497,weak_specificity,0.35
45.21365038157221,4.341439216618433,1.6395090272527444,0.22255037069973316,weak_specificity,0.35
45.31365038157221,4.342257590495693,1.645867634050522,0.22233693420947798,weak_specificity,0.35
45.41365038157221,4.343048254600983,1.6522394180438014,0.22212433248608385,weak_specificity,0.35
45.51365038157221,4.343811292887534,1.6586243825144078,0.22191255931976958,weak_specificity,0.35
45.613650381572214,4.34454678920499,1.6650225306652122,0.22170160854947993,weak_specificity,0.35
45.713650381572215,4.345254827297912,1.671433865619252,0.2214914740624812,weak_specificity,0.35
45.81365038157222,4.345935490804327,1.6778583904188535,0.22128214979396077,weak_specificity,0.35
45.91365038157222,4.346588863254306,1.6842961080247583,0.22107362972663025,weak_specificity,0.35
46.01365038157222,4.347215028068582,1.6907470213152502,0.2208659078903327,weak_specificity,0.35
46.11365038157222,4.347814068557205,1.697211133085287,0.22065897836165352,weak_specificity,0.35
46.21365038157222,4.3483860679182245,1.7036884460456334,0.220452835263535,weak_specificity,0.35
46.313650381572224,4.348931109236418,1.710178962821996,0.22024747276489468,weak_specificity,0.35
46.413650381572225,4.349449275482042,1.7166826859541628,0.22004288508024716,weak_specificity,0.35
46.513650381572226,4.349940649509629,1.7231996178951425,0.21983906646932988,weak_specificity,0.35
46.61365038157223,4.350405314056805,1.7297297610103095,0.21963601123673215,weak_specificity,0.35
46.71365038157223,4.350843351743146,1.7362731175765493,0.2194337137315278,weak_specificity,0.35
46.81365038157223,4.351254845069071,1.742829689781408,0.21923216834691148,weak_specificity,0.35
46.91365038157223,4.351639876414757,1.749399479722243,0.2190313695198382,weak_specificity,0.35
47.01365038157223,4.351998528039095,1.7559824894053786,0.21883131173066653,weak_specificity,0.35
47.113650381572235,4.352330882078669,1.7625787207452626,0.21863198950280502,weak_specificity,0.35
47.213650381572236,4.352637020546771,1.7691881755636258,0.21843339740236206,weak_specificity,0.35
47.31365038157224,4.3529170253324425,1.775810855588646,0.2182355300377991,weak_specificity,0.35
47.41365038157224,4.35317097819955,1.782446762454113,0.2180383820595871,weak_specificity,0.35
47.51365038157224,4.353398960785885,1.7890958976985967,0.21784194815986616,weak_specificity,0.35
47.61365038157224,4.353601054602294,1.7957582627646196,0.21764622307210868,weak_specificity,0.35
47.71365038157224,4.353777341031839,1.802433858997831,0.2174512015707853,weak_specificity,0.35
47.813650381572245,4.353927901328986,1.8091226876461841,0.21725687847103425,weak_specificity,0.35
47.913650381572246,4.354052816618816,1.8158247498591167,0.21706324862833384,weak_specificity,0.35
48.01365038157225,4.35415216789627,1.8225400466867345,0.21687030693817794,weak_specificity,0.35
48.11365038157225,4.354226036025415,1.8292685790789982,0.2166780483357545,weak_specificity,0.35
48.21365038157225,4.354274501738742,1.8360103478849121,0.2164864677956272,weak_specificity,0.35
48.31365038157225,4.354297645636484,1.842765353851718,0.21629556033142003,weak_specificity,0.35
48.41365038157225,4.354295548185962,1.8495335976240899,0.2161053209955049,weak_specificity,0.35
48.513650381572255,4.35426828972096,1.8563150797433343,0.21591574487869206,weak_specificity,0.35
48.613650381572256,4.35421595044112,1.8631098006465916,0.21572682710992358,weak_specificity,0.35
48.71365038157226,4.354138610411362,1.8699177606660415,0.21553856285596953,weak_specificity,0.35
48.81365038157226,4.354036349561328,1.8767389600281126,0.21535094732112717,weak_specificity,0.35
48.91365038157226,4.353909247684854,1.8835733988526933,0.2151639757469228,weak_specificity,0.35
49.01365038157226,4.353757384439459,1.8904210771523478,0.21497764341181663,weak_specificity,0.35
49.11365038157226,4.35358083934586,1.8972819948315345,0.21479194563091003,weak_specificity,0.35
49.213650381572265,4.353379691787513,1.9041561516858283,0.21460687775565587,weak_specificity,0.35
49.313650381572266,4.353154021010168,1.9110435474011456,0.21442243517357137,weak_specificity,0.35
49.41365038157227,4.352903906121454,1.9179441815529732,0.21423861330795368,weak_specificity,0.35
49.51365038157227,4.352629426090481,1.924858053605601,0.21405540761759803,weak_specificity,0.35
49.61365038157227,4.352330659747467,1.9317851629113574,0.2138728135965186,weak_specificity,0.35
49.71365038157227,4.352007685783376,1.938725508709848,0.21369082677367188,weak_specificity,0.35
49.81365038157227,4.351660582749595,1.9456790901271994,0.21350944271268263,weak_specificity,0.35
49.913650381572275,4.35128942905761,1.952645906175305,0.21332865701157241,weak_specificity,0.35
50.013650381572276,4.35089430297872,1.9596259557510745,0.2131484653024906,weak_specificity,0.35
50.11365038157228,4.350475282643754,1.9666192376356881,0.2129688632514477,weak_specificity,0.35
50.21365038157228,4.350032446042826,1.9736257504938537,0.21278984655805153,weak_specificity,0.35
50.31365038157228,4.34956587102509,1.980645492873067,0.21261141095524536,weak_specificity,0.35
50.41365038157228,4.349075635298528,1.9876784632028763,0.21243355220904883,weak_specificity,0.35
50.51365038157228,4.348561816429745,1.9947246597941513,0.21225626611830095,weak_specificity,0.35
50.613650381572285,4.3480244918437965,2.001784080838354,0.21207954851440572,weak_specificity,0.35
50.713650381572286,4.347463738824014,2.008856724406816,0.21190339526107987,weak_specificity,0.35
50.81365038157229,4.3468796345118665,2.0159425884500166,0.211727802254103,weak_specificity,0.35
50.91365038157229,4.34627225590683,2.0230416707968666,0.21155276542107,weak_specificity,0.35
51.01365038157229,4.345641679866271,2.0301539691539956,0.21137828072114562,weak_specificity,0.35
51.11365038157229,4.344987983105357,2.037279481105044,0.21120434414482156,weak_specificity,0.35
51.21365038157229,4.3443112421969685,2.044418204109957,0.21103095171367534,weak_specificity,0.35
51.313650381572295,4.343611533571644,2.051570135504283,0.2108580994801317,weak_specificity,0.35
51.413650381572296,4.342888933517525,2.058735272498478,0.21068578352722603,weak_specificity,0.35
51.5136503815723,4.342143518180327,2.065913612177213,0.21051399996836995,weak_specificity,0.35
51.6136503815723,4.341375363563319,2.0731051514986825,0.21034274494711896,weak_specificity,0.35
51.7136503815723,4.3405845455273235,2.0803098872939216,0.21017201463694238,weak_specificity,0.35
51.8136503815723,4.3397711397907255,2.087527816266125,0.21000180524099502,weak_specificity,0.35
51.9136503815723,4.338935221929498,2.094758934989969,0.20983211299189122,weak_specificity,0.35
52.013650381572305,4.338076867377245,2.10200323991094,0.20966293415148085,weak_specificity,0.35
52.113650381572306,4.337196151425251,2.109260727344665,0.20949426501062712,weak_specificity,0.35
52.21365038157231,4.336293149222551,2.1165313934762486,0.20932610188898662,weak_specificity,0.35
52.31365038157231,4.33536793577601,2.123815234359612,0.20915844113479126,weak_specificity,0.35
52.41365038157231,4.334420585950415,2.1311122459168375,0.20899127912463203,weak_specificity,0.35
52.51365038157231,4.333451174468581,2.138422423937516,0.20882461226324484,weak_specificity,0.35
52.61365038157231,4.332459775911471,2.1457457640781015,0.20865843698329822,weak_specificity,0.35
52.713650381572315,4.331446464718325,2.153082261861266,0.20849274974518292,weak_specificity,0.35
52.813650381572316,4.330411315186802,2.160431912675263,0.20832754703680323,weak_specificity,0.35
52.91365038157232,4.329354401473136,2.167794711773291,0.2081628253733704,weak_specificity,0.35
53.01365038157232,4.328275797592302,2.1751706542728666,0.2079985812971977,weak_specificity,0.35
53.11365038157232,4.32717557741819,2.1825597351551953,0.20783481137749732,weak_specificity,0.35
53.21365038157232,4.326053814683796,2.1899619492645543,0.2076715122101791,weak_specificity,0.35
53.31365038157232,4.324910582981418,2.1973772913076735,0.20750868041765103,weak_specificity,0.35
53.413650381572324,4.323745955762869,2.2048057558531244,0.20734631264862147,weak_specificity,0.35
53.513650381572326,4.322560006339693,2.2122473373307128,0.20718440557790305,weak_specificity,0.35
53.61365038157233,4.321352807883399,2.219702030030876,0.20702295590621847,weak_specificity,0.35
53.71365038157233,4.320124433425697,2.2271698281040835,0.20686196036000784,weak_specificity,0.35
53.81365038157233,4.318874955858747,2.234650725560245,0.2067014156912376,weak_specificity,0.35
53.91365038157233,4.317604447935421,2.24214471626812,0.20654131867721143,weak_specificity,0.35
54.01365038157233,4.316312982269571,2.2496517939547336,0.20638166612038256,weak_specificity,0.35
54.113650381572334,4.315000631336303,2.2571719522047977,0.20622245484816765,weak_specificity,0.35
54.213650381572336,4.313667467472264,2.2647051844601354,0.20606368171276251,weak_specificity,0.35
54.31365038157234,4.31231356287594,2.272251484019111,0.2059053435909593,weak_specificity,0.35
54.41365038157234,4.310938989607956,2.279810844036063,0.20574743738396523,weak_specificity,0.35
54.51365038157234,4.3095438195913855,2.2873832575207476,0.2055899600172229,weak_specificity,0.35
54.61365038157234,4.308128124612075,2.294968717337778,0.20543290844023226,weak_specificity,0.35
54.71365038157234,4.306691976318968,2.3025672162060764,0.20527627962637388,weak_specificity,0.35
54.813650381572344,4.3052354462244375,2.310178746698327,0.20512007057273396,weak_specificity,0.35
54.913650381572346,4.303758605704633,2.317803301240435,0.20496427829993077,weak_specificity,0.35
55.01365038157235,4.302261525999829,2.32544087211099,0.20480889985194248,weak_specificity,0.35
55.11365038157235,4.300744278214777,2.3330914514407355,0.20465393229593648,weak_specificity,0.35
55.21365038157235,4.299206933319075,2.3407550312120415,0.2044993727221003,weak_specificity,0.35
55.31365038157235,4.297649562147534,2.3484316032583834,0.20434521824347382,weak_specificity,0.35
55.41365038157235,4.296072235400554,2.3561211592638265,0.20419146599578286,weak_specificity,0.35
55.513650381572354,4.2944750236445115,2.363823690762514,0.20403811313727435,weak_specificity,0.35
55.613650381572356,4.292857997312144,2.37153918913816,0.2038851568485527,weak_specificity,0.35
55.71365038157236,4.291221226702946,2.379267645623551,0.20373259433241775,weak_specificity,0.35
55.81365038157236,4.289564781983574,2.387009051300047,0.2035804228137038,weak_specificity,0.35
55.91365038157236,4.287888733188247,2.394763397097091,0.20342863953912038,weak_specificity,0.35
56.01365038157236,4.2861931502191615,2.402530673791726,0.20327724177709391,weak_specificity,0.35
56.11365038157236,4.2844781028469106,2.410310872008112,0.20312622681761106,weak_specificity,0.35
56.213650381572364,4.282743660710904,2.418103982217051,0.20297559197206316,weak_specificity,0.35
56.313650381572366,4.280989893319795,2.4259099947355183,0.2028253345730921,weak_specificity,0.35
56.41365038157237,4.279216870051916,2.433728899726196,0.2026754519744373,weak_specificity,0.35
56.51365038157237,4.277424660155712,2.4415606871970152,0.20252594155078413,weak_specificity,0.35
56.61365038157237,4.275613332750186,2.4494053470007002,0.20237680069761346,weak_specificity,0.35
56.71365038157237,4.2737829568253405,2.4572628688343214,0.20222802683105254,weak_specificity,0.35
56.81365038157237,4.2719336012426306,2.4651332422388506,0.20207961738772706,weak_specificity,0.35
56.913650381572374,4.270065334735416,2.4730164565987236,0.20193156982461438,weak_specificity,0.35
57.013650381572376,4.268178225909422,2.4809125011414066,0.20178388161889815,weak_specificity,0.35
57.11365038157238,4.266272343243197,2.4888213649369706,0.2016365502678238,weak_specificity,0.35
57.21365038157238,4.264347755088583,2.496743036897668,0.2014895732885555,weak_specificity,0.35
57.31365038157238,4.262404529671178,2.5046775057775172,0.20134294821803414,weak_specificity,0.35
57.41365038157238,4.260442735090815,2.512624760171892,0.20119667261283658,weak_specificity,0.35
57.51365038157238,4.258462439322032,2.5205847885171146,0.20105074404903586,weak_specificity,0.35
57.613650381572384,4.256463710214552,2.5285575790900583,0.20090516012206266,weak_specificity,0.35
57.713650381572386,4.254446615493768,2.5365431200077513,0.2007599184465679,weak_specificity,0.35
57.81365038157239,4.252411222761218,2.5445413992269894,0.20061501665628637,weak_specificity,0.35
57.91365038157239,4.250357599495081,2.552552404543952,0.2004704524039015,weak_specificity,0.35
58.01365038157239,4.248285813050662,2.5605761235938256,0.20032622336091122,weak_specificity,0.35
58.11365038157239,4.246195930660884,2.5686125438504313,0.20018232721749482,weak_specificity,0.35
58.21365038157239,4.244088019436777,2.5766616526258592,0.20003876168238102,weak_specificity,0.35
58.313650381572394,4.241962146367985,2.584723437070108,0.19989552448271694,weak_specificity,0.35
58.413650381572396,4.239818378323253,2.5927978841707295,0.19975261336393815,weak_specificity,0.35
58.5136503815724,4.237656782050932,2.600884980752481,0.19961002608963985,weak_specificity,0.35
58.6136503815724,4.2354774241794795,2.608984713476982,0.1994677604414489,weak_specificity,0.35
58.7136503815724,4.233280371217962,2.6170970688423743,0.19932581421889703,weak_specificity,0.35
58.8136503815724,4.2310656895565595,2.625222033182994,0.19918418523929488,weak_specificity,0.35
58.9136503815724,4.228833445467073,2.633359592669043,0.19904287133760717,weak_specificity,0.35
59.013650381572404,4.2265837051034305,2.641509733306271,0.19890187036632884,weak_specificity,0.35
59.113650381572405,4.224316534502195,2.6496724409356585,0.19876118019536193,weak_specificity,0.35
59.21365038157241,4.222031999583075,2.657847701233112,0.19862079871189384,weak_specificity,0.35
59.31365038157241,4.219730166149434,2.6660354997091584,0.1984807238202761,weak_specificity,0.35
59.41365038157241,4.217411099888802,2.6742358217086513,0.1983409534419044,weak_specificity,0.35
59.51365038157241,4.215074866373388,2.682448652410478,0.1982014855150993,weak_specificity,0.35
59.61365038157241,4.21272153106059,2.6906739768272767,0.19806231799498822,weak_specificity,0.35
59.713650381572414,4.210351159293514,2.6989117798051563,0.1979234488533878,weak_specificity,0.35
59.813650381572415,4.207963816301478,2.707162046023425,0.1977848760786877,weak_specificity,0.35
59.91365038157242,4.2055595672005355,2.715424759994322,0.19764659767573492,weak_specificity,0.35
60.0,4.203469955203738,2.7225695849373928,0.19752743012211843,weak_specificity,0.35
0.0,0.8,0.05,1.0,strong_specificity,0.75
0.014016314158455319,0.8016250099016717,0.05003060414537452,0.9959999693056013,strong_specificity,0.75
0.11401631415845533,0.813168182438132,0.05024571793526012,0.9686400378341995,strong_specificity,0.75
0.21401631415845535,0.8246251607687773,0.050455322187664416,0.9432379857890354,strong_specificity,0.75
0.3140163141584553,0.8359996985851891,0.050659644080075596,0.9196488624281278,strong_specificity,0.75
0.4140163141584553,0.8472959078812659,0.05085891081089738,0.8977377043609454,strong_specificity,0.75
0.5140163141584553,0.8585181902061823,0.051053348015567546,0.8773789173295189,strong_specificity,0.75
0.6140163141584553,0.8696711720907261,0.05124317836660039,0.8584556905124248,strong_specificity,0.75
0.7140163141584552,0.8807596451552762,0.05142862035596451,0.8408594419834963,strong_specificity,0.75
0.8140163141584552,0.8917885112331434,0.051609887254765695,0.8244892940267107,strong_specificity,0.75
0.9140163141584552,0.9027627326880635,0.05178718624243947,0.8092515770659325,strong_specificity,0.75
1.0140163141584553,0.9136872879709687,0.05196071769553937,0.7950593610154484,strong_specificity,0.75
1.1140163141584554,0.9245671323492406,0.05213067462468514,0.7818320128966477,strong_specificity,0.75
1.2140163141584555,0.9354071636509511,0.052297242247246765,0.769494779599711,strong_specificity,0.75
1.3140163141584555,0.9462121927958892,0.05246059768281556,0.7579783946984069,strong_specificity,0.75
1.4140163141584556,0.9569869188327265,0.052620909758378985,0.7472187082524789,strong_specificity,0.75
1.5140163141584557,0.967735908165433,0.05277833891030101,0.7371563385567491,strong_specificity,0.75
1.6140163141584558,0.9784635776298307,0.052933037170645764,0.7277363448198891,strong_specificity,0.75
1.714016314158456,0.9891741810707614,0.053085148226008634,0.7189079197794954,strong_specificity,0.75
1.814016314158456,0.9998717990696118,0.053234807537780246,0.71062410128415,strong_specificity,0.75
1.914016314158456,1.010560331478912,0.05338214251361833,0.7028415018978872,strong_specificity,0.75
2.014016314158456,1.0212434924336122,0.05352727272080084,0.6955200556081161,strong_specificity,0.75
2.114016314158456,1.0319248075258725,0.05367031013304841,0.6886227807446548,strong_specificity,0.75
2.214016314158456,1.0426076128504322,0.05381135940330977,0.6821155582451148,strong_specificity,0.75
2.314016314158456,1.0532950556497167,0.05395051815588085,0.6759669244303644,strong_specificity,0.75
2.4140163141584563,1.0639900963108604,0.05408787729206209,0.6701478774830787,strong_specificity,0.75
2.5140163141584564,1.074695511490052,0.05422352130433934,0.6646316968523096,strong_specificity,0.75
2.6140163141584565,1.085413898162443,0.05435752859479587,0.6593937748374049,strong_specificity,0.75
2.7140163141584566,1.096147678417887,0.054489971794121836,0.6544114596353002,strong_specificity,0.75
2.8140163141584567,1.106899104843681,0.05462091807818413,0.6496639091660192,strong_specificity,0.75
2.9140163141584567,1.117670266355053,0.054750429479652675,0.6451319550219756,strong_specificity,0.75
3.014016314158457,1.1284630943522518,0.05487856319265314,0.6407979759172107,strong_specificity,0.75
3.114016314158457,1.1392793690996923,0.055005371868832316,0.6366457800428735,strong_specificity,0.75
3.214016314158457,1.150120726237682,0.055130903903585896,0.6326604957649236,strong_specificity,0.75
3.314016314158457,1.1609886633508264,0.055255203711512865,0.6288284701290888,strong_specificity,0.75
3.414016314158457,1.1718845465293433,0.05537831199043054,0.6251371746664481,strong_specificity,0.75
3.5140163141584573,1.1828096168702926,0.05550026597351387,0.6215751180205326,strong_specificity,0.75
3.6140163141584574,1.1937649968752269,0.05562109966931612,0.6181317649434983,strong_specificity,0.75
3.7140163141584575,1.204751696709094,0.05574084408958969,0.6147974612346478,strong_specificity,0.75
3.8140163141584575,1.21577062029248,0.055859527464959056,0.6115633642193368,strong_specificity,0.75
3.9140163141584576,1.226822571205552,0.05597717544860662,0.6084213783900618,strong_specificity,0.75
4.014016314158457,1.2379082583874694,0.05609381130821948,0.6053640958542742,strong_specificity,0.75
4.114016314158457,1.2490283016196437,0.056209456106513775,0.6023847412551874,strong_specificity,0.75
4.214016314158457,1.260183236785146,0.056324128870706355,0.599477120852552,strong_specificity,0.75
4.314016314158456,1.2713735208998675,0.05643784675134247,0.5966355754700666,strong_specificity,0.75
4.414016314158456,1.2825995369137966,0.05655062517091649,0.5938549370347872,strong_specificity,0.75
4.5140163141584555,1.293861598283062,0.05666247796274057,0.5911304884516196,strong_specificity,0.75
4.614016314158455,1.3051599533152705,0.056773417500526675,0.5884579265727476,strong_specificity,0.75
4.714016314158455,1.3164947892921797,0.05688345481915089,0.5858333280376902,strong_specificity,0.75
4.814016314158454,1.327866236374957,0.056992599727067265,0.5832531177746314,strong_specificity,0.75
4.914016314158454,1.3392743712982236,0.057100860910832336,0.5807140399677548,strong_specificity,0.75
5.014016314158454,1.3507192208597973,0.05720824603219185,0.5782131313085689,strong_specificity,0.75
5.114016314158453,1.3622007652135775,0.05731476181816904,0.5757476963616792,strong_specificity,0.75
5.214016314158453,1.3737189409733825,0.057420414144579345,0.5733152848871683,strong_specificity,0.75
5.314016314158453,1.3852736441357791,0.05752520811338076,0.5709136709727284,strong_specificity,0.75
5.414016314158452,1.3968647328300594,0.057629148124251954,0.5685408338389879,strong_specificity,0.75
5.514016314158452,1.4084920299035493,0.0577322379407729,0.5661949401911172,strong_specificity,0.75
5.614016314158452,1.4201553253503727,0.05783448075156453,0.5638743279988216,strong_specificity,0.75
5.714016314158451,1.4318543785916888,0.057935879226726106,0.5615774915952688,strong_specificity,0.75
5.814016314158451,1.4435889206152483,0.05803643556989089,0.5593030679933793,strong_specificity,0.75
5.9140163141584505,1.4553586559819152,0.05813615156620296,0.5570498243252752,strong_specificity,0.75
6.01401631415845,1.467163264706565,0.0582350286265007,0.554816646317547,strong_specificity,0.75
6.11401631415845,1.479002404020518,0.058333067827975676,0.5526025277214056,strong_specificity,0.75
6.2140163141584495,1.490875710022386,0.058430269951559186,0.5504065606227562,strong_specificity,0.75
6.314016314158449,1.5027827992239373,0.05852663551627329,0.5482279265627911,strong_specificity,0.75
6.414016314158449,1.5147232699972926,0.05862216481076791,0.5460658884048735,strong_specificity,0.75
6.514016314158448,1.5266967039294659,0.05871685792225139,0.5439197828882988,strong_specificity,0.75
6.614016314158448,1.538702667089987,0.05881071476300821,0.5417890138139998,strong_specificity,0.75
6.714016314158448,1.5507407112170402,0.058903735094684564,0.5396730458114207,strong_specificity,0.75
6.814016314158447,1.5628103748272797,0.058995918550510285,0.5375713986396529,strong_specificity,0.75
6.914016314158447,1.5749111842542018,0.05908726465561407,0.5354836419795124,strong_specificity,0.75
7.014016314158447,1.5870426546196843,0.05917777284557792,0.5334093906765733,strong_specificity,0.75
7.114016314158446,1.5992042907430442,0.05926744248336651,0.5313483003982574,strong_specificity,0.75
7.214016314158446,1.6113955879917141,0.059356272874757574,0.5293000636709482,strong_specificity,0.75
7.3140163141584456,1.6236160330773939,0.05944426328239021,0.5272644062657508,strong_specificity,0.75
7.414016314158445,1.6358651048013038,0.05953141293853976,0.5252410839039814,strong_specificity,0.75
7.514016314158445,1.6481422747519456,0.05961772105671963,0.5232298792557444,strong_specificity,0.75
7.6140163141584445,1.6604470079585651,0.05970318684220344,0.5212305992070659,strong_specificity,0.75
7.714016314158444,1.6727787635033087,0.05978780950155353,0.5192430723730028,strong_specificity,0.75
7.814016314158444,1.6851369950948778,0.05987158825123573,0.5172671468359477,strong_specificity,0.75
7.914016314158443,1.6975211516063025,0.05995452232539407,0.5153026880900214,strong_specificity,0.75
8.014016314158443,1.7099306775792844,0.06003661098285365,0.5133495771739822,strong_specificity,0.75
8.114016314158443,1.7223650136973996,0.06011785351341459,0.5114077089765049,strong_specificity,0.75
8.214016314158442,1.7348235972302952,0.06019824924349517,0.5094769906989978,strong_specificity,0.75
8.314016314158442,1.7473058624508757,0.06027779754117784,0.5075573404623365,strong_specificity,0.75
8.414016314158442,1.759811241027331,0.060356497820707435,0.5056486860450131,strong_specificity,0.75
8.514016314158441,1.7723391623917408,0.06043434954648732,0.5037509637412301,strong_specificity,0.75
8.614016314158441,1.7848890540868616,0.060511352236615384,0.5018641173284185,strong_specificity,0.75
8.71401631415844,1.797460342092594,0.06058750546599859,0.499988097134537,strong_specificity,0.75
8.81401631415844,1.8100524511335259,0.06066280886908167,0.49812285919631394,strong_specificity,0.75
8.91401631415844,1.822664804968838,0.06073726214222286,0.49626836450033696,strong_specificity,0.75
9.01401631415844,1.8352968266657825,0.060810865045746613,0.4944245782995788,strong_specificity,0.75
9.11401631415844,1.847947938857839,0.06088361740570129,0.49259146949857524,strong_specificity,0.75
9.214016314158439,1.8606175639885911,0.060955519115347065,0.49076901010104995,strong_specificity,0.75
9.314016314158438,1.8733051245422767,0.061026570136397604,0.4889571747143108,strong_specificity,0.75
9.414016314158438,1.8860100432619031,0.061096770500037055,0.4871559401052314,strong_specificity,0.75
9.514016314158438,1.8987317433557507,0.06116612030773198,0.48536528480307717,strong_specificity,0.75
9.614016314158437,1.9114696486930254,0.06123461973185651,0.48358518874484946,strong_specificity,0.75
9.714016314158437,1.9242231839893678,0.06130226901614726,0.4818156329591953,strong_specificity,0.75
9.814016314158437,1.936991774982871,0.06136906847600334,0.48005659928527755,strong_specificity,0.75
9.914016314158436,1.9497748486012114,0.06143501849864548,0.4783080701233179,strong_specificity,0.75
10.014016314158436,1.9625718331204518,0.06150011954314702,0.4765700282138137,strong_specificity,0.75
10.114016314158436,1.9753821583160311,0.06156437214034868,0.4748424564426978,strong_specificity,0.75
10.214016314158435,1.9882052556064214,0.06162777689266783,0.47312533766995135,strong_specificity,0.75
10.314016314158435,2.0010405581898896,0.061690334473812086,0.47141865457940607,strong_specificity,0.75
10.414016314158435,2.013887501174776,0.06175204562840649,0.46972238954767176,strong_specificity,0.75
10.514016314158434,2.026745521703662,0.061812911171542376,0.46803652453031547,strong_specificity,0.75
10.614016314158434,2.039614059071779,0.06187293198825561,0.4663610409635855,strong_specificity,0.75
10.714016314158433,2.0524925548399744,0.061932109032941225,0.46469591968013146,strong_specificity,0.75
10.814016314158433,2.06538045294254,0.06199044332871074,0.463041140837312,strong_specificity,0.75
10.914016314158433,2.0782771997901714,0.06204793596669802,0.46139668385681215,strong_specificity,0.75
11.014016314158432,2.0911822443683112,0.06210458810531908,0.4597625273744103,strong_specificity,0.75
11.114016314158432,2.1040950383311183,0.062160400969490666,0.45813864919884256,strong_specificity,0.75
11.214016314158432,2.117015036091271,0.0622153758498121,0.45652502627881036,strong_specificity,0.75
11.314016314158431,2.1299416949058134,0.06226951410171456,0.4549216346772672,strong_specificity,0.75
11.414016314158431,2.142874474958223,0.06232281714458144,0.453328449552201,strong_specificity,0.75
11.51401631415843,2.15581283943688,0.06237528646084331,0.45174544514320375,strong_specificity,0.75
11.61401631415843,2.168756254610093,0.062426923595050594,0.4501725947631872,strong_specificity,0.75
11.71401631415843,2.181704189897828,0.06247773015292685,0.4486098707946642,strong_specificity,0.75
11.81401631415843,2.194656117940285,0.06252770780040527,0.44705724469007174,strong_specificity,0.75
11.91401631415843,2.2076115146634434,0.06257685826265087,0.4455146869756634,strong_specificity,0.75
12.014016314158429,2.2205698593417016,0.0626251833230705,0.4439821672585416,strong_specificity,0.75
12.114016314158429,2.233530634657714,0.06267268482231275,0.44245965423644695,strong_specificity,0.75
12.214016314158428,2.2464933267595373,0.06271936465725964,0.44094711570995454,strong_specificity,0.75
12.314016314158428,2.2594574253151793,0.06276522478001166,0.439444518596766,strong_specificity,0.75
12.414016314158427,2.2724224235646386,0.06281026719686794,0.43795182894781437,strong_specificity,0.75
12.514016314158427,2.2853878183695246,0.06285449396730268,0.4364690119649286,strong_specificity,0.75
12.614016314158427,2.2983531102603347,0.06289790720293943,0.4349960320198294,strong_specificity,0.75
12.714016314158426,2.3113178034814656,0.06294050906652424,0.43353285267425196,strong_specificity,0.75
12.814016314158426,2.3242814060340273,0.06298230177089881,0.4320794367010118,strong_specificity,0.75
12.914016314158426,2.337243429716528,0.06302328757797472,0.43063574610584876,strong_specificity,0.75
13.014016314158425,2.350203390163495,0.06306346879770956,0.429201742149902,strong_specificity,0.75
13.114016314158425,2.363160806882086,0.06310284778708583,0.4277773853726836,strong_specificity,0.75
13.214016314158425,2.3761152032867563,0.06314142694909344,0.42636263561543347,strong_specificity,0.75
13.314016314158424,2.3890661067320256,0.06317920873171647,0.4249574520447494,strong_specificity,0.75
13.414016314158424,2.4020130485434064,0.06321619562692478,0.4235617931763998,strong_specificity,0.75
13.514016314158424,2.4149555640465366,0.06325239016967125,0.4221756168992347,strong_specificity,0.75
13.614016314158423,2.427893192594566,0.06328779493689497,0.4207988804991215,strong_specificity,0.75
13.714016314158423,2.440825477593844,0.063322412546531,0.4194315406828397,strong_specificity,0.75
13.814016314158422,2.4537519665279457,0.06335624565652712,0.4180735536018767,strong_specificity,0.75
13.914016314158422,2.4666722109800894,0.06338929696386808,0.41672487487607335,strong_specificity,0.75
14.014016314158422,2.4795857666539747,0.06342156920360757,0.4153854596170747,strong_specificity,0.75
14.114016314158421,2.4924921933930886,0.06345306514790831,0.41405526245154606,strong_specificity,0.75
14.214016314158421,2.505391055198514,0.06348378760509069,0.4127342375441201,strong_specificity,0.75
14.31401631415842,2.518281920245279,0.06351373941869008,0.4114223386200451,strong_specificity,0.75
14.41401631415842,2.5311643608972796,0.06354292346652321,0.41011951898750887,strong_specificity,0.75
14.51401631415842,2.544037953720817,0.06357134265976372,0.40882573155961494,strong_specificity,0.75
14.61401631415842,2.5569022794967773,0.06359899994202721,0.4075409288759937,strong_specificity,0.75
14.71401631415842,2.569756923231491,0.06362589828846592,0.40626506312403116,strong_specificity,0.75
14.814016314158419,2.5826014741663026,0.06365204070487328,0.4049980861597024,strong_specificity,0.75
14.914016314158419,2.5954355257858785,0.06367743022679834,0.40373994952799874,strong_specificity,0.75
15.014016314158418,2.6082586758252955,0.06370206991867039,0.4024906044829395,strong_specificity,0.75
15.114016314158418,2.6210705262759246,0.0637259628729338,0.40125000200716154,strong_specificity,0.75
15.214016314158417,2.633870683390154,0.0637491122091932,0.40001809283108114,strong_specificity,0.75
15.314016314158417,2.6466587576849703,0.06377152107336903,0.39879482745162437,strong_specificity,0.75
15.414016314158417,2.6594343639444307,0.06379319263686371,0.3975801561505234,strong_specificity,0.75
15.514016314158416,2.6721971212210565,0.06381413009573837,0.3963740290121777,strong_specificity,0.75
15.614016314158416,2.684946652836169,0.06383433666990014,0.39517639594107995,strong_specificity,0.75
15.714016314158416,2.6976825863792007,0.06385381560230022,0.3939872066788068,strong_specificity,0.75
15.814016314158415,2.7104045537060046,0.06387257015814263,0.3928064108205775,strong_specificity,0.75
15.914016314158415,2.723112190936191,0.06389060362410372,0.3916339578313806,strong_specificity,0.75
16.014016314158415,2.7358051384495137,0.06390791930756248,0.3904697970616745,strong_specificity,0.75
16.114016314158416,2.7484830408813337,0.0639245205358416,0.3893138777626624,strong_specificity,0.75
16.214016314158417,2.7611455471171835,0.06394041065545933,0.3881661491011487,strong_specificity,0.75
16.31401631415842,2.773792310286457,0.06395559303139206,0.38702656017397935,strong_specificity,0.75
16.41401631415842,2.786422987755249,0.06397007104634785,0.38589506002207175,strong_specificity,0.75
16.51401631415842,2.79903724111837,0.06398384810005045,0.3847715976440403,strong_specificity,0.75
16.614016314158423,2.8116347361905523,0.06399692760853433,0.3836561220094218,strong_specificity,0.75
16.714016314158425,2.8242151429968803,0.06400931300345017,0.3825485820715079,strong_specificity,0.75
16.814016314158426,2.8367781357624597,0.06402100773138118,0.3814489267797897,strong_specificity,0.75
16.914016314158427,2.849323392901351,0.06403201525316998,0.3803571050920214,strong_specificity,0.75
17.01401631415843,2.8618505970047883,0.06404233904325607,0.3792730659859092,strong_specificity,0.75
17.11401631415843,2.874359434828704,0.06405198258902382,0.3781967584704318,strong_specificity,0.75
17.21401631415843,2.886849597280582,0.06406094939016102,0.37712813159679975,strong_specificity,0.75
17.314016314158433,2.8993207794056612,0.06406924295802773,0.37606713446905954,strong_specificity,0.75
17.414016314158435,2.9117726803725015,0.0640768668150356,0.37501371625435,strong_specificity,0.75
17.514016314158436,2.924205003457945,0.0640838244940375,0.3739678261928174,strong_specificity,0.75
17.614016314158437,2.936617456031482,0.06409011953772727,0.37292941360719617,strong_specificity,0.75
17.71401631415844,2.9490097495390426,0.06409575549804976,0.3718984279120622,strong_specificity,0.75
17.81401631415844,2.961381599486239,0.06410073593562088,0.3708748186227654,strong_specificity,0.75
17.91401631415844,2.9737327254210695,0.06410506441915774,0.36985853536404867,strong_specificity,0.75
18.014016314158443,2.9860628509161047,0.06410874452491865,0.3688495278783598,strong_specificity,0.75
18.114016314158444,2.998371703550178,0.06411177983615302,0.36784774603386305,strong_specificity,0.75
18.214016314158446,3.0106590148895904,0.06411417394256108,0.3668531398321577,strong_specificity,0.75
18.314016314158447,3.0229245204688557,0.0641159304397632,0.36586565941570937,strong_specificity,0.75
18.41401631415845,3.0351679597709933,0.06411705292877885,0.3648852550750013,strong_specificity,0.75
18.51401631415845,3.047389076207394,0.06411754501551516,0.3639118772554124,strong_specificity,0.75
18.61401631415845,3.0595876170972707,0.06411741031026473,0.36294547656382786,strong_specificity,0.75
18.714016314158453,3.0717633336467083,0.06411665242721298,0.3619860037749892,strong_specificity,0.75
18.814016314158454,3.0839159809273338,0.0641152749839546,0.36103340983758986,strong_specificity,0.75
18.914016314158456,3.096045317854617,0.06411328160101919,0.3600876458801232,strong_specificity,0.75
19.014016314158457,3.108151107165819,0.06411067590140598,0.35914866321648814,strong_specificity,0.75
19.11401631415846,3.120233115397604,0.0641074615101275,0.35821641335135895,strong_specificity,0.75
19.21401631415846,3.132291112863326,0.06410364205376207,0.3572908479853258,strong_specificity,0.75
19.31401631415846,3.144324873630009,0.06409922116001511,0.3563719190198106,strong_specificity,0.75
19.414016314158463,3.156334175495028,0.06409420245728911,0.3554595785617655,strong_specificity,0.75
19.514016314158464,3.1683187999625138,0.06408858957426214,0.35455377892815865,strong_specificity,0.75
19.614016314158466,3.1802785322194835,0.06408238613947483,0.35365447265025307,strong_specificity,0.75
19.714016314158467,3.1922131611117193,0.06407559578092575,0.3527616124776845,strong_specificity,0.75
19.81401631415847,3.2041224791194036,0.06406822212567508,0.3518751513823435,strong_specificity,0.75
19.91401631415847,3.2160062823325237,0.0640602687994563,0.35099504256206665,strong_specificity,0.75
20.01401631415847,3.2278643704260577,0.06405173942629616,0.35012123944414303,strong_specificity,0.75
20.114016314158473,3.2396965466349545,0.06404263762814251,0.34925369568864006,strong_specificity,0.75
20.214016314158474,3.25150261772892,0.06403296702449993,0.3483923651915546,strong_specificity,0.75
20.314016314158476,3.263282393987019,0.06402273123207325,0.3475372020877936,strong_specificity,0.75
20.414016314158477,3.275035689172104,0.06401193386441868,0.3466881607539895,strong_specificity,0.75
20.51401631415848,3.286762320505086,0.06400057853160249,0.34584519581115514,strong_specificity,0.75
20.61401631415848,3.298462108639049,0.06398866883986713,0.3450082621271824,strong_specificity,0.75
20.71401631415848,3.3101348776332293,0.06397620839130481,0.34417731481918956,strong_specificity,0.75
20.814016314158483,3.3217804549268606,0.06396320078353825,0.34335230925572185,strong_specificity,0.75
20.914016314158484,3.3333986713129016,0.06394964960940859,0.34253320105880897,strong_specificity,0.75
21.014016314158486,3.34498936091165,0.06393555845667047,0.3417199461058844,strong_specificity,0.75
21.114016314158487,3.3565523611442547,0.0639209309076939,0.3409125005315706,strong_specificity,0.75
21.21401631415849,3.3680875127061394,0.06390577053917312,0.3401108207293337,strong_specificity,0.75
21.31401631415849,3.3795946595403374,0.06389008092184228,0.33931486335301253,strong_specificity,0.75
21.41401631415849,3.391073648810755,0.06387386562019756,0.3385245853182249,strong_specificity,0.75
21.514016314158493,3.4025243308753663,0.06385712819222611,0.3377399438036554,strong_specificity,0.75
21.614016314158494,3.413946559259352,0.06383987218914129,0.3369608962522287,strong_specificity,0.75
21.714016314158496,3.425340190628186,0.06382210115512439,0.33618740037217143,strong_specificity,0.75
21.814016314158497,3.43670508476068,0.0638038186270726,0.33541941413796666,strong_specificity,0.75
21.9140163141585,3.4480411045219945,0.06378502813435313,0.3346568957912039,strong_specificity,0.75
22.0140163141585,3.45934811583662,0.06376573319856349,0.33389980384132856,strong_specificity,0.75
22.1140163141585,3.4706259876613417,0.06374593733329768,0.33314809706629384,strong_specificity,0.75
22.214016314158503,3.4818745919581855,0.06372564404391841,0.33240173451311833,strong_specificity,0.75
22.314016314158504,3.493093803667364,0.063704856827335,0.33166067549835226,strong_specificity,0.75
22.414016314158506,3.5042835006802187,0.06368357917178709,0.330924879608456,strong_specificity,0.75
22.514016314158507,3.5154435638121675,0.06366181455663397,0.33019430670009303,strong_specificity,0.75
22.61401631415851,3.5265738767756707,0.06363956645214944,0.329468916900341,strong_specificity,0.75
22.71401631415851,3.53767432615321,0.06361683831932206,0.3287486706068233,strong_specificity,0.75
22.81401631415851,3.548744801370297,0.06359363360966094,0.32803352848776357,strong_specificity,0.75
22.914016314158513,3.5597851946685073,0.0635699557650066,0.3273234514819671,strong_specificity,0.75
23.014016314158514,3.570795401078557,0.06354580821734712,0.32661840079873017,strong_specificity,0.75
23.114016314158516,3.581775318393415,0.06352119438863947,0.3259183379176807,strong_specificity,0.75
23.214016314158517,3.5927248471414663,0.06349611769063569,0.325223224588553,strong_specificity,0.75
23.31401631415852,3.6036438905597237,0.06347058152471416,0.3245330228308982,strong_specificity,0.75
23.41401631415852,3.614532354567098,0.06344458928171563,0.3238476949337331,strong_specificity,0.75
23.51401631415852,3.6253901477377304,0.06341814434178408,0.32316720345513017,strong_specificity,0.75
23.614016314158523,3.6362171812743886,0.06339125007421219,0.3224915112217502,strong_specificity,0.75
23.714016314158524,3.6470133689819355,0.06336390983729154,0.3218205813283201,strong_specificity,0.75
23.814016314158525,3.6577786272408725,0.0633361269781672,0.3211543771370581,strong_specificity,0.75
23.914016314158527,3.6685128749809603,0.06330790483269695,0.3204928622770481,strong_specificity,0.75
24.01401631415853,3.6792160336549236,0.06327924672531464,0.3198360006435654,strong_specificity,0.75
24.11401631415853,3.689888027212244,0.06325015596889808,0.3191837563973556,strong_specificity,0.75
24.21401631415853,3.7005287820730404,0.06322063586464097,0.3185360939638686,strong_specificity,0.75
24.314016314158533,3.7111382271020474,0.0631906897019291,0.3178929780324497,strong_specificity,0.75
24.414016314158534,3.7217162935826886,0.0631603207582206,0.3172543735554891,strong_specificity,0.75
24.514016314158535,3.732262915191252,0.06312953229893008,0.31662024574753217,strong_specificity,0.75
24.614016314158537,3.742778027971171,0.06309832757731686,0.3159905600843518,strong_specificity,0.75
24.71401631415854,3.7532615703074104,0.06306670983437695,0.3153652823019842,strong_specificity,0.75
24.81401631415854,3.763713482900965,0.06303468229873886,0.31474437839573055,strong_specificity,0.75
24.91401631415854,3.774133708743471,0.06300224818656307,0.3141278146191252,strong_specificity,0.75
25.014016314158543,3.7845221930919335,0.06296941070144522,0.31351555748287224,strong_specificity,0.75
25.114016314158544,3.7948788834435736,0.06293617303432289,0.31290757375375206,strong_specificity,0.75
25.214016314158545,3.805203729510795,0.06290253836338576,0.31230383045349897,strong_specificity,0.75
25.314016314158547,3.815496683196278,0.06286850985398938,0.3117042948576517,strong_specificity,0.75
25.41401631415855,3.8257576985681965,0.06283409065857223,0.3111089344943776,strong_specificity,0.75
25.51401631415855,3.8359867318355647,0.06279928391657613,0.31051771714327187,strong_specificity,0.75
25.61401631415855,3.846183741323716,0.0627640927543699,0.30993061083413376,strong_specificity,0.75
25.714016314158552,3.856348687449912,0.06272852028517617,0.30934758384572014,strong_specificity,0.75
25.814016314158554,3.86648153269909,0.06269256960900144,0.30876860470447764,strong_specificity,0.75
25.914016314158555,3.876582241599742,0.06265624381256907,0.30819364218325535,strong_specificity,0.75
26.014016314158557,3.8866507806999375,0.06261954596925537,0.30762266529999815,strong_specificity,0.75
26.114016314158558,3.8966871185434844,0.06258247913902863,0.3070556433164222,strong_specificity,0.75
26.21401631415856,3.906691225646231,0.06254504636839103,0.30649254573667395,strong_specificity,0.75
26.31401631415856,3.9166630744725115,0.0625072506903234,0.30593334230597274,strong_specificity,0.75
26.414016314158562,3.926602639411738,0.06246909512423271,0.30537800300923923,strong_specificity,0.75
26.514016314158564,3.9365098967551386,0.062430582675902416,0.3048264980697093,strong_specificity,0.75
26.614016314158565,3.946384824672639,0.06239171633744532,0.3042787979475353,strong_specificity,0.75
26.714016314158567,3.956227403189901,0.06235249908725918,0.303734873338375,strong_specificity,0.75
26.814016314158568,3.966037614165502,0.06231293388998478,0.30319469517196923,strong_specificity,0.75
26.91401631415857,3.975815441268273,0.0622730236964666,0.3026582346107093,strong_specificity,0.75
27.01401631415857,3.985560869954783,0.062232771443715904,0.3021254630481944,strong_specificity,0.75
27.114016314158572,3.995273887446982,0.06219218005487622,0.30159635210778024,strong_specificity,0.75
27.214016314158574,4.004954482709994,0.06215125243919125,0.30107087364111995,strong_specificity,0.75
27.314016314158575,4.014602646430065,0.06210999149197501,0.30054899972669663,strong_specificity,0.75
27.414016314158577,4.02421837099267,0.062068400094584315,0.30003070266835,strong_specificity,0.75
27.514016314158578,4.033801650460771,0.0620264811143934,0.29951595499379663,strong_specificity,0.75
27.61401631415858,4.0433524805532395,0.06198423740477079,0.2990047294531446,strong_specificity,0.75
27.71401631415858,4.052870858623429,0.06194167180505824,0.2984969990174038,strong_specificity,0.75
27.814016314158582,4.062356783637908,0.061898787140551775,0.2979927368769916,strong_specificity,0.75
27.914016314158584,4.071810256155357,0.061855586222484764,0.2974919164402352,strong_specificity,0.75
28.014016314158585,4.081231278305616,0.061812071848012975,0.2969945113318707,strong_specificity,0.75
28.114016314158587,4.090619853768897,0.0617682468002016,0.2965004953915399,strong_specificity,0.75
28.214016314158588,4.099975987755156,0.061724113848014156,0.29600984267228486,strong_specificity,0.75
28.31401631415859,4.109299686983621,0.061679675746303286,0.29552252743904134,strong_specificity,0.75
28.41401631415859,4.118590959662488,0.061634935235803344,0.2950385241671308,strong_specificity,0.75
28.514016314158592,4.12784981546877,0.06158989504312479,0.2945578075407523,strong_specificity,0.75
28.614016314158594,4.13707626552831,0.06154455788075032,0.29408035245147407,strong_specificity,0.75
28.714016314158595,4.146270322395954,0.0614989264470327,0.2936061339967256,strong_specificity,0.75
28.814016314158597,4.155432000035886,0.06145300342619426,0.2931351274782902,strong_specificity,0.75
28.914016314158598,4.164561313802125,0.06140679148832803,0.2926673084007993,strong_specificity,0.75
29.0140163141586,4.173658280419177,0.061360293289400465,0.29220265247022786,strong_specificity,0.75
29.1140163141586,4.182722917962859,0.06131351147125569,0.29174113559239184,strong_specificity,0.75
29.214016314158602,4.191755245841267,0.061266448661621314,0.2912827338714481,strong_specificity,0.75
29.314016314158604,4.200755284775925,0.06121910747411572,0.29082742360839675,strong_specificity,0.75
29.414016314158605,4.2097230567830755,0.061171490508256765,0.2903751812995866,strong_specificity,0.75
29.514016314158606,4.218658585155145,0.061123600349471924,0.2899259836352241,strong_specificity,0.75
29.614016314158608,4.22756189444236,0.06107543956910983,0.2894798074978854,strong_specificity,0.75
29.71401631415861,4.236433010434526,0.06102701072445313,0.28903662996103263,strong_specificity,0.75
29.81401631415861,4.245271960142969,0.06097831635873267,0.2885964282875345,strong_specificity,0.75
29.914016314158612,4.254078771782633,0.060929359001143,0.2881591799281909,strong_specificity,0.75
30.014016314158614,4.262853474754334,0.060880141166859046,0.28772486252026247,strong_specificity,0.75
30.114016314158615,4.271596099627179,0.060830665357054114,0.28729345388600513,strong_specificity,0.75
30.214016314158616,4.280306678121138,0.06078093405891902,0.2868649320312098,strong_specificity,0.75
30.314016314158618,4.288985243089777,0.06073094974568237,0.2864392751437473,strong_specificity,0.75
30.41401631415862,4.297631828503145,0.06068071487663204,0.2860164615921191,strong_specificity,0.75
30.51401631415862,4.306246469430821,0.06063023189713771,0.28559646992401366,strong_specificity,0.75
30.614016314158622,4.314829202025114,0.06057950323867449,0.28517927886486927,strong_specificity,0.75
30.714016314158624,4.323380063504426,0.060528531318847605,0.2847648673164424,strong_specificity,0.75
30.814016314158625,4.331899092136756,0.06047731854141809,0.28435321435538297,strong_specificity,0.75
30.914016314158626,4.340386327223377,0.06042586729632952,0.28394429923181586,strong_specificity,0.75
31.014016314158628,4.348841809082653,0.06037417995973563,0.2835381013679294,strong_specificity,0.75
31.11401631415863,4.3572655790340145,0.060322258894028986,0.2831346003565704,strong_specificity,0.75
31.21401631415863,4.36565767938209,0.0602701064478705,0.28273377595984645,strong_specificity,0.75
31.314016314158632,4.374018153400984,0.06021772495621988,0.28233560810773517,strong_specificity,0.75
31.414016314158633,4.382347045318711,0.060165116740366925,0.28194007689670103,strong_specificity,0.75
31.514016314158635,4.390644400301778,0.06011228410796369,0.2815471625883192,strong_specificity,0.75
31.614016314158636,4.3989102644399205,0.06005922935305747,0.28115684560790694,strong_specificity,0.75
31.714016314158638,4.407144684730982,0.06000595475612461,0.280769106543163,strong_specificity,0.75
31.81401631415864,4.415347709065951,0.059952462584105026,0.2803839261428143,strong_specificity,0.75
31.91401631415864,4.4235193862141395,0.05989875509043758,0.2800012853152707,strong_specificity,0.75
32.01401631415864,4.431659765808511,0.059844834515096104,0.27962116512728746,strong_specificity,0.75
32.11401631415864,4.439768898331155,0.059790703084626196,0.27924354680263597,strong_specificity,0.75
32.21401631415864,4.447846835098911,0.05973636301218271,0.27886841172078225,strong_specificity,0.75
32.31401631415864,4.455893628249131,0.059681816497567874,0.27849574141557387,strong_specificity,0.75
32.414016314158644,4.46390933072559,0.05962706572727012,0.27812551757393483,strong_specificity,0.75
32.514016314158646,4.471893996264544,0.059572112874503494,0.27775772203456894,strong_specificity,0.75
32.61401631415865,4.4798476793809225,0.05951696009924775,0.2773923367866713,strong_specificity,0.75
32.71401631415865,4.487770435354671,0.05946160954828896,0.27702934396864853,strong_specificity,0.75
32.81401631415865,4.495662320217227,0.05940606335526079,0.276668725866847,strong_specificity,0.75
32.91401631415865,4.503523390738146,0.05935032364068624,0.27631046491428984,strong_specificity,0.75
33.01401631415865,4.5113537044118575,0.05929439251202001,0.27595454368942246,strong_specificity,0.75
33.114016314158654,4.519153319444564,0.05923827206369137,0.2756009449148664,strong_specificity,0.75
33.214016314158656,4.526922294741281,0.059181964377147504,0.2752496514561822,strong_specificity,0.75
33.31401631415866,4.534660689893005,0.059125471520897366,0.27490064632064015,strong_specificity,0.75
33.41401631415866,4.542368565164027,0.05906879555055603,0.27455391265600076,strong_specificity,0.75
33.51401631415866,4.5500459814793786,0.059011938508889486,0.27420943374930284,strong_specificity,0.75
33.61401631415866,4.557693000412406,0.058954902425859865,0.2738671930256609,strong_specificity,0.75
33.71401631415866,4.565309684172487,0.058897689318671106,0.27352717404707116,strong_specificity,0.75
33.814016314158664,4.572896095592875,0.05884030119181504,0.2731893605112259,strong_specificity,0.75
33.914016314158665,4.580452298118676,0.05878274003711786,0.2728537362503371,strong_specificity,0.75
34.01401631415867,4.587978355794956,0.058725007833786966,0.2725202852299685,strong_specificity,0.75
34.11401631415867,4.5954743332549794,0.05866710654845823,0.27218899154787624,strong_specificity,0.75
34.21401631415867,4.602940295708574,0.05860903813524353,0.2718598394328585,strong_specificity,0.75
34.31401631415867,4.610376308930628,0.05855080453577871,0.2715328132436138,strong_specificity,0.75
34.41401631415867,4.6177824392497095,0.05849240767927183,0.2712078974676078,strong_specificity,0.75
34.514016314158674,4.625158753536816,0.058433849482551696,0.2708850767199493,strong_specificity,0.75
34.614016314158675,4.632505319194248,0.05837513185011677,0.27056433574227445,strong_specificity,0.75
34.71401631415868,4.639822204144607,0.05831625667418431,0.27024565940163975,strong_specificity,0.75
34.81401631415868,4.647109476819915,0.058257225834739794,0.2699290326894241,strong_specificity,0.75
34.91401631415868,4.654367206150861,0.058198041199586645,0.269614440720239,strong_specificity,0.75
35.01401631415868,4.661595461556168,0.05813870462439615,0.26930186873084766,strong_specificity,0.75
35.11401631415868,4.668794312932072,0.058079217952757695,0.2689913020790927,strong_specificity,0.75
35.214016314158684,4.675963830641939,0.05801958301622914,0.26868272624283257,strong_specificity,0.75
35.314016314158685,4.683104085505981,0.05795980163438751,0.26837612681888623,strong_specificity,0.75
35.41401631415869,4.690215148791105,0.0578998756148798,0.2680714895219866,strong_specificity,0.75
35.51401631415869,4.697297092200871,0.05783980675347406,0.26776880018374266,strong_specificity,0.75
35.61401631415869,4.704349987865567,0.0577795968341106,0.26746804475160973,strong_specificity,0.75
35.71401631415869,4.711373908332405,0.057719247628953425,0.26716920928786836,strong_specificity,0.75
35.81401631415869,4.718368926555823,0.057658760898441797,0.26687227996861174,strong_specificity,0.75
35.914016314158694,4.725335115887906,0.05759813839134198,0.26657724308274144,strong_specificity,0.75
36.014016314158695,4.732272550068918,0.05753738184479911,0.2662840850309714,strong_specificity,0.75
36.1140163141587,4.739181303217943,0.05747649298438923,0.2659927923248405,strong_specificity,0.75
36.2140163141587,4.746061449823643,0.057415473524171416,0.26570335158573327,strong_specificity,0.75
36.3140163141587,4.752913064735121,0.057354325166740085,0.2654157495439087,strong_specificity,0.75
36.4140163141587,4.759736223152889,0.057293049603277336,0.2651299730375376,strong_specificity,0.75
36.5140163141587,4.766531000619955,0.05723164851360545,0.264846009011748,strong_specificity,0.75
36.614016314158704,4.773297473013005,0.057170123566239475,0.2645638445176785,strong_specificity,0.75
36.714016314158705,4.780035716533699,0.05710847641843985,0.26428346671154007,strong_specificity,0.75
36.81401631415871,4.786745807700071,0.057046708716265195,0.2640048628536857,strong_specificity,0.75
36.91401631415871,4.793427823338029,0.05698482209462509,0.2637280203076879,strong_specificity,0.75
37.01401631415871,4.800081840572965,0.05692281817733297,0.2634529265394245,strong_specificity,0.75
37.11401631415871,4.806707936821459,0.05686069857715901,0.26317956911617224,strong_specificity,0.75
37.21401631415871,4.813306189783095,0.05679846489588316,0.26290793570570814,strong_specificity,0.75
37.314016314158714,4.819876677432368,0.05673611872434811,0.26263801407541887,strong_specificity,0.75
37.414016314158715,4.826419478010696,0.05667366164251237,0.2623697920914177,strong_specificity,0.75
37.51401631415872,4.832934670018533,0.05661109521950332,0.26210325771766946,strong_specificity,0.75
37.61401631415872,4.839422332207572,0.05654842101367033,0.26183839901512296,strong_specificity,0.75
37.71401631415872,4.845882543573052,0.05648564057263785,0.26157520414085106,strong_specificity,0.75
37.81401631415872,4.852315383346163,0.05642275543335855,0.2613136613471986,strong_specificity,0.75
37.91401631415872,4.858720930986537,0.05635976712216639,0.26105375898093747,strong_specificity,0.75
38.014016314158724,4.865099266174844,0.0562966771548298,0.2607954854824296,strong_specificity,0.75
38.114016314158725,4.871450468805475,0.0562334870366047,0.26053882938479705,strong_specificity,0.75
38.21401631415873,4.877774618979321,0.05617019826228765,0.26028377931309976,strong_specificity,0.75
38.31401631415873,4.884071796996642,0.05610681231626887,0.26003032398352033,strong_specificity,0.75
38.41401631415873,4.8903420833500295,0.056043330672585295,0.2597784522025566,strong_specificity,0.75
38.51401631415873,4.896585558717456,0.05597975479497356,0.25952815286622083,strong_specificity,0.75
38.61401631415873,4.902802303955419,0.05591608613692295,0.2592794149592468,strong_specificity,0.75
38.714016314158734,4.908992400092167,0.05585232614172834,0.2590322275543033,strong_specificity,0.75
38.814016314158735,4.915155928321019,0.05578847624254304,0.2587865798112152,strong_specificity,0.75
38.91401631415874,4.921292969993767,0.055724537862431624,0.2585424609761918,strong_specificity,0.75
39.01401631415874,4.92740360661417,0.055660512414422665,0.2582998603810613,strong_specificity,0.75
39.11401631415874,4.933487919831527,0.05559640130156144,0.25805876744251294,strong_specificity,0.75
39.21401631415874,4.9395459914343345,0.055532205916962535,0.257819171661346,strong_specificity,0.75
39.31401631415874,4.945577903344037,0.05546792764386242,0.25758106262172514,strong_specificity,0.75
39.414016314158744,4.951583737608848,0.05540356785567191,0.25734442999044305,strong_specificity,0.75
39.514016314158745,4.957563576397662,0.05533912791602854,0.25710926351618957,strong_specificity,0.75
39.61401631415875,4.963517501994044,0.055274609178848896,0.2568755530288275,strong_specificity,0.75
39.71401631415875,4.969445596790299,0.055210012988380824,0.25664328843867495,strong_specificity,0.75
39.81401631415875,4.975347943281624,0.055145340679255556,0.25641245973579474,strong_specificity,0.75
39.91401631415875,4.981224624060335,0.05508059357653975,0.2561830569892896,strong_specificity,0.75
40.01401631415875,4.987075721810178,0.055015772995787394,0.25595507034660453,strong_specificity,0.75
40.114016314158754,4.992901319300708,0.054950880243091665,0.2557284900328349,strong_specificity,0.75
40.214016314158755,4.99870149938176,0.05488591661513661,0.2555033063500416,strong_specificity,0.75
40.314016314158756,5.004476344977974,0.05482088339924878,0.25527950967657215,strong_specificity,0.75
40.41401631415876,5.0102259390834165,0.054755781873448726,0.25505709046638786,strong_specificity,0.75
40.51401631415876,5.015950364756264,0.05469061330650235,0.25483603924839776,strong_specificity,0.75
40.61401631415876,5.021649705113564,0.05462537895797218,0.25461634662579824,strong_specificity,0.75
40.71401631415876,5.027324043326065,0.05456008007826851,0.25439800327541895,strong_specificity,0.75
40.81401631415876,5.032973462613127,0.05449471790870037,0.2541809999470748,strong_specificity,0.75
40.914016314158765,5.038598046237692,0.05442929368152646,0.253965327462924,strong_specificity,0.75
41.014016314158766,5.044197877501339,0.05436380862000583,0.2537509767168318,strong_specificity,0.75
41.11401631415877,5.049773039739392,0.054298263938448554,0.2535379386737404,strong_specificity,0.75
41.21401631415877,5.055323616316114,0.05423266084226616,0.2533262043690449,strong_specificity,0.75
41.31401631415877,5.060849690619957,0.05416700052802197,0.2531157649079744,strong_specificity,0.75
41.41401631415877,5.0663513460588865,0.05410128418348133,0.2529066114649795,strong_specificity,0.75
41.51401631415877,5.071828666055771,0.05403551298766158,0.25269873528312525,strong_specificity,0.75
41.614016314158775,5.07728173404384,0.053969688110882034,0.2524921276734897,strong_specificity,0.75
41.714016314158776,5.082710633462201,0.0539038107148137,0.2522867800145683,strong_specificity,0.75
41.81401631415878,5.088115447751432,0.05383788195252885,0.2520826837516834,strong_specificity,0.75
41.91401631415878,5.0934962603492275,0.05377190296855053,0.25187983039640005,strong_specificity,0.75
42.01401631415878,5.098853154686117,0.05370587489890177,0.25167821152594627,strong_specificity,0.75
42.11401631415878,5.104186214181243,0.0536397988711548,0.2514778187826395,strong_specificity,0.75
42.21401631415878,5.1094955222381975,0.05357367600447995,0.2512786438733181,strong_specificity,0.75
42.314016314158785,5.114781162240927,0.053507507409694524,0.2510806785687783,strong_specificity,0.75
42.414016314158786,5.1200432175496955,0.05344129418931141,0.25088391470321625,strong_specificity,0.75
42.51401631415879,5.125281771497105,0.053375037437587564,0.2506883441736754,strong_specificity,0.75
42.61401631415879,5.130496907384179,0.05330873824057236,0.25049395893949916,strong_specificity,0.75
42.71401631415879,5.1356887084765095,0.053242397676155705,0.25030075102178845,strong_specificity,0.75
42.81401631415879,5.140857258000449,0.05317601681411604,0.25010871250286454,strong_specificity,0.75
42.91401631415879,5.146002639139375,0.05310959671616814,0.24991783552573676,strong_specificity,0.75
43.014016314158795,5.151124935030005,0.05304313843601076,0.24972811229357553,strong_specificity,0.75
43.114016314158796,5.156224228758763,0.052976643019374076,0.2495395350691898,strong_specificity,0.75
43.2140163141588,5.161300603358216,0.052910111504067006,0.2493520961745099,strong_specificity,0.75
43.3140163141588,5.166354141803549,0.052843544920024285,0.24916578799007497,strong_specificity,0.75
43.4140163141588,5.171384927009108,0.05277694428935343,0.24898060295452526,strong_specificity,0.75
43.5140163141588,5.176393041824993,0.052710310626381464,0.24879653356409925,strong_specificity,0.75
43.6140163141588,5.181378569033699,0.05264364493770152,0.24861357237213547,strong_specificity,0.75
43.714016314158805,5.186341591346817,0.0525769482222192,0.24843171198857888,strong_specificity,0.75
43.814016314158806,5.191282191401789,0.05251022147119882,0.2482509450794921,strong_specificity,0.75
43.91401631415881,5.196200451758702,0.05244346566830941,0.2480712643665711,strong_specificity,0.75
44.01401631415881,5.201096454897151,0.05237668178967057,0.24789266262666537,strong_specificity,0.75
44.11401631415881,5.205970283213138,0.05230987080389813,0.24771513269130283,strong_specificity,0.75
44.21401631415881,5.210822019016031,0.05224303367214961,0.24753866744621897,strong_specificity,0.75
44.31401631415881,5.215651744525564,0.0521761713481695,0.24736325983089055,strong_specificity,0.75
44.414016314158815,5.220459541868894,0.052109284778334396,0.24718890283807365,strong_specificity,0.75
44.514016314158816,5.2252454930777,0.05204237490169785,0.24701558951334598,strong_specificity,0.75
44.61401631415882,5.230009680085334,0.05197544265003515,0.24684331295465362,strong_specificity,0.75
44.71401631415882,5.234752184724018,0.051908488947887785,0.24667206631186198,strong_specificity,0.75
44.81401631415882,5.239473088722088,0.05184151471260785,0.2465018427863109,strong_specificity,0.75
44.91401631415882,5.2441724737012825,0.05177452085440216,0.24633263563037402,strong_specificity,0.75
45.01401631415882,5.2488504211740805,0.051707508276376185,0.2461644381470223,strong_specificity,0.75
45.114016314158825,5.253507012541081,0.05164047787457787,0.24599724368939146,strong_specificity,0.75
45.214016314158826,5.258142329088429,0.05157343053804117,0.24583104566035377,strong_specificity,0.75
45.31401631415883,5.262756451985285,0.051506367148829425,0.2456658375120936,strong_specificity,0.75
45.41401631415883,5.267349462281341,0.05143928858207857,0.2455016127456871,strong_specificity,0.75
45.51401631415883,5.271921440904372,0.05137219570604011,0.24533836491068584,strong_specificity,0.75
45.61401631415883,5.276472468657843,0.05130508938212393,0.24517608760470413,strong_specificity,0.75
45.71401631415883,5.281002626218544,0.05123797046494087,0.24501477447301062,strong_specificity,0.75
45.814016314158835,5.285511994134275,0.05117083980234518,0.24485441920812331,strong_specificity,0.75
45.914016314158836,5.290000652821575,0.05110369823547669,0.24469501554940862,strong_specificity,0.75
46.01401631415884,5.294468682563481,0.05103654659880285,0.2445365572826841,strong_specificity,0.75
46.11401631415884,5.298916163507338,0.05096938572016055,0.24437903823982499,strong_specificity,0.75
46.21401631415884,5.303343175662643,0.05090221642079773,0.2442224522983742,strong_specificity,0.75
46.31401631415884,5.307749798898929,0.05083503951541484,0.24406679338115628,strong_specificity,0.75
46.41401631415884,5.312136112943691,0.05076785581220605,0.24391205545589487,strong_specificity,0.75
46.514016314158845,5.316502197380344,0.0507006661129003,0.2437582325348335,strong_specificity,0.75
46.614016314158846,5.320848131646228,0.05063347121280212,0.2436053186743604,strong_specificity,0.75
46.71401631415885,5.325173995030641,0.05056627190083233,0.24345330797463632,strong_specificity,0.75
46.81401631415885,5.3294798666729175,0.05049906895956842,0.2433021945792263,strong_specificity,0.75
46.91401631415885,5.333765825560536,0.05043186316528485,0.24315197267473446,strong_specificity,0.75
47.01401631415885,5.338031950527268,0.05036465528799308,0.24300263649044251,strong_specificity,0.75
47.11401631415885,5.342278320251363,0.05029744609148147,0.24285418029795153,strong_specificity,0.75
47.214016314158854,5.346505013253761,0.05023023633335488,0.24270659841082698,strong_specificity,0.75
47.314016314158856,5.3507121078963555,0.050163026765074205,0.24255988518424726,strong_specificity,0.75
47.41401631415886,5.354899682380272,0.05009581813199559,0.2424140350146553,strong_specificity,0.75
47.51401631415886,5.359067814744194,0.05002861117340954,0.2422690423394136,strong_specificity,0.75
47.61401631415886,5.36321658286272,0.049961406622579786,0.24212490163646233,strong_specificity,0.75
47.71401631415886,5.3673460644447495,0.04989420520678198,0.24198160742398075,strong_specificity,0.75
47.81401631415886,5.371456337031904,0.04982700764734216,0.24183915426005168,strong_specificity,0.75
47.914016314158864,5.375547477996985,0.04975981465967507,0.2416975367423291,strong_specificity,0.75
48.014016314158866,5.379619564542456,0.049692626953322244,0.24155674950770897,strong_specificity,0.75
48.11401631415887,5.383672673698964,0.049625445231989904,0.24141678723200288,strong_specificity,0.75
48.21401631415887,5.387706882323885,0.04955827019358667,0.24127764462961496,strong_specificity,0.75
48.31401631415887,5.391722267099905,0.04949110253026108,0.24113931645322162,strong_specificity,0.75
48.41401631415887,5.395718904533633,0.049423942928438915,0.24100179749345438,strong_specificity,0.75
48.51401631415887,5.399696870954237,0.04935679206886029,0.24086508257858558,strong_specificity,0.75
48.614016314158874,5.403656242512119,0.04928965062661663,0.24072916657421706,strong_specificity,0.75
48.714016314158876,5.407597095177609,0.04922251927118738,0.24059404438297158,strong_specificity,0.75
48.81401631415888,5.4115195047397,0.04915539866647655,0.24045971094418733,strong_specificity,0.75
48.91401631415888,5.4154235468048,0.049088289470849096,0.24032616123361505,strong_specificity,0.75
49.01401631415888,5.4193092967955225,0.049021192337167036,0.24019339026311812,strong_specificity,0.75
49.11401631415888,5.423176829949495,0.04895410791282545,0.24006139308037522,strong_specificity,0.75
49.21401631415888,5.427026221318203,0.048887036839788255,0.23993016476858597,strong_specificity,0.75
49.314016314158884,5.430857545765858,0.04881997975462378,0.23979970044617918,strong_specificity,0.75
49.414016314158886,5.434670877968293,0.04875293728854015,0.23966999526652372,strong_specificity,0.75
49.51401631415889,5.438466292411885,0.04868591006742053,0.23954104441764212,strong_specificity,0.75
49.61401631415889,5.442243863392499,0.04861889871185811,0.23941284312192695,strong_specificity,0.75
49.71401631415889,5.4460036650144685,0.048551903837190914,0.23928538663585955,strong_specificity,0.75
49.81401631415889,5.449745771189589,0.04848492605353648,0.23915867024973145,strong_specificity,0.75
49.91401631415889,5.453470255636145,0.04841796596582627,0.2390326892873685,strong_specificity,0.75
50.014016314158894,5.457177191877962,0.048351024173839977,0.2389074391058574,strong_specificity,0.75
50.114016314158896,5.460866653243476,0.048284101272239525,0.23878291509527458,strong_specificity,0.75
50.2140163141589,5.4645387128648375,0.04821719785060302,0.23865911267841797,strong_specificity,0.75
50.3140163141589,5.468193443677027,0.048150314493458427,0.23853602731054088,strong_specificity,0.75
50.4140163141589,5.471830918417007,0.04808345178031706,0.23841365447908847,strong_specificity,0.75
50.5140163141589,5.475451209622889,0.048016610285706945,0.2382919897034366,strong_specificity,0.75
50.6140163141589,5.479054389633127,0.047949790579205946,0.23817102853463315,strong_specificity,0.75
50.714016314158904,5.482640530585732,0.04788299322547472,0.23805076655514149,strong_specificity,0.75
50.814016314158906,5.486209704417507,0.0478162187842895,0.23793119937858656,strong_specificity,0.75
50.91401631415891,5.489761982863312,0.047749467810574674,0.2378123226495031,strong_specificity,0.75
51.01401631415891,5.493297437455341,0.0476827408544352,0.23769413204308626,strong_specificity,0.75
51.11401631415891,5.49681613952243,0.04761603846118883,0.2375766232649444,strong_specificity,0.75
51.21401631415891,5.500318160189375,0.047549361171398165,0.23745979205085416,strong_specificity,0.75
51.31401631415891,5.503803570376282,0.0474827095209025,0.23734363416651794,strong_specificity,0.75
51.414016314158914,5.507272440797934,0.047416084040849515,0.2372281454073233,strong_specificity,0.75
51.514016314158916,5.510724841963173,0.04734948525772679,0.23711332159810472,strong_specificity,0.75
51.61401631415892,5.51416084417431,0.047282913693393096,0.23699915859290754,strong_specificity,0.75
51.71401631415892,5.517580517526553,0.047216369865109575,0.23688565227475392,strong_specificity,0.75
51.81401631415892,5.520983931907448,0.04714985428557069,0.23677279855541103,strong_specificity,0.75
51.91401631415892,5.524371156996352,0.047083367462935025,0.23666059337516138,strong_specificity,0.75
52.01401631415892,5.52774226226391,0.04701690990085588,0.236549032702575,strong_specificity,0.75
52.114016314158924,5.5310973169715645,0.04695048209851172,0.23643811253428393,strong_specificity,0.75
52.214016314158926,5.5344363901710745,0.046884084550636446,0.23632782889475876,strong_specificity,0.75
52.31401631415893,5.537759550704058,0.04681771774754946,0.23621817783608684,strong_specificity,0.75
52.41401631415893,5.541066867201548,0.046751382175185596,0.23610915543775296,strong_specificity,0.75
52.51401631415893,5.544358408083572,0.04668507831512484,0.2360007578064217,strong_specificity,0.75
52.61401631415893,5.547634241558745,0.046618806644621924,0.23589298107572182,strong_specificity,0.75
52.71401631415893,5.550894435623878,0.046552567636635685,0.2357858214060326,strong_specificity,0.75
52.814016314158934,5.554139058063611,0.04648636175985832,0.23567927498427213,strong_specificity,0.75
52.914016314158935,5.557368176450057,0.046420189478744406,0.23557333802368746,strong_specificity,0.75
53.01401631415894,5.56058185814246,0.04635405125353982,0.23546800676364665,strong_specificity,0.75
53.11401631415894,5.56378017028688,0.04628794754031041,0.2353632774694327,strong_specificity,0.75
53.21401631415894,5.566963179815883,0.04622187879097057,0.2352591464320392,strong_specificity,0.75
53.31401631415894,5.570130953448253,0.046155845453311584,0.23515560996796817,strong_specificity,0.75
53.41401631415894,5.5732835576887165,0.04608984797102987,0.23505266441902917,strong_specificity,0.75
53.514016314158944,5.576421058827688,0.046023886783754984,0.23495030615214074,strong_specificity,0.75
53.614016314158945,5.579543522941024,0.04595796232707752,0.23484853155913324,strong_specificity,0.75
53.71401631415895,5.5826510158897955,0.04589207503257681,0.23474733705655362,strong_specificity,0.75
53.81401631415895,5.585743603320076,0.045826225327848455,0.2346467190854719,strong_specificity,0.75
53.91401631415895,5.58882135066274,0.04576041363653173,0.2345466741112894,strong_specificity,0.75
54.01401631415895,5.591884323133286,0.04569464037833679,0.23444719862354854,strong_specificity,0.75
54.11401631415895,5.594932585731658,0.04562890596907171,0.23434828913574457,strong_specificity,0.75
54.214016314158954,5.5979662032420965,0.0455632108206694,0.23424994218513873,strong_specificity,0.75
54.314016314158955,5.600985240232992,0.04549755534121432,0.23415215433257325,strong_specificity,0.75
54.41401631415896,5.603989761056761,0.045431939934969065,0.23405492216228796,strong_specificity,0.75
54.51401631415896,5.606979829849727,0.04536636500240075,0.23395824228173837,strong_specificity,0.75
54.61401631415896,5.60995551053202,0.0453008309402073,0.23386211132141557,strong_specificity,0.75
54.71401631415896,5.612916866807489,0.0452353381413435,0.2337665259346676,strong_specificity,0.75
54.81401631415896,5.615863962163627,0.04516988699504696,0.2336714827975224,strong_specificity,0.75
54.914016314158964,5.618796859871504,0.0451044778868639,0.23357697860851243,strong_specificity,0.75
55.014016314158965,5.621715622985721,0.04503911119867473,0.2334830100885007,strong_specificity,0.75
55.11401631415897,5.624620314344367,0.044973787308719565,0.23338957398050844,strong_specificity,0.75
55.21401631415897,5.6275109965689945,0.044908506591623515,0.23329666704954416,strong_specificity,0.75
55.31401631415897,5.630387732064607,0.04484326941842184,0.23320428608243438,strong_specificity,0.75
55.41401631415897,5.633250583019653,0.04477807615658495,0.23311242788765574,strong_specificity,0.75
55.51401631415897,5.6360996114060375,0.0447129271700433,0.2330210892951686,strong_specificity,0.75
55.614016314158974,5.638934878979139,0.04464782281921201,0.2329302671562521,strong_specificity,0.75
55.714016314158975,5.641756447277844,0.04458276346101549,0.23283995834334065,strong_specificity,0.75
55.81401631415898,5.6445643776245875,0.04451774944891179,0.23275015974986196,strong_specificity,0.75
55.91401631415898,5.647358731125407,0.04445278113291689,0.23266086829007634,strong_specificity,0.75
56.01401631415898,5.6501395686700056,0.04438785885962875,0.23257208089891745,strong_specificity,0.75
56.11401631415898,5.652906950931827,0.04432298297225131,0.23248379453183446,strong_specificity,0.75
56.21401631415898,5.655660938368142,0.04425815381061825,0.23239600616463565,strong_specificity,0.75
56.314016314158984,5.658401591220141,0.04419337171121667,0.2323087127933332,strong_specificity,0.75
56.414016314158985,5.6611289695130385,0.04412863700721061,0.23222191143398951,strong_specificity,0.75
56.51401631415899,5.663843133056191,0.0440639500284644,0.2321355991225648,strong_specificity,0.75
56.61401631415899,5.66654414144322,0.043999311101565866,0.2320497729147659,strong_specificity,0.75
56.71401631415899,5.669232054052145,0.04393472054984943,0.2319644298858966,strong_specificity,0.75
56.81401631415899,5.67190693004553,0.04387017869341905,0.23187956713070915,strong_specificity,0.75
56.91401631415899,5.674568828370635,0.04380568584917097,0.23179518176325695,strong_specificity,0.75
57.014016314158994,5.677217807759577,0.04374124233081641,0.23171127091674873,strong_specificity,0.75
57.114016314158995,5.6798539267295025,0.04367684844890405,0.23162783174340387,strong_specificity,0.75
57.214016314159,5.682477243582767,0.043612504510842406,0.231544861414309,strong_specificity,0.75
57.314016314159,5.685087816407123,0.04354821082092205,0.23146235711927576,strong_specificity,0.75
57.414016314159,5.687685703075917,0.0434839676803377,0.23138031606669995,strong_specificity,0.75
57.514016314159,5.690270961248297,0.04341977538721018,0.23129873548342167,strong_specificity,0.75
57.614016314159,5.692843648369424,0.043355634236608216,0.23121761261458687,strong_specificity,0.75
57.714016314159004,5.695403821670694,0.04329154452057012,0.23113694472351004,strong_specificity,0.75
57.814016314159005,5.697951538169969,0.043227506528125334,0.23105672909153793,strong_specificity,0.75
57.91401631415901,5.700486854671814,0.04316352054531581,0.23097696301791465,strong_specificity,0.75
58.01401631415901,5.703009827767743,0.04309958685521731,0.2308976438196478,strong_specificity,0.75
58.11401631415901,5.705520513836472,0.04303570573796051,0.23081876883137575,strong_specificity,0.75
58.21401631415901,5.708018969044179,0.04297187747075204,0.23074033540523609,strong_specificity,0.75
58.31401631415901,5.710505249344772,0.04290810232789531,0.23066234091073523,strong_specificity,0.75
58.414016314159014,5.712979410480163,0.042844380580811275,0.230584782734619,strong_specificity,0.75
58.514016314159015,5.715441507980553,0.042780712498059016,0.23050765828074452,strong_specificity,0.75
58.61401631415902,5.717891597164719,0.042717098345356246,0.23043096496995302,strong_specificity,0.75
58.71401631415902,5.720329733140312,0.042653538385599626,0.23035470023994375,strong_specificity,0.75
58.81401631415902,5.722755970804155,0.042590032878885006,0.2302788615451491,strong_specificity,0.75
58.91401631415902,5.7251703648425565,0.042526582082527485,0.23020344635661055,strong_specificity,0.75
59.01401631415902,5.727572969731628,0.04246318625108139,0.23012845216185596,strong_specificity,0.75
59.114016314159024,5.729963839737599,0.0423998456363601,0.2300538764647776,strong_specificity,0.75
59.214016314159025,5.732343028917154,0.04233656048745576,0.22997971678551146,strong_specificity,0.75
59.314016314159026,5.734710591117761,0.04227333105075884,0.2299059706603174,strong_specificity,0.75
59.41401631415903,5.737066579978014,0.04221015756997762,0.22983263564146045,strong_specificity,0.75
59.51401631415903,5.7394110489279795,0.0421470402861575,0.229759709297093,strong_specificity,0.75
59.61401631415903,5.74174405118955,0.0420839794377002,0.229687189211138,strong_specificity,0.75
59.71401631415903,5.7440656397768,0.04202097526038288,0.2296150729831733,strong_specificity,0.75
59.81401631415903,5.746375867496352,0.04195802798737704,0.2295433582283167,strong_specificity,0.75
59.914016314159035,5.748674786947742,0.04189513784926744,0.2294720425771122,strong_specificity,0.75
60.0,5.750642480722979,0.0418411084481718,0.22941104007136656,strong_specificity,0.75
